sku,name,category,subcategory,has_image,description_length,issues
30-110-81,"C-Section Sets",Uncategorized,General,no,34,"no-image; short-desc; uncategorized"
30-105-01,"CAESAREAN SECTION BASIC SET",Uncategorized,General,no,27,"no-image; short-desc; uncategorized"
15-184-00,"Rhoton-Type Needle Straight",Uncategorized,General,no,44,"no-image; short-desc; uncategorized"
27-106-11,"Obwegeser Nasal Ramus Forked Ret",Uncategorized,General,no,41,"no-image; short-desc; uncategorized"
25-254-50,"Dunn Dautrey Posterior Ret",Uncategorized,General,no,48,"no-image; short-desc; uncategorized"
25-122-10,"Molt Mouth Gag",Uncategorized,General,no,33,"no-image; short-desc; uncategorized"
24-411-01,"Nasel speula Adult with lock",Uncategorized,General,no,42,"no-image; short-desc; uncategorized"
24-383-04,"ST",Uncategorized,General,no,40,"no-image; short-desc; uncategorized"
23-296-90,"Socket",Uncategorized,General,no,28,"no-image; short-desc; uncategorized"
23-270-90,"Weights (Pair)",Uncategorized,General,no,31,"no-image; short-desc; uncategorized"
20-198-40,"Breisky Vaginal Speculm",Uncategorized,General,no,43,"no-image; short-desc; uncategorized"
19-204-00,"Knutson-Koch Urethrography Instrument",Uncategorized,General,no,49,"no-image; short-desc; uncategorized"
20-196-20,"Breisky Vaginal Speculm",Uncategorized,General,no,43,"no-image; short-desc; uncategorized"
07-183-18,"Jobson-Horne Applicator",Uncategorized,General,no,30,"no-image; short-desc; uncategorized"
12-216-26,"Wolff Plaster Breaker",Uncategorized,General,no,30,"no-image; short-desc; uncategorized"
02-290-15,"Favaloro",Uncategorized,General,no,36,"no-image; short-desc; uncategorized"
02-168-14,"Reynolds",Uncategorized,General,no,46,"no-image; short-desc; uncategorized"
20-230-98,"20-230-98",Uncategorized,General,no,45,"no-image; short-desc; uncategorized"
24-154-18,"24-154-18",Uncategorized,General,no,32,"no-image; short-desc; uncategorized"
28-306-08,"28-306-08",Uncategorized,General,no,45,"no-image; short-desc; uncategorized"
28-306-09,"28-306-09",Uncategorized,General,no,45,"no-image; short-desc; uncategorized"
21-212-03,"Ovum Forceps",Uncategorized,,no,22,"no-image; short-desc; uncategorized"
25-254-60,"Dunn Dautrey Anterior Ret. 6.5x60mm 14.5cm",Uncategorized,,no,47,"no-image; short-desc; uncategorized"
22-144-03,"Bowman Lacrimal Probe / 1",Uncategorized,,no,40,"no-image; short-desc; uncategorized"
22-144-04,"Bowman Lacrimal Probe / 2",Uncategorized,,no,40,"no-image; short-desc; uncategorized"
22-144-05,"Bowman Lacrimal Probe / 3",Uncategorized,,no,40,"no-image; short-desc; uncategorized"
12-102-18,"12-102-18",Uncategorized,General,no,32,"no-image; short-desc; uncategorized"
12-102-20,"12-102-20",Uncategorized,General,no,30,"no-image; short-desc; uncategorized"
13-260-08,"13-260-08",Uncategorized,General,no,22,"no-image; short-desc; uncategorized"
13-888-08,"13-888-08",Uncategorized,General,no,40,"no-image; short-desc; uncategorized"
13-951-17,"13-951-17",Uncategorized,General,no,44,"no-image; short-desc; uncategorized"
13-951-20,"13-951-20",Uncategorized,General,no,44,"no-image; short-desc; uncategorized"
13-951-22,"13-951-22",Uncategorized,General,no,44,"no-image; short-desc; uncategorized"
14-286-18,"14-286-18",Uncategorized,General,no,49,"no-image; short-desc; uncategorized"
14-504-10,"14-504-10",Uncategorized,General,no,41,"no-image; short-desc; uncategorized"
14-504-15,"14-504-15",Uncategorized,General,no,41,"no-image; short-desc; uncategorized"
14-504-20,"14-504-20",Uncategorized,General,no,41,"no-image; short-desc; uncategorized"
14-504-25,"14-504-25",Uncategorized,General,no,41,"no-image; short-desc; uncategorized"
14-504-30,"14-504-30",Uncategorized,General,no,41,"no-image; short-desc; uncategorized"
14-504-35,"14-504-35",Uncategorized,General,no,41,"no-image; short-desc; uncategorized"
14-504-40,"14-504-40",Uncategorized,General,no,41,"no-image; short-desc; uncategorized"
14-504-45,"14-504-45",Uncategorized,General,no,41,"no-image; short-desc; uncategorized"
14-504-50,"14-504-50",Uncategorized,General,no,41,"no-image; short-desc; uncategorized"
14-504-70,"14-504-70",Uncategorized,General,no,41,"no-image; short-desc; uncategorized"
14-504-90,"14-504-90",Uncategorized,General,no,41,"no-image; short-desc; uncategorized"
14-544-01,"14-544-01",Uncategorized,General,no,42,"no-image; short-desc; uncategorized"
15-154-05,"15-154-05",Uncategorized,General,no,40,"no-image; short-desc; uncategorized"
15-154-07,"15-154-07",Uncategorized,General,no,40,"no-image; short-desc; uncategorized"
18-170-15,"18-170-15",Uncategorized,General,no,44,"no-image; short-desc; uncategorized"
20-316-20,"20-316-20",Uncategorized,General,no,49,"no-image; short-desc; uncategorized"
23-168-30,"23-168-30",Uncategorized,General,no,49,"no-image; short-desc; uncategorized"
23-334-26,"23-334-26",Uncategorized,General,no,44,"no-image; short-desc; uncategorized"
25-122-11,"25-122-11",Uncategorized,General,no,35,"no-image; short-desc; uncategorized"
25-282-02,"25-282-02",Uncategorized,General,no,36,"no-image; short-desc; uncategorized"
28-296-02,"28-296-02",Uncategorized,General,no,42,"no-image; short-desc; uncategorized"
28-296-03,"28-296-03",Uncategorized,General,no,42,"no-image; short-desc; uncategorized"
28-296-04,"28-296-04",Uncategorized,General,no,42,"no-image; short-desc; uncategorized"
28-296-05,"28-296-05",Uncategorized,General,no,42,"no-image; short-desc; uncategorized"
28-296-06,"28-296-06",Uncategorized,General,no,42,"no-image; short-desc; uncategorized"
28-296-07,"28-296-07",Uncategorized,General,no,42,"no-image; short-desc; uncategorized"
28-296-08,"28-296-08",Uncategorized,General,no,42,"no-image; short-desc; uncategorized"
28-296-09,"28-296-09",Uncategorized,General,no,42,"no-image; short-desc; uncategorized"
28-296-10,"28-296-10",Uncategorized,General,no,42,"no-image; short-desc; uncategorized"
28-296-11,"28-296-11",Uncategorized,General,no,43,"no-image; short-desc; uncategorized"
28-296-12,"28-296-12",Uncategorized,General,no,43,"no-image; short-desc; uncategorized"
28-300-02,"28-300-02",Uncategorized,General,no,38,"no-image; short-desc; uncategorized"
28-300-03,"28-300-03",Uncategorized,General,no,38,"no-image; short-desc; uncategorized"
28-300-04,"28-300-04",Uncategorized,General,no,38,"no-image; short-desc; uncategorized"
28-300-05,"28-300-05",Uncategorized,General,no,38,"no-image; short-desc; uncategorized"
28-300-06,"28-300-06",Uncategorized,General,no,38,"no-image; short-desc; uncategorized"
28-300-07,"28-300-07",Uncategorized,General,no,38,"no-image; short-desc; uncategorized"
28-300-08,"28-300-08",Uncategorized,General,no,38,"no-image; short-desc; uncategorized"
28-300-09,"28-300-09",Uncategorized,General,no,38,"no-image; short-desc; uncategorized"
28-300-10,"28-300-10",Uncategorized,General,no,38,"no-image; short-desc; uncategorized"
28-300-11,"28-300-11",Uncategorized,General,no,39,"no-image; short-desc; uncategorized"
28-300-12,"28-300-12",Uncategorized,General,no,39,"no-image; short-desc; uncategorized"
28-306-01,"28-306-01",Uncategorized,General,no,44,"no-image; short-desc; uncategorized"
28-306-02,"28-306-02",Uncategorized,General,no,44,"no-image; short-desc; uncategorized"
28-306-03,"28-306-03",Uncategorized,General,no,44,"no-image; short-desc; uncategorized"
28-306-04,"28-306-04",Uncategorized,General,no,45,"no-image; short-desc; uncategorized"
28-306-05,"28-306-05",Uncategorized,General,no,45,"no-image; short-desc; uncategorized"
28-306-06,"28-306-06",Uncategorized,General,no,45,"no-image; short-desc; uncategorized"
28-306-07,"28-306-07",Uncategorized,General,no,45,"no-image; short-desc; uncategorized"
29-106-P,"29-106-P",Uncategorized,General,no,34,"no-image; short-desc; uncategorized"
29-116-13,"29-116-13",Uncategorized,General,no,48,"no-image; short-desc; uncategorized"
29-141-15,"29-141-15",Uncategorized,General,no,48,"no-image; short-desc; uncategorized"
13-986-04-c,"Depth Gauge",Uncategorized,General,no,54,"no-image; uncategorized"
28-418-45,"Bedpan",Uncategorized,General,no,64,"no-image; uncategorized"
28-414-45,"Bedpan",Uncategorized,General,no,54,"no-image; uncategorized"
03-244-00,"Politzer Ear Specula Set of 4 (Fig",Uncategorized,General,no,51,"no-image; uncategorized"
20-230-16,"20-230-16",Uncategorized,General,no,52,"no-image; uncategorized"
26-198-18,"Brunings Laryngeal tube",Uncategorized,General,no,65,"no-image; uncategorized"
03-246-10,"Boucheron Ear Specula Set of 3 (Fig",Uncategorized,General,no,55,"no-image; uncategorized"
20-230-17,"20-230-17",Uncategorized,General,no,52,"no-image; uncategorized"
20-230-18,"20-230-18",Uncategorized,General,no,52,"no-image; uncategorized"
20-230-19,"20-230-19",Uncategorized,General,no,52,"no-image; uncategorized"
20-230-20,"20-230-20",Uncategorized,General,no,52,"no-image; uncategorized"
15-562-14,"St",Uncategorized,General,no,62,"no-image; uncategorized"
20-230-21,"20-230-21",Uncategorized,General,no,52,"no-image; uncategorized"
20-230-22,"20-230-22",Uncategorized,General,no,52,"no-image; uncategorized"
20-230-23,"20-230-23",Uncategorized,General,no,52,"no-image; uncategorized"
20-230-24,"20-230-24",Uncategorized,General,no,52,"no-image; uncategorized"
20-230-25,"20-230-25",Uncategorized,General,no,52,"no-image; uncategorized"
20-230-26,"20-230-26",Uncategorized,General,no,52,"no-image; uncategorized"
19-184-10,"Metal Catheter",Surgical,Liver.GallBladde.KidneyandUrology,no,40,"no-image; short-desc; generic-category"
19-184-12,"Metal Catheter",Surgical,Liver.GallBladde.KidneyandUrology,no,40,"no-image; short-desc; generic-category"
19-184-14,"Metal Catheter",Surgical,Liver.GallBladde.KidneyandUrology,no,40,"no-image; short-desc; generic-category"
19-184-16,"Metal Catheter",Surgical,Liver.GallBladde.KidneyandUrology,no,40,"no-image; short-desc; generic-category"
23-306-90,"Socket",Uncategorized,General,no,53,"no-image; uncategorized"
23-300-90,"Socket",Uncategorized,General,no,50,"no-image; uncategorized"
20-230-80,"20-230-80",Uncategorized,General,no,98,"no-image; uncategorized"
20-230-84,"20-230-84",Uncategorized,General,no,93,"no-image; uncategorized"
06-656-00,"Vickers Low-Profile Complete",Uncategorized,General,no,75,"no-image; uncategorized"
13-214-04,"Screw driver",Uncategorized,General,no,70,"no-image; uncategorized"
13-183-23,"Wire Cutting Plier",Uncategorized,General,no,93,"no-image; uncategorized"
19-174-10,"Van Buren Urethral Sound",Surgical,Liver.GallBladde.KidneyandUrology,no,42,"no-image; short-desc; generic-category"
19-174-12,"Van Buren Urethral Sound",Surgical,Liver.GallBladde.KidneyandUrology,no,42,"no-image; short-desc; generic-category"
19-174-14,"Van Buren Urethral Sound",Surgical,Liver.GallBladde.KidneyandUrology,no,42,"no-image; short-desc; generic-category"
19-174-16,"Van Buren Urethral Sound",Surgical,Liver.GallBladde.KidneyandUrology,no,42,"no-image; short-desc; generic-category"
19-174-18,"Van Buren Urethral Sound",Surgical,Liver.GallBladde.KidneyandUrology,no,42,"no-image; short-desc; generic-category"
19-174-20,"Van Buren Urethral Sound",Surgical,Liver.GallBladde.KidneyandUrology,no,42,"no-image; short-desc; generic-category"
19-174-22,"Van Buren Urethral Sound",Surgical,Liver.GallBladde.KidneyandUrology,no,42,"no-image; short-desc; generic-category"
19-174-24,"Van Buren Urethral Sound",Surgical,Liver.GallBladde.KidneyandUrology,no,42,"no-image; short-desc; generic-category"
19-174-26,"Van Buren Urethral Sound",Surgical,Liver.GallBladde.KidneyandUrology,no,42,"no-image; short-desc; generic-category"
19-174-28,"Van Buren Urethral Sound",Surgical,Liver.GallBladde.KidneyandUrology,no,42,"no-image; short-desc; generic-category"
19-174-30,"Van Buren Urethral Sound",Surgical,Liver.GallBladde.KidneyandUrology,no,42,"no-image; short-desc; generic-category"
19-174-32,"Van Buren Urethral Sound",Surgical,Liver.GallBladde.KidneyandUrology,no,42,"no-image; short-desc; generic-category"
19-174-34,"Van Buren Urethral Sound",Surgical,Liver.GallBladde.KidneyandUrology,no,42,"no-image; short-desc; generic-category"
19-174-36,"Van Buren Urethral Sound",Surgical,Liver.GallBladde.KidneyandUrology,no,42,"no-image; short-desc; generic-category"
19-176-11,"Guyon Urethral Sound",Surgical,Liver.GallBladde.KidneyandUrology,no,40,"no-image; short-desc; generic-category"
19-176-12,"Guyon Urethral Sound",Surgical,Liver.GallBladde.KidneyandUrology,no,40,"no-image; short-desc; generic-category"
19-176-13,"Guyon Urethral Sound",Surgical,Liver.GallBladde.KidneyandUrology,no,40,"no-image; short-desc; generic-category"
19-176-14,"Guyon Urethral Sound",Surgical,Liver.GallBladde.KidneyandUrology,no,40,"no-image; short-desc; generic-category"
19-176-15,"Guyon Urethral Sound",Surgical,Liver.GallBladde.KidneyandUrology,no,40,"no-image; short-desc; generic-category"
19-176-16,"Guyon Urethral Sound",Surgical,Liver.GallBladde.KidneyandUrology,no,40,"no-image; short-desc; generic-category"
19-176-17,"Guyon Urethral Sound",Surgical,Liver.GallBladde.KidneyandUrology,no,40,"no-image; short-desc; generic-category"
19-176-18,"Guyon Urethral Sound",Surgical,Liver.GallBladde.KidneyandUrology,no,40,"no-image; short-desc; generic-category"
19-176-19,"Guyon Urethral Sound",Surgical,Liver.GallBladde.KidneyandUrology,no,40,"no-image; short-desc; generic-category"
19-176-20,"Guyon Urethral Sound",Surgical,Liver.GallBladde.KidneyandUrology,no,40,"no-image; short-desc; generic-category"
19-176-21,"Guyon Urethral Sound",Surgical,Liver.GallBladde.KidneyandUrology,no,40,"no-image; short-desc; generic-category"
19-176-22,"Guyon Urethral Sound",Surgical,Liver.GallBladde.KidneyandUrology,no,40,"no-image; short-desc; generic-category"
19-176-23,"Guyon Urethral Sound",Surgical,Liver.GallBladde.KidneyandUrology,no,40,"no-image; short-desc; generic-category"
19-176-24,"Guyon Urethral Sound",Surgical,Liver.GallBladde.KidneyandUrology,no,40,"no-image; short-desc; generic-category"
19-176-25,"Guyon Urethral Sound",Surgical,Liver.GallBladde.KidneyandUrology,no,40,"no-image; short-desc; generic-category"
19-176-26,"Guyon Urethral Sound",Surgical,Liver.GallBladde.KidneyandUrology,no,40,"no-image; short-desc; generic-category"
19-176-27,"Guyon Urethral Sound",Surgical,Liver.GallBladde.KidneyandUrology,no,40,"no-image; short-desc; generic-category"
19-176-28,"Guyon Urethral Sound",Surgical,Liver.GallBladde.KidneyandUrology,no,40,"no-image; short-desc; generic-category"
19-176-29,"Guyon Urethral Sound",Surgical,Liver.GallBladde.KidneyandUrology,no,40,"no-image; short-desc; generic-category"
19-176-30,"Guyon Urethral Sound",Surgical,Liver.GallBladde.KidneyandUrology,no,40,"no-image; short-desc; generic-category"
24-143-02,"BLAKESLEY-CASTELNUOVO RHINOFORCE?ll",Uncategorized,General,no,154,"no-image; uncategorized"
20-230-90,"20-230-90",Uncategorized,General,no,98,"no-image; uncategorized"
20-230-94,"20-230-94",Uncategorized,General,no,80,"no-image; uncategorized"
24-162-02,"24-162-02",Uncategorized,General,no,72,"no-image; uncategorized"
24-164-02,"24-164-02",Uncategorized,General,no,74,"no-image; uncategorized"
14-314-20,"DeBakey Vascular Forceps",Uncategorized,,no,61,"no-image; uncategorized"
14-314-24,"DeBakey Vascular Forceps",Uncategorized,,no,61,"no-image; uncategorized"
14-314-30,"DeBakey Vascular Forceps",Uncategorized,,no,61,"no-image; uncategorized"
14-282-30,"Dardik Multi Purpose Vascular Clamp",Surgical,CardiovascularSurgery,no,49,"no-image; short-desc; generic-category"
14-282-45,"Dardik Multi Purpose Vascular Clamp",Surgical,CardiovascularSurgery,no,47,"no-image; short-desc; generic-category"
14-282-90,"Dardik Multi Purpose Vascular Clamp",Surgical,CardiovascularSurgery,no,49,"no-image; short-desc; generic-category"
20-196-25,"Breisky Vaginal Speculm",Surgical,Gynecology,no,43,"no-image; short-desc; generic-category"
20-196-30,"Breisky Vaginal Speculm",Surgical,Gynecology,no,43,"no-image; short-desc; generic-category"
20-196-35,"Breisky Vaginal Speculm",Surgical,Gynecology,no,43,"no-image; short-desc; generic-category"
20-196-40,"Breisky Vaginal Speculm",Surgical,Gynecology,no,43,"no-image; short-desc; generic-category"
28-342-10,"Buckets without Lid",Surgical,Holloware,no,26,"no-image; short-desc; generic-category"
28-342-15,"Buckets without Lid",Surgical,Holloware,no,26,"no-image; short-desc; generic-category"
28-346-10,"Buckets with Stand / Base",Surgical,Holloware,no,40,"no-image; short-desc; generic-category"
28-346-15,"Buckets with Stand / Base",Surgical,Holloware,no,40,"no-image; short-desc; generic-category"
28-344-15,"Buckets with Lid &#038; Stand / Base",Surgical,Holloware,no,38,"no-image; short-desc; generic-category"
23-314-90,"Bakelit base for Tuning Fork ref. 23-314-10",Surgical,Otology,no,43,"no-image; short-desc; generic-category"
03-242-00,"Zollner Ear Specula Set (Fig",Uncategorized,General,no,59,"no-image; uncategorized"
20-230-04,"20-230-04",Uncategorized,General,no,51,"no-image; uncategorized"
20-230-05,"20-230-05",Uncategorized,General,no,51,"no-image; uncategorized"
20-230-06,"20-230-06",Uncategorized,General,no,51,"no-image; uncategorized"
20-230-07,"20-230-07",Uncategorized,General,no,51,"no-image; uncategorized"
20-230-08,"20-230-08",Uncategorized,General,no,51,"no-image; uncategorized"
20-230-09,"20-230-09",Uncategorized,General,no,51,"no-image; uncategorized"
20-230-10,"20-230-10",Uncategorized,General,no,52,"no-image; uncategorized"
02-206-19,"02-206-19",Uncategorized,General,no,68,"no-image; uncategorized"
20-230-11,"20-230-11",Uncategorized,General,no,52,"no-image; uncategorized"
20-230-12,"20-230-12",Uncategorized,General,no,52,"no-image; uncategorized"
06-480-10,"06-480-10",Uncategorized,General,no,54,"no-image; uncategorized"
06-634-40,"06-634-40",Uncategorized,General,no,53,"no-image; uncategorized"
11-166-11,"11-166-11",Uncategorized,General,no,57,"no-image; uncategorized"
20-230-13,"20-230-13",Uncategorized,General,no,52,"no-image; uncategorized"
20-230-14,"20-230-14",Uncategorized,General,no,52,"no-image; uncategorized"
14-286-19,"14-286-19",Uncategorized,General,no,51,"no-image; uncategorized"
14-313-02,"14-313-02",Uncategorized,General,no,51,"no-image; uncategorized"
14-313-03,"14-313-03",Uncategorized,General,no,51,"no-image; uncategorized"
14-313-04,"14-313-04",Uncategorized,General,no,51,"no-image; uncategorized"
14-313-05,"14-313-05",Uncategorized,General,no,51,"no-image; uncategorized"
14-313-06,"14-313-06",Uncategorized,General,no,51,"no-image; uncategorized"
20-230-15,"20-230-15",Uncategorized,General,no,52,"no-image; uncategorized"
14-396-02,"14-396-02",Uncategorized,General,no,54,"no-image; uncategorized"
14-396-03,"14-396-03",Uncategorized,General,no,56,"no-image; uncategorized"
14-396-04,"14-396-04",Uncategorized,General,no,56,"no-image; uncategorized"
14-396-05,"14-396-05",Uncategorized,General,no,56,"no-image; uncategorized"
14-396-20,"14-396-20",Uncategorized,General,no,54,"no-image; uncategorized"
14-396-24,"14-396-24",Uncategorized,General,no,54,"no-image; uncategorized"
14-494-02,"14-494-02",Uncategorized,General,no,56,"no-image; uncategorized"
15-446-02,"15-446-02",Uncategorized,General,no,84,"no-image; uncategorized"
15-446-03,"15-446-03",Uncategorized,General,no,84,"no-image; uncategorized"
15-446-04,"15-446-04",Uncategorized,General,no,84,"no-image; uncategorized"
15-446-05,"15-446-05",Uncategorized,General,no,84,"no-image; uncategorized"
15-446-06,"15-446-06",Uncategorized,General,no,84,"no-image; uncategorized"
15-479-01,"15-479-01",Uncategorized,General,no,116,"no-image; uncategorized"
15-680-02,"15-680-02",Uncategorized,General,no,64,"no-image; uncategorized"
15-680-03,"15-680-03",Uncategorized,General,no,64,"no-image; uncategorized"
15-680-04,"15-680-04",Uncategorized,General,no,64,"no-image; uncategorized"
15-680-05,"15-680-05",Uncategorized,General,no,64,"no-image; uncategorized"
15-680-06,"15-680-06",Uncategorized,General,no,64,"no-image; uncategorized"
15-680-07,"15-680-07",Uncategorized,General,no,64,"no-image; uncategorized"
15-680-08,"15-680-08",Uncategorized,General,no,64,"no-image; uncategorized"
20-230-01,"20-230-01",Uncategorized,General,no,51,"no-image; uncategorized"
20-230-02,"20-230-02",Uncategorized,General,no,51,"no-image; uncategorized"
20-230-03,"20-230-03",Uncategorized,General,no,51,"no-image; uncategorized"
27-230-02,"27-230-02",Uncategorized,General,no,83,"no-image; uncategorized"
27-230-03,"27-230-03",Uncategorized,General,no,83,"no-image; uncategorized"
28-344-10,"Buckets with Lid &#038; Stand / Base",Surgical,Holloware,no,38,"no-image; short-desc; generic-category"
13-287-06,"Stille Osteotome",Orthopedic,Bone Cutters,no,23,"no-image; short-desc"
28-344-08,"Buckets with Lid &#038; Stand / Base",Diagnostic,Reflex Hammers,no,37,"no-image; short-desc"
28-342-08,"Buckets without Lid",Diagnostic,Reflex Hammers,no,25,"no-image; short-desc"
28-246-25,"Scalers Trays",Dental,Diagnostic & Periodontal,no,32,"no-image; short-desc"
15-566-20,"Takahashi Rongeur",Surgical,Neurosurgery.Laminectomy,no,56,"no-image; generic-category"
15-182-00,"45? Hook Semi-Sharp",Neurosurgery,Nerve Hooks,no,49,"no-image; short-desc"
15-168-00,"Rhoton-Type Elevator",Orthopedic,Periosteal Elevators,no,45,"no-image; short-desc"
15-180-00,"Rhoton-Type Hook",Neurosurgery,Nerve Hooks,no,45,"no-image; short-desc"
15-178-00,"Rhoton-Type 90? Hooks Semi-Sharp",Neurosurgery,Nerve Hooks,no,49,"no-image; short-desc"
28-346-08,"Buckets with Stand / Base",Diagnostic,Reflex Hammers,no,39,"no-image; short-desc"
18-142-16,"Doyen-Baby Intestinal Clamp",General Surgery,Clamps,no,42,"no-image; short-desc"
27-103-17,"Piriform Rim Retractor 17cm",General Surgery,Retractors,no,32,"no-image; short-desc"
18-140-16,"Doyen-Baby Intestinal Clamp",General Surgery,Clamps,no,44,"no-image; short-desc"
27-110-22,"Obwegeser Nasal Spine Retractor 10x42mm",General Surgery,Retractors,no,45,"no-image; short-desc"
27-115-08,"Mandibular Channel Retractor 8mm",General Surgery,Retractors,no,38,"no-image; short-desc"
27-116-08,"Obwegesser channel retractor",General Surgery,Retractors,no,44,"no-image; short-desc"
25-467-21,"Horch Zygoma Hook sharp",Neurosurgery,Nerve Hooks,no,35,"no-image; short-desc"
18-182-34,"Payr Intestinal Clamp",General Surgery,Clamps,no,38,"no-image; short-desc"
25-442-02,"Terry Duct Retractor",General Surgery,Retractors,no,33,"no-image; short-desc"
18-180-29,"Payr Intestinal Clamp",General Surgery,Clamps,no,38,"no-image; short-desc"
25-305-26,"Rowe Zygoma Elevator blunt",Orthopedic,Periosteal Elevators,no,40,"no-image; short-desc"
15-170-00,"Rhoton-Type Elevator",Orthopedic,Periosteal Elevators,no,45,"no-image; short-desc"
25-268-18,"Periosteal Elevator",Orthopedic,Periosteal Elevators,no,34,"no-image; short-desc"
25-221-55,"Obwegeser Tissue Ret",General Surgery,Tissue Forceps,no,46,"no-image; short-desc"
04-370-20,"Yasargil Xtended Aneurysm Clip",Neurosurgery,Micro Instruments,no,40,"no-image; short-desc"
15-700-19,"Sickle Knife",Plastic Surgery,Dermatomes,no,42,"no-image; short-desc"
25-161-14,"University of Minnesota Cheek Retractor 14cm",General Surgery,Retractors,no,49,"no-image; short-desc"
15-479-03,"Kerrison Laminectomy Punch",Surgical,Neurosurgery.Laminectomy,no,116,"no-image; generic-category"
24-388-04,"EICKEN-KILLIAN",ENT,Ear & Nasal Speculums,no,21,"no-image; short-desc"
24-335-16,"Aufricht Nasal Hook",Orthopedic,Rasps & Files,no,26,"no-image; short-desc"
24-362-15,"Cottle Alar hooklet",Neurosurgery,Nerve Hooks,no,26,"no-image; short-desc"
22-144-02,"Bowman Lacrimal Probe / 0",General Surgery,Probes,no,41,"no-image; short-desc"
23-542-17,"TROELTSCH PERFORATORS",ENT,Ear & Nasal Forceps,no,21,"no-image; short-desc"
23-373-65,"Tilley Packing Forceps",ENT,Ear & Nasal Forceps,no,22,"no-image; short-desc"
23-314-10,"Konig Tuning Fork",ENT,Diagnostics,no,43,"no-image; short-desc"
04-354-20,"Yasargil Xtended Aneurysm Clip",Neurosurgery,Micro Instruments,no,40,"no-image; short-desc"
04-358-20,"Yasargil Xtended Aneurysm Clip",Neurosurgery,Micro Instruments,no,48,"no-image; short-desc"
04-374-20,"Yasargil Xtended Aneurysm Clip",Neurosurgery,Micro Instruments,no,49,"no-image; short-desc"
04-350-20,"Yasargil Xtended Aneurysm Clip",Neurosurgery,Micro Instruments,no,40,"no-image; short-desc"
20-505-01,"Thomas Uterine Curette",Orthopedic,Bone Curettes,no,44,"no-image; short-desc"
21-212-02,"Ovum Forceps",ENT,Ear & Nasal Forceps,no,25,"no-image; short-desc"
15-479-04,"Kerrison Laminectomy Punch",Surgical,Neurosurgery.Laminectomy,no,116,"no-image; generic-category"
19-140-16,"Spermatic Cord tissue hook",General Surgery,Tissue Forceps,no,33,"no-image; short-desc"
15-479-05,"Kerrison Laminectomy Punch",Surgical,Neurosurgery.Laminectomy,no,116,"no-image; generic-category"
09-225-04,"Fergusson Suction Cannula",General Surgery,Suction Tubes,no,39,"no-image; short-desc"
20-256-33,"Martin Uterine Sound 3 mm",Gynecology,Dilators & Sounds,no,32,"no-image; short-desc"
14-124-32,"Brunner Rib Shear",Cardiovascular,Rib Spreaders,no,39,"no-image; short-desc"
14-282-15,"Dardik Multi Purpose Vascular Clamp",Cardiovascular,Vascular Clamps,no,49,"no-image; short-desc"
13-633-08,"Hohmann bone lever narrow tip 8 mm",Orthopedic,Orthopedic Retractors,no,35,"no-image; short-desc"
13-390-01,"Volkmann Bone Curette",General Surgery,Retractors,no,42,"no-image; short-desc"
13-529-18,"Miller Bone File D/E cross cut 18cm Fig",Orthopedic,Rasps & Files,no,48,"no-image; short-desc"
13-402-01,"Bruns Bone Curette",Orthopedic,Bone Curettes,no,46,"no-image; short-desc"
13-336-20,"Shermann Bone Mallet 4oz",Orthopedic,Mallets,no,36,"no-image; short-desc"
13-265-02,"Partsch Gouge",Orthopedic,Osteotomes & Chisels,no,28,"no-image; short-desc"
13-320-10,"Lambotte Osteotome",Orthopedic,Osteotomes & Chisels,no,42,"no-image; short-desc"
13-263-02,"Partsch Chisel",Orthopedic,Osteotomes & Chisels,no,27,"no-image; short-desc"
12-174-00,"Spare Blade for Stille Plaster Shear (12-172-24)",Orthopedic,Bone Cutters,no,48,"no-image; short-desc"
12-166-00,"Spare Blade for Stille Plaster Shear (12-164-23)",Orthopedic,Bone Cutters,no,48,"no-image; short-desc"
12-170-00,"Spare Blade for Stille Plaster Shear (12-168-37)",Orthopedic,Bone Cutters,no,48,"no-image; short-desc"
06-218-01,"Konig Retractor",General Surgery,Retractors,no,34,"no-image; short-desc"
04-808-08,"Backhaus Towel Clamp",General Surgery,Towel Clamps,no,33,"no-image; short-desc"
04-774-01,"Rogers Haemostatic Forceps",ENT,Ear & Nasal Forceps,no,43,"no-image; short-desc"
04-438-20,"Yasargil Xtended Aneurysm Clip",Neurosurgery,Micro Instruments,no,40,"no-image; short-desc"
04-418-20,"Yasargil Xtended Aneurysm Clip",Neurosurgery,Micro Instruments,no,48,"no-image; short-desc"
04-768-19,"Heaney Haemostatic forceps",ENT,Ear & Nasal Forceps,no,43,"no-image; short-desc"
04-665-16,"Rochester Ochsner Forceps Straight",General Surgery,Hemostatic Forceps,no,41,"no-image; short-desc"
04-448-20,"Yasargil Xtended Aneurysm Clip",Neurosurgery,Micro Instruments,no,49,"no-image; short-desc"
04-416-20,"Yasargil Xtended Aneurysm Clip",Neurosurgery,Micro Instruments,no,48,"no-image; short-desc"
04-446-20,"Yasargil Xtended Aneurysm Clip",Neurosurgery,Micro Instruments,no,48,"no-image; short-desc"
04-758-18,"Negus Haemostatic forceps",ENT,Ear & Nasal Forceps,no,40,"no-image; short-desc"
04-424-20,"Yasargil Xtended Aneurysm Clip",Neurosurgery,Micro Instruments,no,48,"no-image; short-desc"
04-398-20,"Yasargil Xtended Aneurysm Clip",Neurosurgery,Micro Instruments,no,48,"no-image; short-desc"
04-422-20,"Yasargil Xtended Aneurysm Clip",Neurosurgery,Micro Instruments,no,48,"no-image; short-desc"
04-667-14,"Rochester Ochsner Forceps Curved",General Surgery,Hemostatic Forceps,no,39,"no-image; short-desc"
04-444-20,"Yasargil Xtended Aneurysm Clip",Neurosurgery,Micro Instruments,no,48,"no-image; short-desc"
04-460-20,"Yasargil Xtended Aneurysm Clip",Neurosurgery,Micro Instruments,no,48,"no-image; short-desc"
04-392-20,"Yasargil Xtended Aneurysm Clip",Neurosurgery,Micro Instruments,no,48,"no-image; short-desc"
04-608-18,"Kelly-Rankin Haemostatic Forceps",General Surgery,Hemostatic Forceps,no,47,"no-image; short-desc"
04-456-20,"Yasargil Xtended Aneurysm Clip",Neurosurgery,Micro Instruments,no,49,"no-image; short-desc"
04-458-20,"Yasargil Xtended Aneurysm Clip",Neurosurgery,Micro Instruments,no,49,"no-image; short-desc"
04-396-20,"Yasargil Xtended Aneurysm Clip",Neurosurgery,Micro Instruments,no,48,"no-image; short-desc"
04-420-20,"Yasargil Xtended Aneurysm Clip",Neurosurgery,Micro Instruments,no,48,"no-image; short-desc"
04-442-20,"Yasargil Xtended Aneurysm Clip",Neurosurgery,Micro Instruments,no,48,"no-image; short-desc"
04-260-20,"Yasargil Xtended Aneurysm Clip",Neurosurgery,Micro Instruments,no,48,"no-image; short-desc"
04-334-20,"Yasargil Xtended Aneurysm Clip",Neurosurgery,Micro Instruments,no,40,"no-image; short-desc"
03-248-00,"Hartmann Ear Specula Set (Fig",ENT,Ear & Nasal Speculums,no,47,"no-image; short-desc"
04-330-20,"Yasargil Xtended Aneurysm Clip",Neurosurgery,Micro Instruments,no,48,"no-image; short-desc"
04-238-20,"Yasargil Xtended Aneurysm Clip",Neurosurgery,Micro Instruments,no,49,"no-image; short-desc"
04-214-20,"Yasargil Xtended Aneurysm Clip",Neurosurgery,Micro Instruments,no,48,"no-image; short-desc"
04-258-20,"Yasargil Xtended Aneurysm Clip",Neurosurgery,Micro Instruments,no,48,"no-image; short-desc"
04-264-20,"Yasargil Xtended Aneurysm Clip",Neurosurgery,Micro Instruments,no,40,"no-image; short-desc"
04-280-20,"Yasargil Xtended Aneurysm Clip",Neurosurgery,Micro Instruments,no,48,"no-image; short-desc"
04-288-20,"Yasargil Xtended Aneurysm Clip",Neurosurgery,Micro Instruments,no,48,"no-image; short-desc"
03-368-15,"Micro Forceps",Neurosurgery,Micro Instruments,no,47,"no-image; short-desc"
04-284-20,"Yasargil Xtended Aneurysm Clip",Neurosurgery,Micro Instruments,no,48,"no-image; short-desc"
04-262-20,"Yasargil Xtended Aneurysm Clip",Neurosurgery,Micro Instruments,no,40,"no-image; short-desc"
04-232-20,"Yasargil Xtended Aneurysm Clip",Neurosurgery,Micro Instruments,no,48,"no-image; short-desc"
04-216-20,"Yasargil Xtended Aneurysm Clip",Neurosurgery,Micro Instruments,no,49,"no-image; short-desc"
04-208-20,"Yasargil Xtended Aneurysm Clip",Neurosurgery,Micro Instruments,no,48,"no-image; short-desc"
03-360-15,"Micro Forceps",Neurosurgery,Micro Instruments,no,47,"no-image; short-desc"
03-356-15,"Micro Forceps",Neurosurgery,Micro Instruments,no,49,"no-image; short-desc"
04-210-20,"Yasargil Xtended Aneurysm Clip",Neurosurgery,Micro Instruments,no,48,"no-image; short-desc"
04-278-20,"Yasargil Xtended Aneurysm Clip",Neurosurgery,Micro Instruments,no,40,"no-image; short-desc"
04-236-20,"Yasargil Xtended Aneurysm Clip",Neurosurgery,Micro Instruments,no,49,"no-image; short-desc"
04-212-20,"Yasargil Xtended Aneurysm Clip",Neurosurgery,Micro Instruments,no,48,"no-image; short-desc"
04-256-20,"Yasargil Xtended Aneurysm Clip",Neurosurgery,Micro Instruments,no,48,"no-image; short-desc"
04-254-20,"Yasargil Xtended Aneurysm Clip",Neurosurgery,Micro Instruments,no,48,"no-image; short-desc"
02-343-12,"Schuknecht Wire Cutting Scissors",Ophthalmology,Scissors,no,45,"no-image; short-desc"
02-282-45,"Coronary Scissors",Ophthalmology,Scissors,no,46,"no-image; short-desc"
02-282-25,"Coronary Scissors",Ophthalmology,Scissors,no,46,"no-image; short-desc"
02-286-60,"Coronary Scissors",Ophthalmology,Scissors,no,45,"no-image; short-desc"
02-282-60,"Coronary Scissors",Ophthalmology,Scissors,no,46,"no-image; short-desc"
02-404-15,"Micro Scissors",Neurosurgery,Micro Instruments,no,49,"no-image; short-desc"
02-286-25,"Coronary Scissors",Ophthalmology,Scissors,no,45,"no-image; short-desc"
19-178-26,"Guyon Urethral bougies and dilating sounds",Surgical,Liver.GallBladde.KidneyandUrology,no,114,"no-image; generic-category"
02-286-45,"Coronary Scissors",Ophthalmology,Scissors,no,45,"no-image; short-desc"
19-178-28,"Guyon Urethral bougies and dilating sounds",Surgical,Liver.GallBladde.KidneyandUrology,no,114,"no-image; generic-category"
02-286-90,"Coronary Scissors",Ophthalmology,Scissors,no,45,"no-image; short-desc"
02-282-90,"Coronary Scissors",Ophthalmology,Scissors,no,46,"no-image; short-desc"
19-178-30,"Guyon Urethral bougies and dilating sounds",Surgical,Liver.GallBladde.KidneyandUrology,no,114,"no-image; generic-category"
02-584-25,"DeBakey Angled Scissors",General Surgery,Tissue Forceps,no,41,"no-image; short-desc"
19-178-32,"Guyon Urethral bougies and dilating sounds",Surgical,Liver.GallBladde.KidneyandUrology,no,114,"no-image; generic-category"
02-151-20,"Metzenbaum Scissors",General Surgery,Scissors,no,43,"no-image; short-desc"
02-131-14,"Metzenbaum-Fino Scissor  Sharp point",General Surgery,Scissors,no,43,"no-image; short-desc"
15-479-06,"Kerrison Laminectomy Punch",Surgical,Neurosurgery.Laminectomy,no,116,"no-image; generic-category"
19-178-34,"Guyon Urethral bougies and dilating sounds",Surgical,Liver.GallBladde.KidneyandUrology,no,114,"no-image; generic-category"
19-178-36,"Guyon Urethral bougies and dilating sounds",Surgical,Liver.GallBladde.KidneyandUrology,no,114,"no-image; generic-category"
19-178-38,"Guyon Urethral bougies and dilating sounds",Surgical,Liver.GallBladde.KidneyandUrology,no,114,"no-image; generic-category"
19-178-40,"Guyon Urethral bougies and dilating sounds",Surgical,Liver.GallBladde.KidneyandUrology,no,114,"no-image; generic-category"
19-178-42,"Guyon Urethral bougies and dilating sounds",Surgical,Liver.GallBladde.KidneyandUrology,no,114,"no-image; generic-category"
19-178-46,"Guyon Urethral bougies and dilating sounds",Surgical,Liver.GallBladde.KidneyandUrology,no,114,"no-image; generic-category"
19-178-48,"Guyon Urethral bougies and dilating sounds",Surgical,Liver.GallBladde.KidneyandUrology,no,114,"no-image; generic-category"
19-178-50,"Guyon Urethral bougies and dilating sounds",Surgical,Liver.GallBladde.KidneyandUrology,no,114,"no-image; generic-category"
19-178-52,"Guyon Urethral bougies and dilating sounds",Surgical,Liver.GallBladde.KidneyandUrology,no,114,"no-image; generic-category"
19-178-54,"Guyon Urethral bougies and dilating sounds",Surgical,Liver.GallBladde.KidneyandUrology,no,114,"no-image; generic-category"
19-178-56,"Guyon Urethral bougies and dilating sounds",Surgical,Liver.GallBladde.KidneyandUrology,no,114,"no-image; generic-category"
19-178-58,"Guyon Urethral bougies and dilating sounds",Surgical,Liver.GallBladde.KidneyandUrology,no,114,"no-image; generic-category"
19-178-60,"Guyon Urethral bougies and dilating sounds",Surgical,Liver.GallBladde.KidneyandUrology,no,114,"no-image; generic-category"
19-180-09,"Dittel Urethral bougies and dilating sound",Surgical,Liver.GallBladde.KidneyandUrology,no,61,"no-image; generic-category"
19-180-10,"Dittel Urethral bougies and dilating sound",Surgical,Liver.GallBladde.KidneyandUrology,no,62,"no-image; generic-category"
19-180-11,"Dittel Urethral bougies and dilating sound",Surgical,Liver.GallBladde.KidneyandUrology,no,62,"no-image; generic-category"
19-180-12,"Dittel Urethral bougies and dilating sound",Surgical,Liver.GallBladde.KidneyandUrology,no,62,"no-image; generic-category"
19-180-13,"Dittel Urethral bougies and dilating sound",Surgical,Liver.GallBladde.KidneyandUrology,no,62,"no-image; generic-category"
19-180-14,"Dittel Urethral bougies and dilating sound",Surgical,Liver.GallBladde.KidneyandUrology,no,62,"no-image; generic-category"
19-180-15,"Dittel Urethral bougies and dilating sound",Surgical,Liver.GallBladde.KidneyandUrology,no,62,"no-image; generic-category"
19-180-16,"Dittel Urethral bougies and dilating sound",Surgical,Liver.GallBladde.KidneyandUrology,no,62,"no-image; generic-category"
19-180-17,"Dittel Urethral bougies and dilating sound",Surgical,Liver.GallBladde.KidneyandUrology,no,62,"no-image; generic-category"
19-180-18,"Dittel Urethral bougies and dilating sound",Surgical,Liver.GallBladde.KidneyandUrology,no,62,"no-image; generic-category"
19-180-19,"Dittel Urethral bougies and dilating sound",Surgical,Liver.GallBladde.KidneyandUrology,no,62,"no-image; generic-category"
19-180-20,"Dittel Urethral bougies and dilating sound",Surgical,Liver.GallBladde.KidneyandUrology,no,62,"no-image; generic-category"
19-180-21,"Dittel Urethral bougies and dilating sound",Surgical,Liver.GallBladde.KidneyandUrology,no,62,"no-image; generic-category"
19-180-22,"Dittel Urethral bougies and dilating sound",Surgical,Liver.GallBladde.KidneyandUrology,no,62,"no-image; generic-category"
19-180-23,"Dittel Urethral bougies and dilating sound",Surgical,Liver.GallBladde.KidneyandUrology,no,62,"no-image; generic-category"
19-180-24,"Dittel Urethral bougies and dilating sound",Surgical,Liver.GallBladde.KidneyandUrology,no,62,"no-image; generic-category"
19-180-25,"Dittel Urethral bougies and dilating sound",Surgical,Liver.GallBladde.KidneyandUrology,no,62,"no-image; generic-category"
19-180-26,"Dittel Urethral bougies and dilating sound",Surgical,Liver.GallBladde.KidneyandUrology,no,62,"no-image; generic-category"
19-180-27,"Dittel Urethral bougies and dilating sound",Surgical,Liver.GallBladde.KidneyandUrology,no,62,"no-image; generic-category"
19-180-28,"Dittel Urethral bougies and dilating sound",Surgical,Liver.GallBladde.KidneyandUrology,no,62,"no-image; generic-category"
19-180-29,"Dittel Urethral bougies and dilating sound",Surgical,Liver.GallBladde.KidneyandUrology,no,62,"no-image; generic-category"
19-180-30,"Dittel Urethral bougies and dilating sound",Surgical,Liver.GallBladde.KidneyandUrology,no,62,"no-image; generic-category"
19-181-09,"Dittel Urethral bougies and dilating sound",Surgical,Liver.GallBladde.KidneyandUrology,no,71,"no-image; generic-category"
19-181-10,"Dittel Urethral bougies and dilating sound",Surgical,Liver.GallBladde.KidneyandUrology,no,72,"no-image; generic-category"
19-181-11,"Dittel Urethral bougies and dilating sound",Surgical,Liver.GallBladde.KidneyandUrology,no,72,"no-image; generic-category"
19-181-12,"Dittel Urethral bougies and dilating sound",Surgical,Liver.GallBladde.KidneyandUrology,no,72,"no-image; generic-category"
19-181-13,"Dittel Urethral bougies and dilating sound",Surgical,Liver.GallBladde.KidneyandUrology,no,72,"no-image; generic-category"
19-181-14,"Dittel Urethral bougies and dilating sound",Surgical,Liver.GallBladde.KidneyandUrology,no,72,"no-image; generic-category"
19-181-15,"Dittel Urethral bougies and dilating sound",Surgical,Liver.GallBladde.KidneyandUrology,no,72,"no-image; generic-category"
19-181-16,"Dittel Urethral bougies and dilating sound",Surgical,Liver.GallBladde.KidneyandUrology,no,72,"no-image; generic-category"
19-181-17,"Dittel Urethral bougies and dilating sound",Surgical,Liver.GallBladde.KidneyandUrology,no,72,"no-image; generic-category"
19-181-18,"Dittel Urethral bougies and dilating sound",Surgical,Liver.GallBladde.KidneyandUrology,no,72,"no-image; generic-category"
19-181-19,"Dittel Urethral bougies and dilating sound",Surgical,Liver.GallBladde.KidneyandUrology,no,72,"no-image; generic-category"
19-181-20,"Dittel Urethral bougies and dilating sound",Surgical,Liver.GallBladde.KidneyandUrology,no,72,"no-image; generic-category"
19-181-21,"Dittel Urethral bougies and dilating sound",Surgical,Liver.GallBladde.KidneyandUrology,no,72,"no-image; generic-category"
19-181-22,"Dittel Urethral bougies and dilating sound",Surgical,Liver.GallBladde.KidneyandUrology,no,72,"no-image; generic-category"
19-181-23,"Dittel Urethral bougies and dilating sound",Surgical,Liver.GallBladde.KidneyandUrology,no,72,"no-image; generic-category"
19-181-24,"Dittel Urethral bougies and dilating sound",Surgical,Liver.GallBladde.KidneyandUrology,no,72,"no-image; generic-category"
19-181-25,"Dittel Urethral bougies and dilating sound",Surgical,Liver.GallBladde.KidneyandUrology,no,72,"no-image; generic-category"
19-181-26,"Dittel Urethral bougies and dilating sound",Surgical,Liver.GallBladde.KidneyandUrology,no,72,"no-image; generic-category"
19-181-27,"Dittel Urethral bougies and dilating sound",Surgical,Liver.GallBladde.KidneyandUrology,no,72,"no-image; generic-category"
19-181-28,"Dittel Urethral bougies and dilating sound",Surgical,Liver.GallBladde.KidneyandUrology,no,72,"no-image; generic-category"
19-181-29,"Dittel Urethral bougies and dilating sound",Surgical,Liver.GallBladde.KidneyandUrology,no,72,"no-image; generic-category"
19-181-30,"Dittel Urethral bougies and dilating sound",Surgical,Liver.GallBladde.KidneyandUrology,no,72,"no-image; generic-category"
19-182-09,"Dittel Metall bougies and dilating sound",Surgical,Liver.GallBladde.KidneyandUrology,no,66,"no-image; generic-category"
19-182-10,"Dittel Metall bougies and dilating sound",Surgical,Liver.GallBladde.KidneyandUrology,no,67,"no-image; generic-category"
19-182-11,"Dittel Metall bougies and dilating sound",Surgical,Liver.GallBladde.KidneyandUrology,no,67,"no-image; generic-category"
19-182-12,"Dittel Metall bougies and dilating sound",Surgical,Liver.GallBladde.KidneyandUrology,no,67,"no-image; generic-category"
19-182-13,"Dittel Metall bougies and dilating sound",Surgical,Liver.GallBladde.KidneyandUrology,no,67,"no-image; generic-category"
19-182-14,"Dittel Metall bougies and dilating sound",Surgical,Liver.GallBladde.KidneyandUrology,no,67,"no-image; generic-category"
19-182-15,"Dittel Metall bougies and dilating sound",Surgical,Liver.GallBladde.KidneyandUrology,no,67,"no-image; generic-category"
19-182-16,"Dittel Metall bougies and dilating sound",Surgical,Liver.GallBladde.KidneyandUrology,no,67,"no-image; generic-category"
19-182-17,"Dittel Metall bougies and dilating sound",Surgical,Liver.GallBladde.KidneyandUrology,no,67,"no-image; generic-category"
19-182-18,"Dittel Metall bougies and dilating sound",Surgical,Liver.GallBladde.KidneyandUrology,no,67,"no-image; generic-category"
19-182-19,"Dittel Metall bougies and dilating sound",Surgical,Liver.GallBladde.KidneyandUrology,no,67,"no-image; generic-category"
19-182-20,"Dittel Metall bougies and dilating sound",Surgical,Liver.GallBladde.KidneyandUrology,no,67,"no-image; generic-category"
19-182-21,"Dittel Metall bougies and dilating sound",Surgical,Liver.GallBladde.KidneyandUrology,no,67,"no-image; generic-category"
19-182-22,"Dittel Metall bougies and dilating sound",Surgical,Liver.GallBladde.KidneyandUrology,no,67,"no-image; generic-category"
19-182-23,"Dittel Metall bougies and dilating sound",Surgical,Liver.GallBladde.KidneyandUrology,no,67,"no-image; generic-category"
19-182-24,"Dittel Metall bougies and dilating sound",Surgical,Liver.GallBladde.KidneyandUrology,no,67,"no-image; generic-category"
19-182-25,"Dittel Metall bougies and dilating sound",Surgical,Liver.GallBladde.KidneyandUrology,no,67,"no-image; generic-category"
19-182-26,"Dittel Metall bougies and dilating sound",Surgical,Liver.GallBladde.KidneyandUrology,no,67,"no-image; generic-category"
19-182-27,"Dittel Metall bougies and dilating sound",Surgical,Liver.GallBladde.KidneyandUrology,no,67,"no-image; generic-category"
19-182-28,"Dittel Metall bougies and dilating sound",Surgical,Liver.GallBladde.KidneyandUrology,no,67,"no-image; generic-category"
19-182-29,"Dittel Metall bougies and dilating sound",Surgical,Liver.GallBladde.KidneyandUrology,no,67,"no-image; generic-category"
19-182-30,"Dittel Metall bougies and dilating sound",Surgical,Liver.GallBladde.KidneyandUrology,no,67,"no-image; generic-category"
13-118-90,"Hard Drill",Uncategorized,General,yes,6,"no-desc; uncategorized"
13-392-01,"Volkmann Bone Curette",General Surgery,Retractors,no,42,"no-image; short-desc"
15-479-02,"Kerrison Laminectomy Punch",Surgical,Neurosurgery.Laminectomy,no,116,"no-image; generic-category"
14-282-17,"Dardik Multi Purpose Vascular Clamp",Surgical,CardiovascularSurgery,no,52,"no-image; generic-category"
14-317-19,"DeBakey Vascular Forceps",Surgical,CardiovascularSurgery,no,59,"no-image; generic-category"
14-317-25,"DeBakey Vascular Forceps",Surgical,CardiovascularSurgery,no,57,"no-image; generic-category"
14-317-29,"DeBakey Vascular Forceps",Surgical,CardiovascularSurgery,no,59,"no-image; generic-category"
20-497-29,"Rheinstadter Flushing Curette",Surgical,Gynecology,no,64,"no-image; generic-category"
20-497-30,"Rheinstadter Flushing Curette",Surgical,Gynecology,no,63,"no-image; generic-category"
20-505-02,"Thomas Uterine Curette",Orthopedic,Bone Curettes,no,44,"no-image; short-desc"
20-505-03,"Thomas Uterine Curette",Orthopedic,Bone Curettes,no,44,"no-image; short-desc"
20-505-04,"Thomas Uterine Curette",Orthopedic,Bone Curettes,no,44,"no-image; short-desc"
20-505-05,"Thomas Uterine Curette",Orthopedic,Bone Curettes,no,44,"no-image; short-desc"
20-505-06,"Thomas Uterine Curette",Orthopedic,Bone Curettes,no,44,"no-image; short-desc"
28-418-55,"Bedpan",Surgical,Holloware,no,66,"no-image; generic-category"
15-666-48,"Blade for Scoville-Haverfield Retractor 4-prongs",Surgical,Neurosurgery.Laminectomy,no,63,"no-image; generic-category"
15-666-63,"Blade for Scoville-Haverfield Retractor 4-prongs",Surgical,Neurosurgery.Laminectomy,no,63,"no-image; generic-category"
15-666-66,"Blade for Scoville-Haverfield Retractor 4-prongs",Surgical,Neurosurgery.Laminectomy,no,63,"no-image; generic-category"
15-666-82,"Blade for Scoville-Haverfield Retractor 4-prongs",Surgical,Neurosurgery.Laminectomy,no,63,"no-image; generic-category"
15-670-60,"Williams Retractor",Surgical,Neurosurgery.Laminectomy,no,91,"no-image; generic-category"
15-670-70,"Williams Retractor",Surgical,Neurosurgery.Laminectomy,no,91,"no-image; generic-category"
15-672-60,"Williams Retractor",Surgical,Neurosurgery.Laminectomy,no,92,"no-image; generic-category"
15-672-70,"Williams Retractor",Surgical,Neurosurgery.Laminectomy,no,92,"no-image; generic-category"
15-517-18,"Caspar Rongeur",Surgical,Neurosurgery.Laminectomy,no,87,"no-image; generic-category"
15-518-18,"Caspar Rongeur",Surgical,Neurosurgery.Laminectomy,no,85,"no-image; generic-category"
15-519-18,"Caspar Rongeur",Surgical,Neurosurgery.Laminectomy,no,85,"no-image; generic-category"
15-520-18,"Caspar Rongeur",Surgical,Neurosurgery.Laminectomy,no,85,"no-image; generic-category"
15-522-18,"Caspar Rongeur",Surgical,Neurosurgery.Laminectomy,no,86,"no-image; generic-category"
15-523-18,"Caspar Rongeur",Surgical,Neurosurgery.Laminectomy,no,84,"no-image; generic-category"
15-524-18,"Caspar Rongeur",Surgical,Neurosurgery.Laminectomy,no,84,"no-image; generic-category"
15-525-18,"Caspar Rongeur",Surgical,Neurosurgery.Laminectomy,no,84,"no-image; generic-category"
15-527-18,"Caspar Rongeur",Surgical,Neurosurgery.Laminectomy,no,88,"no-image; generic-category"
15-528-18,"Caspar Rongeur",Surgical,Neurosurgery.Laminectomy,no,86,"no-image; generic-category"
15-529-18,"Caspar Rongeur",Surgical,Neurosurgery.Laminectomy,no,86,"no-image; generic-category"
15-530-18,"Caspar Rongeur",Surgical,Neurosurgery.Laminectomy,no,86,"no-image; generic-category"
15-532-18,"Caspar Rongeur",Surgical,Neurosurgery.Laminectomy,no,87,"no-image; generic-category"
15-533-18,"Caspar Rongeur",Surgical,Neurosurgery.Laminectomy,no,85,"no-image; generic-category"
15-534-18,"Caspar Rongeur",Surgical,Neurosurgery.Laminectomy,no,85,"no-image; generic-category"
15-535-18,"Caspar Rongeur",Surgical,Neurosurgery.Laminectomy,no,85,"no-image; generic-category"
15-537-18,"Caspar Rongeur",Surgical,Neurosurgery.Laminectomy,no,86,"no-image; generic-category"
15-538-18,"Caspar Rongeur",Surgical,Neurosurgery.Laminectomy,no,84,"no-image; generic-category"
15-539-18,"Caspar Rongeur",Surgical,Neurosurgery.Laminectomy,no,84,"no-image; generic-category"
15-540-18,"Caspar Rongeur",Surgical,Neurosurgery.Laminectomy,no,84,"no-image; generic-category"
15-556-19,"Oldberg Rongeur",Surgical,Neurosurgery.Laminectomy,no,53,"no-image; generic-category"
15-557-19,"Oldberg Rongeur",Surgical,Neurosurgery.Laminectomy,no,51,"no-image; generic-category"
15-558-19,"Oldberg Rongeur",Surgical,Neurosurgery.Laminectomy,no,51,"no-image; generic-category"
15-563-19,"Takahashi Rongeur",Surgical,Neurosurgery.Laminectomy,no,57,"no-image; generic-category"
15-585-05,"Caspar Rongeur",Surgical,Neurosurgery.Laminectomy,no,59,"no-image; generic-category"
15-585-06,"Caspar Rongeur",Surgical,Neurosurgery.Laminectomy,no,59,"no-image; generic-category"
16-130-04,"Luer Tracheal Tube",Surgical,Tracheotomy,no,78,"no-image; generic-category"
23-156-10,"McGee Micro ear hook",Surgical,Otology,no,60,"no-image; generic-category"
18-184-08,"De Martel-Wolfson Intestinal Anastomosis Clamp",Surgical,Stomach.Intestines.Rectum,no,69,"no-image; generic-category"
16-130-06,"Luer Tracheal Tube",Surgical,Tracheotomy,no,79,"no-image; generic-category"
18-102-12,"Allis Intestinal Forceps",ENT,Ear & Nasal Forceps,no,42,"no-image; short-desc"
18-184-10,"De Martel-Wolfson Intestinal Anastomosis Clamp",Surgical,Stomach.Intestines.Rectum,no,70,"no-image; generic-category"
16-130-07,"Luer Tracheal Tube",Surgical,Tracheotomy,no,81,"no-image; generic-category"
18-100-12,"Allis-Baby Intestinal Forceps",ENT,Ear & Nasal Forceps,no,47,"no-image; short-desc"
16-130-08,"Luer Tracheal Tube",Surgical,Tracheotomy,no,81,"no-image; generic-category"
16-132-01,"Luer Tracheal Tube",Surgical,Tracheotomy,no,82,"no-image; generic-category"
16-132-02,"Luer Tracheal Tube",Surgical,Tracheotomy,no,82,"no-image; generic-category"
16-130-01,"Luer Tracheal Tube",Surgical,Tracheotomy,no,78,"no-image; generic-category"
16-130-03,"Luer Tracheal Tube",Surgical,Tracheotomy,no,78,"no-image; generic-category"
16-130-05,"Luer Tracheal Tube",Surgical,Tracheotomy,no,78,"no-image; generic-category"
16-130-09,"Luer Tracheal Tube",Surgical,Tracheotomy,no,81,"no-image; generic-category"
16-132-04,"Luer Tracheal Tube",Surgical,Tracheotomy,no,82,"no-image; generic-category"
16-132-07,"Luer Tracheal Tube",Surgical,Tracheotomy,no,85,"no-image; generic-category"
16-132-08,"Luer Tracheal Tube",Surgical,Tracheotomy,no,85,"no-image; generic-category"
16-134-02,"Luer Tracheal Tube",Surgical,Tracheotomy,no,85,"no-image; generic-category"
16-134-05,"Luer Tracheal Tube",Surgical,Tracheotomy,no,85,"no-image; generic-category"
16-134-09,"Luer Tracheal Tube",Surgical,Tracheotomy,no,88,"no-image; generic-category"
16-132-03,"Luer Tracheal Tube",Surgical,Tracheotomy,no,82,"no-image; generic-category"
16-132-06,"Luer Tracheal Tube",Surgical,Tracheotomy,no,83,"no-image; generic-category"
16-132-09,"Luer Tracheal Tube",Surgical,Tracheotomy,no,85,"no-image; generic-category"
16-134-01,"Luer Tracheal Tube",Surgical,Tracheotomy,no,85,"no-image; generic-category"
16-134-03,"Luer Tracheal Tube",Surgical,Tracheotomy,no,85,"no-image; generic-category"
16-134-04,"Luer Tracheal Tube",Surgical,Tracheotomy,no,85,"no-image; generic-category"
16-134-06,"Luer Tracheal Tube",Surgical,Tracheotomy,no,86,"no-image; generic-category"
16-134-07,"Luer Tracheal Tube",Surgical,Tracheotomy,no,88,"no-image; generic-category"
16-134-08,"Luer Tracheal Tube",Surgical,Tracheotomy,no,88,"no-image; generic-category"
16-138-01,"Jackson Tracheal Tube",Surgical,Tracheotomy,no,67,"no-image; generic-category"
16-138-02,"Jackson Tracheal Tube",Surgical,Tracheotomy,no,67,"no-image; generic-category"
16-138-03,"Jackson Tracheal Tube",Surgical,Tracheotomy,no,67,"no-image; generic-category"
16-138-04,"Jackson Tracheal Tube",Surgical,Tracheotomy,no,67,"no-image; generic-category"
16-138-06,"Jackson Tracheal Tube",Surgical,Tracheotomy,no,68,"no-image; generic-category"
16-138-08,"Jackson Tracheal Tube",Surgical,Tracheotomy,no,68,"no-image; generic-category"
16-140-03,"Jackson Tracheal Tube",Surgical,Tracheotomy,no,71,"no-image; generic-category"
16-140-04,"Jackson Tracheal Tube",Surgical,Tracheotomy,no,71,"no-image; generic-category"
16-140-06,"Jackson Tracheal Tube",Surgical,Tracheotomy,no,71,"no-image; generic-category"
16-142-01,"Jackson Tracheal Tube",Surgical,Tracheotomy,no,74,"no-image; generic-category"
16-142-02,"Jackson Tracheal Tube",Surgical,Tracheotomy,no,74,"no-image; generic-category"
16-142-04,"Jackson Tracheal Tube",Surgical,Tracheotomy,no,74,"no-image; generic-category"
16-142-09,"Jackson Tracheal Tube",Surgical,Tracheotomy,no,75,"no-image; generic-category"
16-138-05,"Jackson Tracheal Tube",Surgical,Tracheotomy,no,67,"no-image; generic-category"
16-138-07,"Jackson Tracheal Tube",Surgical,Tracheotomy,no,68,"no-image; generic-category"
16-138-09,"Jackson Tracheal Tube",Surgical,Tracheotomy,no,68,"no-image; generic-category"
16-140-01,"Jackson Tracheal Tube",Surgical,Tracheotomy,no,71,"no-image; generic-category"
16-140-02,"Jackson Tracheal Tube",Surgical,Tracheotomy,no,71,"no-image; generic-category"
16-140-05,"Jackson Tracheal Tube",Surgical,Tracheotomy,no,71,"no-image; generic-category"
16-140-08,"Jackson Tracheal Tube",Surgical,Tracheotomy,no,71,"no-image; generic-category"
16-140-09,"Jackson Tracheal Tube",Surgical,Tracheotomy,no,71,"no-image; generic-category"
16-142-03,"Jackson Tracheal Tube",Surgical,Tracheotomy,no,74,"no-image; generic-category"
16-142-05,"Jackson Tracheal Tube",Surgical,Tracheotomy,no,74,"no-image; generic-category"
16-142-06,"Jackson Tracheal Tube",Surgical,Tracheotomy,no,75,"no-image; generic-category"
16-142-07,"Jackson Tracheal Tube",Surgical,Tracheotomy,no,75,"no-image; generic-category"
16-142-08,"Jackson Tracheal Tube",Surgical,Tracheotomy,no,75,"no-image; generic-category"
16-146-01,"Chevalier-Jackson Tracheal Tube",Surgical,Tracheotomy,no,77,"no-image; generic-category"
16-146-05,"Chevalier-Jackson Tracheal Tube",Surgical,Tracheotomy,no,77,"no-image; generic-category"
16-146-06,"Chevalier-Jackson Tracheal Tube",Surgical,Tracheotomy,no,78,"no-image; generic-category"
16-146-08,"Chevalier-Jackson Tracheal Tube",Surgical,Tracheotomy,no,78,"no-image; generic-category"
16-146-10,"Chevalier-Jackson Tracheal Tube",Surgical,Tracheotomy,no,78,"no-image; generic-category"
16-148-10,"Chevalier-Jackson Tracheal Tube",Surgical,Tracheotomy,no,82,"no-image; generic-category"
16-150-10,"Chevalier-Jackson Tracheal Tube",Surgical,Tracheotomy,no,85,"no-image; generic-category"
15-545-18,"Caspar Rongeur",Surgical,Neurosurgery.Laminectomy,no,86,"no-image; generic-category"
16-146-02,"Chevalier-Jackson Tracheal Tube",Surgical,Tracheotomy,no,77,"no-image; generic-category"
16-146-03,"Chevalier-Jackson Tracheal Tube",Surgical,Tracheotomy,no,77,"no-image; generic-category"
16-146-04,"Chevalier-Jackson Tracheal Tube",Surgical,Tracheotomy,no,77,"no-image; generic-category"
16-146-07,"Chevalier-Jackson Tracheal Tube",Surgical,Tracheotomy,no,78,"no-image; generic-category"
16-146-09,"Chevalier-Jackson Tracheal Tube",Surgical,Tracheotomy,no,78,"no-image; generic-category"
16-148-01,"Chevalier-Jackson Tracheal Tube",Surgical,Tracheotomy,no,81,"no-image; generic-category"
16-148-02,"Chevalier-Jackson Tracheal Tube",Surgical,Tracheotomy,no,81,"no-image; generic-category"
16-148-03,"Chevalier-Jackson Tracheal Tube",Surgical,Tracheotomy,no,81,"no-image; generic-category"
16-148-04,"Chevalier-Jackson Tracheal Tube",Surgical,Tracheotomy,no,81,"no-image; generic-category"
16-148-05,"Chevalier-Jackson Tracheal Tube",Surgical,Tracheotomy,no,81,"no-image; generic-category"
16-148-06,"Chevalier-Jackson Tracheal Tube",Surgical,Tracheotomy,no,82,"no-image; generic-category"
16-148-07,"Chevalier-Jackson Tracheal Tube",Surgical,Tracheotomy,no,82,"no-image; generic-category"
16-148-08,"Chevalier-Jackson Tracheal Tube",Surgical,Tracheotomy,no,82,"no-image; generic-category"
16-148-09,"Chevalier-Jackson Tracheal Tube",Surgical,Tracheotomy,no,82,"no-image; generic-category"
16-150-01,"Chevalier-Jackson Tracheal Tube",Surgical,Tracheotomy,no,84,"no-image; generic-category"
16-150-03,"Chevalier-Jackson Tracheal Tube",Surgical,Tracheotomy,no,84,"no-image; generic-category"
16-150-04,"Chevalier-Jackson Tracheal Tube",Surgical,Tracheotomy,no,84,"no-image; generic-category"
16-150-05,"Chevalier-Jackson Tracheal Tube",Surgical,Tracheotomy,no,84,"no-image; generic-category"
16-150-06,"Chevalier-Jackson Tracheal Tube",Surgical,Tracheotomy,no,85,"no-image; generic-category"
16-150-07,"Chevalier-Jackson Tracheal Tube",Surgical,Tracheotomy,no,85,"no-image; generic-category"
16-150-08,"Chevalier-Jackson Tracheal Tube",Surgical,Tracheotomy,no,85,"no-image; generic-category"
16-150-09,"Chevalier-Jackson Tracheal Tube",Surgical,Tracheotomy,no,85,"no-image; generic-category"
15-542-18,"Caspar Rongeur",Surgical,Neurosurgery.Laminectomy,no,88,"no-image; generic-category"
15-543-18,"Caspar Rongeur",Surgical,Neurosurgery.Laminectomy,no,86,"no-image; generic-category"
15-544-18,"Caspar Rongeur",Surgical,Neurosurgery.Laminectomy,no,86,"no-image; generic-category"
16-130-02,"Luer Tracheal Tube",Surgical,Tracheotomy,no,78,"no-image; generic-category"
16-140-07,"Jackson Tracheal Tube",Surgical,Tracheotomy,no,71,"no-image; generic-category"
16-150-02,"Chevalier-Jackson Tracheal Tube",Surgical,Tracheotomy,no,84,"no-image; generic-category"
19-178-44,"Guyon Urethral bougies and dilating sounds",Surgical,Liver.GallBladde.KidneyandUrology,no,114,"no-image; generic-category"
06-138-07,"Joseph Mucosa Hooklet",Orthopedic,Periosteal Elevators,no,52,"no-image"
13-397-04h,"Volkmann Bone Spoon Fig",General Surgery,Retractors,no,56,"no-image"
30-114-15,"MC Sets Reusable Instruments",Uncategorized,General,yes,28,"short-desc; uncategorized"
30-112-55,"Hysterectomy Set",Uncategorized,General,yes,36,"short-desc; uncategorized"
30-102-01,"TRACHEOSTOMY KIT",Uncategorized,General,yes,16,"short-desc; uncategorized"
30-104-02,"BASIC ENT KIT",Uncategorized,General,yes,13,"short-desc; uncategorized"
29-120-19,"Dissecting Kit &#8211; Set of 19 Pcs (Packed in Pouch)",Uncategorized,General,yes,48,"short-desc; uncategorized"
29-130-35,"Dissecting Kit &#8211; Set of 35 Pcs (Packed in Pouch)",Uncategorized,General,yes,48,"short-desc; uncategorized"
29-136-42,"Dissecting Kit &#8211; Set of 42 Pcs (Packed in Pouch)",Uncategorized,General,yes,48,"short-desc; uncategorized"
29-106-09,"Dissecting Kit &#8211; Set of 9 Pcs (Packed in Pouch)",Uncategorized,General,yes,47,"short-desc; uncategorized"
29-126-20,"Dissecting Kit &#8211; Set of 20 Pcs (Packed in Pouch)",Uncategorized,General,yes,48,"short-desc; uncategorized"
29-110-13,"Dissecting Kit &#8211; Set of 13 Pcs (Packed in Pouch)",Uncategorized,General,yes,48,"short-desc; uncategorized"
23-496-15,"Zaufal Foreign Body Lever",Uncategorized,General,yes,32,"short-desc; uncategorized"
29-100-09,"Dissecting Kit &#8211; Set of 9 Pcs (Packed in Pouch)",Uncategorized,General,yes,47,"short-desc; uncategorized"
13-334-30,"Cobb Periosteal Raspatories 19 mm tip with bakelite handle 3",Orthopedic,Osteotomes & Chisels,no,63,"no-image"
28-188-00,"Cotton Dispensers Stainless Steel",Uncategorized,General,yes,33,"short-desc; uncategorized"
28-148-30,"Lester Pumice Cup",Uncategorized,General,yes,24,"short-desc; uncategorized"
27-278-01,"Marchac Frontal template",Uncategorized,General,yes,37,"short-desc; uncategorized"
15-194-00,"Rhoton-Type Ball Dissectors",ENT,Mouth & Throat,no,55,"no-image"
15-207-09,"Handle with Chuck",Uncategorized,General,yes,48,"short-desc; uncategorized"
15-176-00,"Rhoton-Type Spatula Dissectors Large",Neurosurgery,Micro Instruments,no,53,"no-image"
28-404-72,"Bedpan",Uncategorized,General,yes,25,"short-desc; uncategorized"
28-382-01,"Petri Dish",Uncategorized,General,yes,24,"short-desc; uncategorized"
28-364-10,"Needle Case",Uncategorized,General,yes,29,"short-desc; uncategorized"
27-222-16,"Tessier Trocar",Uncategorized,General,yes,31,"short-desc; uncategorized"
28-330-01,"Measuring Jug",Uncategorized,General,yes,21,"short-desc; uncategorized"
28-190-00,"Cotton Dispensers Stainless Steel",Uncategorized,General,yes,33,"short-desc; uncategorized"
28-200-13,"Spare wicks Round  (pack of 5)",Uncategorized,General,yes,35,"short-desc; uncategorized"
27-280-80,"Marchac Caliper",Uncategorized,General,yes,38,"short-desc; uncategorized"
28-372-00,"Needle Case Compelete",Uncategorized,General,yes,21,"short-desc; uncategorized"
15-208-08,"Handle with Chuck",Uncategorized,General,yes,47,"short-desc; uncategorized"
06-134-02,"Joseph Mucosa Hooklet",Orthopedic,Periosteal Elevators,no,52,"no-image"
28-120-16,"Bur Holding Tweezer",Uncategorized,General,yes,28,"short-desc; uncategorized"
28-378-10,"Funnel",Uncategorized,General,yes,19,"short-desc; uncategorized"
28-240-01,"Medicine Cup",Uncategorized,General,yes,24,"short-desc; uncategorized"
27-302-17,"Marchac Bone expander",Uncategorized,General,yes,30,"short-desc; uncategorized"
28-198-13,"Spare wicks Flat  (pack of 5)",Uncategorized,General,yes,34,"short-desc; uncategorized"
28-360-17,"Needle Case",Uncategorized,General,yes,30,"short-desc; uncategorized"
15-190-00,"Rhoton-Type Ball Dissectors",ENT,Mouth & Throat,no,55,"no-image"
27-218-21,"Tessier Awl",Uncategorized,General,yes,28,"short-desc; uncategorized"
15-172-00,"Rhoton-Type Spatula Dissectors Small",Neurosurgery,Micro Instruments,no,53,"no-image"
28-368-50,"Needle Cases Plain",Uncategorized,General,yes,36,"short-desc; uncategorized"
28-196-12,"Spirit Lamp 120 cc",Uncategorized,General,yes,18,"short-desc; uncategorized"
28-236-01,"Wash Basin",Uncategorized,General,yes,23,"short-desc; uncategorized"
28-362-17,"Needle Case Sauerbruch",Uncategorized,General,yes,41,"short-desc; uncategorized"
15-196-00,"Rhoton-Type Ball Dissectors",ENT,Mouth & Throat,no,55,"no-image"
28-242-60,"Medicine Cup (Graduated)",Uncategorized,General,yes,37,"short-desc; uncategorized"
28-192-12,"Spirit Lamp 120 cc",Uncategorized,General,yes,18,"short-desc; uncategorized"
15-192-00,"Rhoton-Type Ball Dissectors",ENT,Mouth & Throat,no,57,"no-image"
15-198-00,"Rhoton-Type Ball Dissectors",ENT,Mouth & Throat,no,55,"no-image"
15-162-01,"Rhoton-Type Dissectors",ENT,Mouth & Throat,no,54,"no-image"
14-142-02,"Cooley Rib Retractor",General Surgery,Retractors,no,87,"no-image"
28-336-01,"Measuring Jug",Uncategorized,General,yes,35,"short-desc; uncategorized"
27-220-16,"Tessier Awl",Uncategorized,General,yes,30,"short-desc; uncategorized"
28-194-12,"Spirit Lamp 120 cc",Uncategorized,General,yes,18,"short-desc; uncategorized"
28-146-00,"Endometer Laser etched",Uncategorized,General,yes,23,"short-desc; uncategorized"
28-118-00,"Mesh Burs Holder",Uncategorized,General,yes,32,"short-desc; uncategorized"
27-154-23,"Obwegesser Maxillary Mobilizer",Uncategorized,General,yes,44,"short-desc; uncategorized"
27-158-17,"Obwegesser Maxillary Awl",Uncategorized,General,yes,33,"short-desc; uncategorized"
27-156-15,"Obwegesser Maxillary Awl",Uncategorized,General,yes,31,"short-desc; uncategorized"
28-300-01,"Electric Sterilizer",Uncategorized,General,yes,38,"short-desc; uncategorized"
26-120-18,"Cleft Palate Instrument",Uncategorized,General,yes,36,"short-desc; uncategorized"
25-426-14,"Terry Ramus Pusher",Uncategorized,General,yes,25,"short-desc; uncategorized"
17-128-09,"Schamberg Comedone Extractor",Uncategorized,General,yes,36,"short-desc; uncategorized"
17-102-13,"Vidal Lupus scraper",Uncategorized,General,yes,26,"short-desc; uncategorized"
26-122-18,"Cleft Palate Instrument",Uncategorized,General,yes,37,"short-desc; uncategorized"
17-130-16,"Katsch Comedone Extractor",Uncategorized,General,yes,32,"short-desc; uncategorized"
26-108-18,"Salyer cleft palate instrument",Uncategorized,General,yes,37,"short-desc; uncategorized"
17-124-11,"Saalfeld Comedone Extractor",Uncategorized,General,yes,34,"short-desc; uncategorized"
16-146-00,"Chevalier-Jackson Tracheal Tube",General Surgery,Retractors,no,77,"no-image"
26-160-17,"Luniatschek Gauze Packer",Uncategorized,General,yes,46,"short-desc; uncategorized"
16-142-00,"Jackson Tracheal Tube",General Surgery,Retractors,no,74,"no-image"
17-132-11,"Unna-Vidal Comedone Extractor",Uncategorized,General,yes,36,"short-desc; uncategorized"
17-120-14,"Unna Comedone Extractor",Uncategorized,General,yes,32,"short-desc; uncategorized"
16-150-00,"Chevalier-Jackson Tracheal Tube",General Surgery,Retractors,no,84,"no-image"
26-162-17,"Luniatschek Gauze Packer",Uncategorized,General,yes,46,"short-desc; uncategorized"
25-430-17,"Terry Wire Introducer",Uncategorized,General,yes,38,"short-desc; uncategorized"
16-140-00,"Jackson Tracheal Tube",General Surgery,Retractors,no,71,"no-image"
25-444-17,"Turvey Palatal Expander",Uncategorized,General,yes,30,"short-desc; uncategorized"
25-418-23,"Smith Ramus separator",Uncategorized,General,yes,30,"short-desc; uncategorized"
25-460-18,"Steinhauser Reposition Instrument",Uncategorized,General,yes,40,"short-desc; uncategorized"
25-434-14,"Terry occlusal wegde small",Uncategorized,General,yes,33,"short-desc; uncategorized"
18-186-03,"Brinkerhoff Rectal Speculum",ENT,Ear & Nasal Speculums,no,50,"no-image"
16-148-00,"Chevalier-Jackson Tracheal Tube",General Surgery,Retractors,no,81,"no-image"
17-122-14,"Unna Comedone Extractor",Uncategorized,General,yes,30,"short-desc; uncategorized"
16-138-00,"Jackson Tracheal Tube",General Surgery,Retractors,no,67,"no-image"
15-174-00,"Rhoton-Type Spatula Dissectors Medium",Neurosurgery,Micro Instruments,no,54,"no-image"
15-166-03,"Rhoton-Type Dissectors",ENT,Mouth & Throat,no,54,"no-image"
17-126-14,"Saalfeld Comedone Extractor",Uncategorized,General,yes,36,"short-desc; uncategorized"
15-106-33,"De Martel Wire Saw Guide",Uncategorized,General,yes,31,"short-desc; uncategorized"
15-125-11,"Love",Uncategorized,General,yes,46,"short-desc; uncategorized"
15-107-07,"Drill Point",Uncategorized,General,yes,27,"short-desc; uncategorized"
25-312-20,"Eckelt Plate-pulling instrument",Uncategorized,General,yes,38,"short-desc; uncategorized"
15-124-17,"Love",Uncategorized,General,yes,48,"short-desc; uncategorized"
15-110-00,"Crutchfield Skull Traction Tong",Uncategorized,General,yes,47,"short-desc; uncategorized"
15-100-30,"Wire Saw",Uncategorized,General,yes,22,"short-desc; uncategorized"
14-510-18,"Intima Spatul",Uncategorized,General,yes,22,"short-desc; uncategorized"
15-164-02,"Rhoton-Type Dissectors",ENT,Mouth & Throat,no,54,"no-image"
15-103-01,"Gigli Wire saw handle",Uncategorized,General,yes,21,"short-desc; uncategorized"
16-134-00,"Luer Tracheal Tube",Orthopedic,Rongeurs,no,85,"no-image"
15-607-35,"Blunt Blades",Uncategorized,General,yes,37,"short-desc; uncategorized"
15-656-00,"Screw Driver",Uncategorized,General,yes,12,"short-desc; uncategorized"
16-132-00,"Luer Tracheal Tube",Orthopedic,Rongeurs,no,82,"no-image"
15-602-40,"Medial Toothed Blades",Uncategorized,General,yes,33,"short-desc; uncategorized"
15-702-16,"PLESTER Sickle Knife",Plastic Surgery,Dermatomes,no,88,"no-image"
15-650-00,"Drill guide",Uncategorized,General,yes,11,"short-desc; uncategorized"
15-605-35,"Medial Toothed Blades",Uncategorized,General,yes,46,"short-desc; uncategorized"
25-278-15,"Rowe Wire Pusher",Uncategorized,General,yes,23,"short-desc; uncategorized"
25-210-25,"L&#038;M for vertical osteotomy",Uncategorized,General,yes,47,"short-desc; uncategorized"
25-212-28,"L&#038;M for vertical osteotomy",Uncategorized,General,yes,47,"short-desc; uncategorized"
15-545-16,"Caspar Rongeur",Orthopedic,Rongeurs,no,86,"no-image"
16-130-00,"Luer Tracheal Tube",Orthopedic,Rongeurs,no,77,"no-image"
15-666-41,"Blade for Scoville-Haverfield Retractor 4-prongs",General Surgery,Retractors,no,63,"no-image"
15-635-30,"McCulloch 6-teeth Wide Muscle Blades",Uncategorized,General,yes,48,"short-desc; uncategorized"
15-612-40,"Small Lateral Serrated Blades PEEK",Uncategorized,General,yes,46,"short-desc; uncategorized"
15-627-45,"Blunt Blades",Uncategorized,General,yes,49,"short-desc; uncategorized"
15-585-04,"Caspar Rongeur",Orthopedic,Rongeurs,no,59,"no-image"
15-566-12,"Takahashi Rongeur",Orthopedic,Rongeurs,no,61,"no-image"
15-556-14,"Oldberg Rongeur",Orthopedic,Rongeurs,no,53,"no-image"
15-543-16,"Caspar Rongeur",Orthopedic,Rongeurs,no,86,"no-image"
15-670-50,"Williams Retractor",General Surgery,Retractors,no,91,"no-image"
15-655-00,"Drill Guide",Uncategorized,General,yes,11,"short-desc; uncategorized"
15-648-12,"Distraction Pin A/B",Uncategorized,General,yes,29,"short-desc; uncategorized"
15-615-40,"Medial Toothed Blades PEEK",Uncategorized,General,yes,38,"short-desc; uncategorized"
15-689-01,"Self-Retaining Retractor",General Surgery,Retractors,no,109,"no-image"
15-563-12,"Takahashi Rongeur",Orthopedic,Rongeurs,no,62,"no-image"
15-691-01,"Beckmann-Adson Retractor",General Surgery,Tissue Forceps,no,74,"no-image"
15-649-00,"Twist Drill",Uncategorized,General,yes,11,"short-desc; uncategorized"
15-604-30,"Blunt Blades",Uncategorized,General,yes,24,"short-desc; uncategorized"
15-639-50,"McCulloch 2-teeth Cervical Blades",Uncategorized,General,yes,45,"short-desc; uncategorized"
15-672-50,"Williams Retractor",General Surgery,Retractors,no,92,"no-image"
15-564-12,"Penny-Backer Rongeur",Orthopedic,Rongeurs,no,65,"no-image"
25-174-16,"Tobold Tongue Depressor",Uncategorized,General,yes,42,"short-desc; uncategorized"
15-592-40,"Small Lateral Blades",Uncategorized,General,yes,49,"short-desc; uncategorized"
15-654-00,"Twist Drill",Uncategorized,General,yes,11,"short-desc; uncategorized"
15-636-30,"McCulloch 2-teeth McCulloch 2-teeth",Uncategorized,General,yes,47,"short-desc; uncategorized"
15-555-14,"Oldberg Rongeur",Orthopedic,Rongeurs,no,53,"no-image"
15-598-45,"Blunt Blades",Uncategorized,General,yes,48,"short-desc; uncategorized"
15-569-20,"Landolt Tumor grasping forceps",Orthopedic,Rasps & Files,no,82,"no-image"
25-176-01,"Wieder Tongue Depressor",Uncategorized,General,yes,37,"short-desc; uncategorized"
25-172-15,"Tobold Tongue Depressor",Uncategorized,General,yes,42,"short-desc; uncategorized"
15-544-16,"Caspar Rongeur",Orthopedic,Rongeurs,no,86,"no-image"
15-651-00,"Screw Driver",Uncategorized,General,yes,12,"short-desc; uncategorized"
15-614-40,"Blunt Blades PEEK",Uncategorized,General,yes,29,"short-desc; uncategorized"
15-606-25,"Lateral Serrated Blades",Uncategorized,General,yes,48,"short-desc; uncategorized"
15-557-14,"Oldberg Rongeur",Orthopedic,Rongeurs,no,51,"no-image"
15-539-16,"Caspar Rongeur",Orthopedic,Rongeurs,no,84,"no-image"
15-558-14,"Oldberg Rongeur",Orthopedic,Rongeurs,no,51,"no-image"
15-120-00,"Kolner Scalp Clip",Uncategorized,General,yes,17,"short-desc; uncategorized"
14-512-14,"Intima Spatul",Uncategorized,General,yes,20,"short-desc; uncategorized"
15-538-16,"Caspar Rongeur",Orthopedic,Rongeurs,no,84,"no-image"
25-130-16,"Roser-Konig Mouth Gag",Uncategorized,General,yes,28,"short-desc; uncategorized"
25-124-13,"Molt Mouth Gag",Uncategorized,General,yes,33,"short-desc; uncategorized"
25-126-13,"Denhart Mouth Gag",Uncategorized,General,yes,36,"short-desc; uncategorized"
25-112-50,"Adams Napkin holder",Uncategorized,General,yes,41,"short-desc; uncategorized"
25-120-11,"Obwegeser Mouth Gag",Uncategorized,General,yes,43,"short-desc; uncategorized"
25-118-13,"Heister Mouth Gag",Uncategorized,General,yes,24,"short-desc; uncategorized"
24-424-03,"STAMMBERGER Punch",Gynecology,Biopsy,no,142,"no-image"
25-104-13,"Terry Graft packer",Uncategorized,General,yes,25,"short-desc; uncategorized"
25-102-11,"Terry Graft packer",Uncategorized,General,yes,27,"short-desc; uncategorized"
24-416-02,"Nasal Forceps",ENT,Ear & Nasal Forceps,no,109,"no-image"
24-422-10,"HEUWIESER Antrum Grasping Forceps",Orthopedic,Rasps & Files,no,146,"no-image"
24-420-10,"HEUWIESER Antrum Grasping Forceps",Orthopedic,Rasps & Files,no,148,"no-image"
24-418-02,"Nasal Forceps",ENT,Ear & Nasal Forceps,no,113,"no-image"
15-540-16,"Caspar Rongeur",Orthopedic,Rongeurs,no,84,"no-image"
15-121-00,"Raney Scalp Clip",Uncategorized,General,yes,16,"short-desc; uncategorized"
14-522-27,"Rumel-Belmont Tourniquet",Uncategorized,General,yes,41,"short-desc; uncategorized"
15-108-07,"Drill Point",Uncategorized,General,yes,25,"short-desc; uncategorized"
15-104-25,"Lebsche wire saw guide",Uncategorized,General,yes,40,"short-desc; uncategorized"
15-542-16,"Caspar Rongeur",Orthopedic,Rongeurs,no,88,"no-image"
15-101-30,"Wire Saw",Uncategorized,General,yes,24,"short-desc; uncategorized"
14-317-15,"DeBakey Vascular Forceps",General Surgery,Tissue Forceps,no,57,"no-image"
24-302-01,"Cottle Handle cartilage crusher",Uncategorized,General,yes,38,"short-desc; uncategorized"
14-160-02,"Finochietto",Cardiovascular,Rib Spreaders,no,101,"no-image"
15-528-16,"Caspar Rongeur",Orthopedic,Rongeurs,no,86,"no-image"
15-522-16,"Caspar Rongeur",Orthopedic,Rongeurs,no,86,"no-image"
15-499-01,"Kerrison Laminectomy Punch",Orthopedic,Rongeurs,no,102,"no-image"
15-482-01,"Kerrison Laminectomy Punch",Orthopedic,Rongeurs,no,109,"no-image"
15-473-01,"Laminectomy Punch Shaft",Neurosurgery,Kerrisons,no,101,"no-image"
15-461-01,"Kerrison Laminectomy Punch",Orthopedic,Rongeurs,no,70,"no-image"
15-446-01,"Kerrison Laminectomy Punch",Orthopedic,Rongeurs,no,84,"no-image"
15-440-01,"Kerrison Laminectomy Punch",Orthopedic,Rongeurs,no,88,"no-image"
15-533-16,"Caspar Rongeur",Orthopedic,Rongeurs,no,85,"no-image"
15-527-16,"Caspar Rongeur",Orthopedic,Rongeurs,no,88,"no-image"
15-506-01,"Kerrison Laminectomy Punch",Orthopedic,Rongeurs,no,84,"no-image"
15-488-01,"Kerrison Laminectomy Punch",Orthopedic,Rongeurs,no,110,"no-image"
15-478-01,"Kerrison Laminectomy Punch",Orthopedic,Rongeurs,no,116,"no-image"
15-466-01,"Kerrison Laminectomy Punch",Orthopedic,Rongeurs,no,72,"no-image"
15-452-01,"Kerrison Laminectomy Punch",Orthopedic,Rongeurs,no,86,"no-image"
15-443-01,"Kerrison Laminectomy Punch",Orthopedic,Rongeurs,no,88,"no-image"
15-398-00,"Bone waxer",Uncategorized,General,yes,17,"short-desc; uncategorized"
28-398-02,"Bedpan",Uncategorized,General,yes,19,"short-desc; uncategorized"
28-400-02,"Bedpan",Uncategorized,General,yes,19,"short-desc; uncategorized"
24-306-00,"Cottle Cartilage crusher",Uncategorized,General,yes,41,"short-desc; uncategorized"
15-517-16,"Caspar Rongeur",Orthopedic,Rongeurs,no,87,"no-image"
15-529-16,"Caspar Rongeur",Orthopedic,Rongeurs,no,86,"no-image"
15-535-16,"Caspar Rongeur",Orthopedic,Rongeurs,no,85,"no-image"
15-519-16,"Caspar Rongeur",Orthopedic,Rongeurs,no,85,"no-image"
15-505-01,"Kerrison Laminectomy Punch",Orthopedic,Rongeurs,no,84,"no-image"
15-493-01,"Kerrison Laminectomy Punch",Orthopedic,Rongeurs,no,102,"no-image"
15-485-01,"Kerrison Laminectomy Punch",Orthopedic,Rongeurs,no,116,"no-image"
15-472-01,"Laminectomy Punch Shaft",Neurosurgery,Kerrisons,no,101,"no-image"
15-455-01,"Kerrison Laminectomy Punch",Orthopedic,Rongeurs,no,86,"no-image"
15-451-01,"Kerrison Laminectomy Punch",Orthopedic,Rongeurs,no,86,"no-image"
15-436-01,"Kerrison Laminectomy Punch",Orthopedic,Rongeurs,no,86,"no-image"
15-464-01,"Kerrison Laminectomy Punch",Orthopedic,Rongeurs,no,72,"no-image"
24-246-19,"Roger Periosteal Elevator",Orthopedic,Periosteal Elevators,no,50,"no-image"
24-152-20,"Septum morselizer",Uncategorized,General,yes,33,"short-desc; uncategorized"
15-534-16,"Caspar Rongeur",Orthopedic,Rongeurs,no,85,"no-image"
15-525-16,"Caspar Rongeur",Orthopedic,Rongeurs,no,84,"no-image"
15-518-16,"Caspar Rongeur",Orthopedic,Rongeurs,no,85,"no-image"
15-491-01,"Kerrison Laminectomy Punch",Orthopedic,Rongeurs,no,117,"no-image"
15-484-01,"Kerrison Laminectomy Punch",Orthopedic,Rongeurs,no,116,"no-image"
15-475-01,"Kerrison Laminectomy Punch",Orthopedic,Rongeurs,no,109,"no-image"
15-469-01,"Laminectomy Punch Shaft",Neurosurgery,Kerrisons,no,99,"no-image"
15-457-01,"Kerrison Laminectomy Punch",Orthopedic,Rongeurs,no,70,"no-image"
15-448-01,"Kerrison Laminectomy Punch",Orthopedic,Rongeurs,no,84,"no-image"
15-442-01,"Kerrison Laminectomy Punch",Orthopedic,Rongeurs,no,88,"no-image"
15-434-01,"Kerrison Laminectomy Punch",Orthopedic,Rongeurs,no,86,"no-image"
24-139-01,"BLAKESLEY Nasal Forceps",ENT,Ear & Nasal Forceps,no,63,"no-image"
15-439-01,"Kerrison Laminectomy Punch",Orthopedic,Rongeurs,no,88,"no-image"
24-156-18,"Rubin Septum morselizer",Uncategorized,General,yes,41,"short-desc; uncategorized"
15-524-16,"Caspar Rongeur",Orthopedic,Rongeurs,no,84,"no-image"
15-520-16,"Caspar Rongeur",Orthopedic,Rongeurs,no,85,"no-image"
15-500-01,"Kerrison Laminectomy Punch",Orthopedic,Rongeurs,no,102,"no-image"
15-490-01,"Kerrison Laminectomy Punch",Orthopedic,Rongeurs,no,117,"no-image"
15-476-01,"Kerrison Laminectomy Punch",Orthopedic,Rongeurs,no,109,"no-image"
15-460-01,"Kerrison Laminectomy Punch",Orthopedic,Rongeurs,no,70,"no-image"
15-454-01,"Kerrison Laminectomy Punch",Orthopedic,Rongeurs,no,86,"no-image"
15-433-01,"Kerrison Laminectomy Punch",Orthopedic,Rongeurs,no,86,"no-image"
15-405-00,"Bone waxer",Uncategorized,General,yes,17,"short-desc; uncategorized"
24-141-01,"BLAKESLEY-WILDE Nasal Forceps",ENT,Ear & Nasal Forceps,no,73,"no-image"
15-530-16,"Caspar Rongeur",Orthopedic,Rongeurs,no,86,"no-image"
15-523-16,"Caspar Rongeur",Orthopedic,Rongeurs,no,84,"no-image"
15-512-01,"Kerrison Laminectomy Punch",Orthopedic,Rongeurs,no,84,"no-image"
15-494-01,"Kerrison Laminectomy Punch",Orthopedic,Rongeurs,no,102,"no-image"
15-481-01,"Kerrison Laminectomy Punch",Orthopedic,Rongeurs,no,109,"no-image"
15-467-01,"Kerrison Laminectomy Punch",Orthopedic,Rongeurs,no,72,"no-image"
15-458-01,"Kerrison Laminectomy Punch",Orthopedic,Rongeurs,no,70,"no-image"
15-445-01,"Kerrison Laminectomy Punch",Orthopedic,Rongeurs,no,84,"no-image"
15-487-01,"Kerrison Laminectomy Punch",Orthopedic,Rongeurs,no,110,"no-image"
15-470-01,"Laminectomy Punch Shaft",Neurosurgery,Kerrisons,no,99,"no-image"
15-449-01,"Kerrison Laminectomy Punch",Orthopedic,Rongeurs,no,84,"no-image"
15-437-01,"Kerrison Laminectomy Punch",Orthopedic,Rongeurs,no,86,"no-image"
15-423-00,"Bone waxer",Uncategorized,General,yes,26,"short-desc; uncategorized"
15-463-01,"Kerrison Laminectomy Punch",Orthopedic,Rongeurs,no,72,"no-image"
15-263-00,"Vessel Knives",Uncategorized,General,yes,28,"short-desc; uncategorized"
24-181-01,"Ferris-Smith-Kerrison 1mm",General Surgery,Tissue Forceps,no,54,"no-image"
15-289-18,"Suture Pusher",Uncategorized,General,yes,22,"short-desc; uncategorized"
23-540-16,"Politzer Tympanum Needle",Uncategorized,General,yes,43,"short-desc; uncategorized"
23-536-17,"Politzer Tympanum Needle",Uncategorized,General,yes,31,"short-desc; uncategorized"
23-538-16,"Politzer Tympanum Needle",Uncategorized,General,yes,41,"short-desc; uncategorized"
23-508-15,"Politzer Paracentesis Needle",Uncategorized,General,yes,35,"short-desc; uncategorized"
15-499-03,"Kerrison Laminectomy Punch",Orthopedic,Rongeurs,no,102,"no-image"
23-198-16,"Needle",Uncategorized,General,yes,37,"short-desc; uncategorized"
23-154-10,"McGee Micro ear hook",Neurosurgery,Nerve Hooks,no,66,"no-image"
23-134-01,"Barbara micro ear needle",Uncategorized,General,yes,31,"short-desc; uncategorized"
23-400-03,"Dieter Malleus nipper",Uncategorized,General,yes,49,"short-desc; uncategorized"
23-494-16,"Moldenhauer Foreign Body Lever",Uncategorized,General,yes,37,"short-desc; uncategorized"
23-200-16,"Needle",Uncategorized,General,yes,35,"short-desc; uncategorized"
09-310-01,"Jefferson Ventricular cannula",Uncategorized,General,yes,37,"short-desc; uncategorized"
23-140-04,"Rarsen micro ear needle",Uncategorized,General,yes,30,"short-desc; uncategorized"
15-311-24,"Hardy Implant Fork",Uncategorized,General,yes,27,"short-desc; uncategorized"
23-136-02,"Barbara micro ear needle",Uncategorized,General,yes,31,"short-desc; uncategorized"
04-116-04,"Muller Vessel Clips",Uncategorized,General,yes,39,"short-desc; uncategorized"
23-196-16,"Needle",Uncategorized,General,yes,36,"short-desc; uncategorized"
04-104-04,"Muller Vessel Clips",Uncategorized,General,yes,38,"short-desc; uncategorized"
09-264-13,"Yasargil Suction Tube",General Surgery,Suction Tubes,no,97,"no-image"
23-459-19,"KUHN-BOLGER Frontal Sinus Curette",Orthopedic,Bone Curettes,no,89,"no-image"
04-140-02,"Muller Vessel Clips",Uncategorized,General,yes,38,"short-desc; uncategorized"
23-184-16,"Plester Wire Guide",Uncategorized,General,yes,25,"short-desc; uncategorized"
15-321-26,"Fahlbusch Scoop",Uncategorized,General,yes,33,"short-desc; uncategorized"
04-136-02,"Muller Vessel Clips",Uncategorized,General,yes,38,"short-desc; uncategorized"
23-492-01,"Billeau Ear loop",Uncategorized,General,yes,33,"short-desc; uncategorized"
23-158-01,"Barbara micro ear needle",Uncategorized,General,yes,33,"short-desc; uncategorized"
09-302-01,"Heparin Flushing needle",Uncategorized,General,yes,38,"short-desc; uncategorized"
23-378-10,"Quire Foreign body lever",Uncategorized,General,yes,33,"short-desc; uncategorized"
23-160-02,"Barbara micro ear needle",Uncategorized,General,yes,33,"short-desc; uncategorized"
23-138-03,"Barbara micro ear needle",Uncategorized,General,yes,31,"short-desc; uncategorized"
04-384-10,"Yasargil Xtended Aneurysm Clip",Neurosurgery,Micro Instruments,no,55,"no-image"
04-388-10,"Yasargil Xtended Aneurysm Clip",Neurosurgery,Micro Instruments,no,57,"no-image"
13-258-05,"Snyder-O",Uncategorized,General,yes,31,"short-desc; uncategorized"
21-256-30,"Pestalozza Placenta Scoop",Uncategorized,General,yes,34,"short-desc; uncategorized"
21-100-35,"Martin Pelvimeter",Uncategorized,General,yes,41,"short-desc; uncategorized"
20-497-28,"Rheinstadter Flushing Curette",Orthopedic,Bone Curettes,no,62,"no-image"
09-260-13,"Yasargil Suction Tube",General Surgery,Suction Tubes,no,95,"no-image"
21-178-27,"Smellie Perforator",Uncategorized,General,yes,25,"short-desc; uncategorized"
20-330-15,"Doyen Myoma Screws",Uncategorized,General,yes,34,"short-desc; uncategorized"
21-254-01,"Cuzzi Placenta Scoop",Uncategorized,General,yes,43,"short-desc; uncategorized"
15-287-23,"Sharp Scoops",Uncategorized,General,yes,19,"short-desc; uncategorized"
20-503-01,"Sims Uterine Curette",General Surgery,Scissors,no,57,"no-image"
20-332-17,"Myoma Screws",Uncategorized,General,yes,35,"short-desc; uncategorized"
15-261-00,"Vessel Knives",Uncategorized,General,yes,28,"short-desc; uncategorized"
20-294-10,"Uterine Tenaculum Forceps",ENT,Ear & Nasal Forceps,no,68,"no-image"
20-292-08,"Uterine Tenaculum Forceps",ENT,Ear & Nasal Forceps,no,67,"no-image"
20-288-13,"Uterine Tenaculum Forceps",ENT,Ear & Nasal Forceps,no,68,"no-image"
20-287-11,"Uterine Tenaculum Forceps",ENT,Ear & Nasal Forceps,no,68,"no-image"
20-285-10,"Uterine Tenaculum Forceps",ENT,Ear & Nasal Forceps,no,75,"no-image"
20-284-08,"Uterine Tenaculum Forceps",ENT,Ear & Nasal Forceps,no,74,"no-image"
20-232-01,"Uterine Dilator",Gynecology,Dilators & Sounds,no,53,"no-image"
19-180-00,"Dittel Urethral bougies and dilating sound",Gynecology,Dilators & Sounds,no,84,"no-image"
19-181-08,"Dittel Urethral bougies and dilating sound",Gynecology,Dilators & Sounds,no,71,"no-image"
18-296-01,"Hirschmann Anuscope",Uncategorized,General,yes,47,"short-desc; uncategorized"
19-174-00,"Van Buren Urethral Sound",Gynecology,Dilators & Sounds,no,64,"no-image"
18-330-38,"Swab holder",Uncategorized,General,yes,18,"short-desc; uncategorized"
20-191-10,"Weight only for Auvard Vaginal Speculum ref",ENT,Ear & Nasal Speculums,no,54,"no-image"
18-294-01,"Bensaude Anuscope",Uncategorized,General,yes,45,"short-desc; uncategorized"
19-176-00,"Guyon Urethral Sound",Gynecology,Dilators & Sounds,no,62,"no-image"
18-332-38,"Swab holder",Uncategorized,General,yes,18,"short-desc; uncategorized"
18-275-15,"Sims Rectal Speculum",General Surgery,Scissors,no,58,"no-image"
20-187-01,"Auvard Vaginal Speculum",ENT,Ear & Nasal Speculums,no,88,"no-image"
20-195-20,"Breisky Vaginal Speculm",Uncategorized,General,yes,45,"short-desc; uncategorized"
20-164-01,"Doyen Vaginal Speculum",ENT,Ear & Nasal Speculums,no,60,"no-image"
19-216-12,"Sachse Meatotome",Uncategorized,General,yes,23,"short-desc; uncategorized"
20-113-01,"Cusco Vaginal Speculum",ENT,Ear & Nasal Speculums,no,56,"no-image"
18-340-09,"Katzenstein",Uncategorized,General,yes,17,"short-desc; uncategorized"
09-158-15,"Trocar for puncturing",Uncategorized,General,yes,28,"short-desc; uncategorized"
20-166-01,"Doyen Vaginal Speculum",ENT,Ear & Nasal Speculums,no,60,"no-image"
19-182-00,"Dittel Metall bougies and dilating sound",Gynecology,Dilators & Sounds,no,88,"no-image"
18-324-10,"Rudd Hemorrhoidal ligators",Uncategorized,General,yes,26,"short-desc; uncategorized"
04-326-20,"Yasargil Xtended Aneurysm Clip",Neurosurgery,Micro Instruments,no,52,"no-image"
18-344-30,"Buie Section tube",Uncategorized,General,yes,24,"short-desc; uncategorized"
19-184-00,"Metal Catheter",Urology,Catheters,no,61,"no-image"
19-202-00,"Knutson Urethrography Instrument",Uncategorized,General,yes,32,"short-desc; uncategorized"
15-290-03,"Tumor Forks",Uncategorized,General,yes,24,"short-desc; uncategorized"
15-288-23,"Sharp Scoops",Uncategorized,General,yes,19,"short-desc; uncategorized"
09-136-08,"Redon Needle",Uncategorized,General,yes,41,"short-desc; uncategorized"
15-258-00,"Vessel Knives",Uncategorized,General,yes,26,"short-desc; uncategorized"
15-262-00,"Vessel Knives",Uncategorized,General,yes,26,"short-desc; uncategorized"
15-259-00,"Vessel Knives",Uncategorized,General,yes,28,"short-desc; uncategorized"
14-146-02,"Cooley Rib Retractor",General Surgery,Retractors,no,90,"no-image"
14-204-02,"Finochietto",Cardiovascular,Rib Spreaders,no,86,"no-image"
15-254-18,"Sharp Scoop",Uncategorized,General,yes,20,"short-desc; uncategorized"
14-164-02,"Finochietto-Baby",Cardiovascular,Rib Spreaders,no,101,"no-image"
14-208-01,"Finochietto Rib Retractor",General Surgery,Retractors,no,81,"no-image"
14-150-02,"Cooley Rib Retractor",General Surgery,Retractors,no,90,"no-image"
15-256-00,"Vessel Knives",Uncategorized,General,yes,26,"short-desc; uncategorized"
15-260-00,"Vessel Knives",Uncategorized,General,yes,26,"short-desc; uncategorized"
14-168-01,"Finochietto",Cardiovascular,Rib Spreaders,no,82,"no-image"
13-988-01,"Cerclage wire without eye",Uncategorized,General,yes,46,"short-desc; uncategorized"
15-255-23,"Suture Pusher",Uncategorized,General,yes,20,"short-desc; uncategorized"
14-314-15,"DeBakey Vascular Forceps",General Surgery,Tissue Forceps,no,61,"no-image"
14-272-09,"Gregory",Uncategorized,General,yes,46,"short-desc; uncategorized"
14-154-02,"Cooley Rib Retractor",General Surgery,Retractors,no,88,"no-image"
14-110-21,"Schumacher Sternum Shears",Uncategorized,General,yes,32,"short-desc; uncategorized"
13-984-01,"Double Drill Sleeve",Uncategorized,General,yes,31,"short-desc; uncategorized"
13-982-00,"Reverse Awl",Uncategorized,General,yes,35,"short-desc; uncategorized"
13-986-01,"Depth Gauge",Uncategorized,General,yes,48,"short-desc; uncategorized"
14-100-23,"Bone Shears",Uncategorized,General,yes,18,"short-desc; uncategorized"
14-172-01,"Burford",Cardiovascular,Rib Spreaders,no,100,"no-image"
13-987-01,"Cerclage wire with eye",Uncategorized,General,yes,43,"short-desc; uncategorized"
15-499-04,"Kerrison Laminectomy Punch",Orthopedic,Rongeurs,no,102,"no-image"
15-257-00,"Vessel Knives",Uncategorized,General,yes,28,"short-desc; uncategorized"
13-983-01,"Double Drill Sleeve",Uncategorized,General,yes,31,"short-desc; uncategorized"
25-184-00,"Young Rubber inserts (Pair)",Uncategorized,General,yes,47,"short-desc; uncategorized"
08-130-15,"Pinard Fetoscope",Uncategorized,General,yes,33,"short-desc; uncategorized"
08-152-14,"Carroll Finger Goniometer",Uncategorized,General,yes,34,"short-desc; uncategorized"
09-114-03,"Coakley Antrum Trocar",Uncategorized,General,yes,27,"short-desc; uncategorized"
08-240-10,"Dermatoscope",Uncategorized,General,yes,21,"short-desc; uncategorized"
13-399-04h,"Volkmann Bone Spoon 4",General Surgery,Retractors,no,53,"no-image"
07-174-14,"Cotton applicator",Uncategorized,General,yes,43,"short-desc; uncategorized"
08-150-01,"Jameson Caliper",Uncategorized,General,yes,43,"short-desc; uncategorized"
20-232-06,"Uterine Dilator",Gynecology,Dilators & Sounds,no,53,"no-image"
20-232-07,"Uterine Dilator",Gynecology,Dilators & Sounds,no,53,"no-image"
13-961-18,"Bone Cutting Forceps",ENT,Ear & Nasal Forceps,no,52,"no-image"
07-144-16,"Probe",Uncategorized,General,yes,12,"short-desc; uncategorized"
08-158-32,"Bertillon Caliper",Uncategorized,General,yes,48,"short-desc; uncategorized"
07-168-14,"Cotton applicator",Uncategorized,General,yes,49,"short-desc; uncategorized"
07-180-18,"Cotton applicator",Uncategorized,General,yes,43,"short-desc; uncategorized"
06-592-00,"Collin Abdominal Retractor",General Surgery,Retractors,no,160,"no-image"
20-232-08,"Uterine Dilator",Gynecology,Dilators & Sounds,no,53,"no-image"
20-232-09,"Uterine Dilator",Gynecology,Dilators & Sounds,no,53,"no-image"
20-232-10,"Uterine Dilator",Gynecology,Dilators & Sounds,no,54,"no-image"
07-182-27,"Cotton applicator",Uncategorized,General,yes,43,"short-desc; uncategorized"
08-156-01,"Moltgen Flexometer",Uncategorized,General,yes,35,"short-desc; uncategorized"
08-162-01,"Iwanson Caliper",Uncategorized,General,yes,43,"short-desc; uncategorized"
08-164-14,"Boley Caliper",Uncategorized,General,yes,20,"short-desc; uncategorized"
07-172-14,"Cotton applicator",Uncategorized,General,yes,43,"short-desc; uncategorized"
09-132-08,"Redon Needle",Uncategorized,General,yes,41,"short-desc; uncategorized"
09-112-04,"Pierce Antrum Trocar",Uncategorized,General,yes,26,"short-desc; uncategorized"
08-132-18,"Pinard Fetoscope",Uncategorized,General,yes,31,"short-desc; uncategorized"
06-598-00,"Ricard Abdominal Retractor",General Surgery,Retractors,no,116,"no-image"
20-232-11,"Uterine Dilator",Gynecology,Dilators & Sounds,no,54,"no-image"
13-975-02,"Hexagonal screw driver",Uncategorized,General,yes,37,"short-desc; uncategorized"
09-134-08,"Redon Needle",Uncategorized,General,yes,41,"short-desc; uncategorized"
07-178-18,"Cotton applicator",Uncategorized,General,yes,43,"short-desc; uncategorized"
06-619-00,"Balfour Retractor",General Surgery,Retractors,no,110,"no-image"
20-232-12,"Uterine Dilator",Gynecology,Dilators & Sounds,no,54,"no-image"
08-245-20,"Dermatoscope",Uncategorized,General,yes,19,"short-desc; uncategorized"
09-130-08,"Redon Needle",Uncategorized,General,yes,39,"short-desc; uncategorized"
15-463-02,"Kerrison Laminectomy Punch",Orthopedic,Rongeurs,no,72,"no-image"
13-971-16,"Walton Finger Ring Saw",Uncategorized,General,yes,29,"short-desc; uncategorized"
13-439-01,"Volkmann Bone Spoon",General Surgery,Retractors,no,86,"no-image"
13-702-23,"Bunnell Tendon Passer",Uncategorized,General,yes,39,"short-desc; uncategorized"
13-588-14,"Bone Lever",Uncategorized,General,yes,25,"short-desc; uncategorized"
13-622-26,"Bone Lever",Uncategorized,General,yes,24,"short-desc; uncategorized"
13-598-16,"Bone Lever",Uncategorized,General,yes,27,"short-desc; uncategorized"
13-358-20,"Collin Bone Mallet",Orthopedic,Mallets,no,55,"no-image"
15-463-03,"Kerrison Laminectomy Punch",Orthopedic,Rongeurs,no,72,"no-image"
13-596-16,"Bone Lever",Uncategorized,General,yes,27,"short-desc; uncategorized"
13-632-08,"Bone Lever",Uncategorized,General,yes,28,"short-desc; uncategorized"
13-369-19,"Bone Mallet",Orthopedic,Mallets,no,52,"no-image"
13-674-20,"Chnad",Uncategorized,General,yes,35,"short-desc; uncategorized"
13-590-15,"Bone Lever",Uncategorized,General,yes,25,"short-desc; uncategorized"
13-628-29,"Schumacher Bone Lever",Uncategorized,General,yes,43,"short-desc; uncategorized"
13-600-12,"Bone Lever",Uncategorized,General,yes,30,"short-desc; uncategorized"
15-463-04,"Kerrison Laminectomy Punch",Orthopedic,Rongeurs,no,72,"no-image"
13-648-15,"Tiemann-Kolbel Glenoid lever",Uncategorized,General,yes,46,"short-desc; uncategorized"
20-232-13,"Uterine Dilator",Gynecology,Dilators & Sounds,no,54,"no-image"
13-618-24,"Bone Lever",Uncategorized,General,yes,24,"short-desc; uncategorized"
13-696-00,"Tendon passing instrument",Uncategorized,General,yes,34,"short-desc; uncategorized"
13-650-20,"Tiemann-Kolbel Glenoid lever",Uncategorized,General,yes,46,"short-desc; uncategorized"
13-630-06,"Bone Lever",Uncategorized,General,yes,28,"short-desc; uncategorized"
13-612-22,"Wagner Bone Lever",Uncategorized,General,yes,31,"short-desc; uncategorized"
15-463-05,"Kerrison Laminectomy Punch",Orthopedic,Rongeurs,no,72,"no-image"
13-592-15,"Bone Lever",Uncategorized,General,yes,23,"short-desc; uncategorized"
13-394-01,"Schede Bone Curette",Orthopedic,Bone Curettes,no,60,"no-image"
13-614-22,"Bone Lever",Uncategorized,General,yes,24,"short-desc; uncategorized"
20-232-14,"Uterine Dilator",Gynecology,Dilators & Sounds,no,54,"no-image"
13-634-27,"Bone Lever",Uncategorized,General,yes,39,"short-desc; uncategorized"
13-616-24,"Bone Lever",Uncategorized,General,yes,24,"short-desc; uncategorized"
20-232-15,"Uterine Dilator",Gynecology,Dilators & Sounds,no,54,"no-image"
06-621-00,"Balfour Retractor",General Surgery,Retractors,no,111,"no-image"
07-170-14,"Cotton applicator",Uncategorized,General,yes,43,"short-desc; uncategorized"
15-463-06,"Kerrison Laminectomy Punch",Orthopedic,Rongeurs,no,72,"no-image"
06-362-19,"Davidson",Uncategorized,General,yes,46,"short-desc; uncategorized"
06-410-00,"Rochard fixation device",Uncategorized,General,yes,23,"short-desc; uncategorized"
15-464-02,"Kerrison Laminectomy Punch",Orthopedic,Rongeurs,no,72,"no-image"
06-364-18,"Davidson",Uncategorized,General,yes,48,"short-desc; uncategorized"
06-418-01,"Sterberg Lip and Cheek Retracror",Uncategorized,General,yes,39,"short-desc; uncategorized"
15-464-03,"Kerrison Laminectomy Punch",Orthopedic,Rongeurs,no,72,"no-image"
20-232-16,"Uterine Dilator",Gynecology,Dilators & Sounds,no,54,"no-image"
20-232-17,"Uterine Dilator",Gynecology,Dilators & Sounds,no,54,"no-image"
13-258-03,"Snyder-O",Uncategorized,General,yes,31,"short-desc; uncategorized"
06-414-22,"Doyen-variation Fixation Device",Uncategorized,General,yes,34,"short-desc; uncategorized"
13-232-08,"T handle for quick coupling",Uncategorized,General,yes,33,"short-desc; uncategorized"
13-212-00,"Fixation disc",Uncategorized,General,yes,22,"short-desc; uncategorized"
13-204-18,"Wire tightener",Uncategorized,General,yes,43,"short-desc; uncategorized"
13-224-14,"Steinmann pin",Uncategorized,General,yes,39,"short-desc; uncategorized"
13-196-24,"Wire cutting pliers",Uncategorized,General,yes,44,"short-desc; uncategorized"
13-166-19,"Flat Nose Plier",Uncategorized,General,yes,31,"short-desc; uncategorized"
13-115-03,"Spherical Burr",Uncategorized,General,yes,22,"short-desc; uncategorized"
11-554-01,"Reverdin Needle",Uncategorized,General,yes,36,"short-desc; uncategorized"
11-608-23,"Modell Wien Ligature Catcher",Uncategorized,General,yes,37,"short-desc; uncategorized"
11-594-18,"Schmieden Ligature Conductor",Uncategorized,General,yes,35,"short-desc; uncategorized"
13-108-40,"Bier Amputation Saw",Uncategorized,General,yes,28,"short-desc; uncategorized"
13-120-00,"Kirschner Hand Drill",Uncategorized,General,yes,30,"short-desc; uncategorized"
13-156-01,"Flat Nose Plier",Uncategorized,General,yes,43,"short-desc; uncategorized"
11-550-01,"Reverdin Needle",Uncategorized,General,yes,39,"short-desc; uncategorized"
11-582-01,"Brunner Ligature Needle",Uncategorized,General,yes,38,"short-desc; uncategorized"
13-106-35,"Charriere Amputation Saw",Uncategorized,General,yes,31,"short-desc; uncategorized"
11-600-22,"Payr Ligature Conductor",Uncategorized,General,yes,38,"short-desc; uncategorized"
11-332-18,"Micro Needle Holder",General Surgery,Needle Holders,no,58,"no-image"
13-152-20,"Vise Grip",Uncategorized,General,yes,35,"short-desc; uncategorized"
13-102-26,"Charriere Amputation Saw",Uncategorized,General,yes,33,"short-desc; uncategorized"
12-214-17,"Wolff Plaster Breaker",Uncategorized,General,yes,30,"short-desc; uncategorized"
11-606-23,"Ligature Adjuster",Uncategorized,General,yes,24,"short-desc; uncategorized"
11-598-01,"Konig Ligature Conductor",Uncategorized,General,yes,39,"short-desc; uncategorized"
11-562-20,"Ligature Needle",Uncategorized,General,yes,33,"short-desc; uncategorized"
11-552-01,"Reverdin Needle",Uncategorized,General,yes,38,"short-desc; uncategorized"
11-328-15,"Micro Needle Holder",General Surgery,Needle Holders,no,56,"no-image"
15-464-04,"Kerrison Laminectomy Punch",Orthopedic,Rongeurs,no,72,"no-image"
15-464-05,"Kerrison Laminectomy Punch",Orthopedic,Rongeurs,no,72,"no-image"
12-112-23,"Seutin plaster shear",Uncategorized,General,yes,27,"short-desc; uncategorized"
11-590-28,"Demel Wire Guide",Uncategorized,General,yes,31,"short-desc; uncategorized"
11-602-22,"Payr Ligature Conductor",Uncategorized,General,yes,40,"short-desc; uncategorized"
11-564-20,"Cooper Ligature Needle",Uncategorized,General,yes,29,"short-desc; uncategorized"
13-190-18,"Maxi Cutter",Uncategorized,General,yes,42,"short-desc; uncategorized"
13-158-13,"Flat Nose Plier",Uncategorized,General,yes,24,"short-desc; uncategorized"
11-604-22,"Bozemann Knot Tier",Uncategorized,General,yes,25,"short-desc; uncategorized"
11-588-28,"Ligature Conductor",Uncategorized,General,yes,25,"short-desc; uncategorized"
11-330-18,"Micro Needle Holder",General Surgery,Needle Holders,no,60,"no-image"
13-162-16,"Flat Nose Plier",Uncategorized,General,yes,48,"short-desc; uncategorized"
15-464-06,"Kerrison Laminectomy Punch",Orthopedic,Rongeurs,no,72,"no-image"
13-122-00,"Hand Drill",Uncategorized,General,yes,10,"short-desc; uncategorized"
12-196-16,"Engel Plaster Saw",Uncategorized,General,yes,24,"short-desc; uncategorized"
12-106-23,"Bergmann plaster shear",Uncategorized,General,yes,44,"short-desc; uncategorized"
11-596-18,"Schmieden-Payr Ligature Conductor",Uncategorized,General,yes,40,"short-desc; uncategorized"
13-164-01,"Flat Nose Plier",Uncategorized,General,yes,22,"short-desc; uncategorized"
13-118-00,"Hard Drill",Uncategorized,General,yes,10,"short-desc; uncategorized"
11-558-30,"Schmieden-Dick Ligature Needle",Uncategorized,General,yes,48,"short-desc; uncategorized"
11-334-18,"Micro Needle Holder",General Surgery,Needle Holders,no,62,"no-image"
11-336-18,"Micro Needle Holder",General Surgery,Needle Holders,no,60,"no-image"
13-168-19,"Flat Nose Plier",Uncategorized,General,yes,22,"short-desc; uncategorized"
11-560-24,"Schmieden Ligature Needle",Uncategorized,General,yes,32,"short-desc; uncategorized"
11-584-01,"Brunner Ligature Needle",Uncategorized,General,yes,38,"short-desc; uncategorized"
13-104-29,"Satterlee Amputation Saw",Uncategorized,General,yes,31,"short-desc; uncategorized"
11-586-25,"Kirschner Ligature Conductor",Uncategorized,General,yes,37,"short-desc; uncategorized"
11-444-12,"Mayo-Hegar Needle Holder",General Surgery,Scissors,no,55,"no-image"
11-326-15,"Micro Needle Holder",General Surgery,Needle Holders,no,58,"no-image"
06-374-01,"Ross Aorta Retractor",General Surgery,Retractors,no,51,"no-image"
11-178-14,"Barraquer Micro Needle Holder",General Surgery,Needle Holders,no,57,"no-image"
11-136-15,"Micro Needle Holder",General Surgery,Needle Holders,no,81,"no-image"
11-148-15,"Micro Needle Holder",General Surgery,Needle Holders,no,84,"no-image"
06-502-18,"Weitlaner Retractor",General Surgery,Retractors,no,54,"no-image"
11-138-15,"Micro Needle Holder",General Surgery,Needle Holders,no,79,"no-image"
06-166-15,"Mannerfelt Modif",Uncategorized,General,yes,43,"short-desc; uncategorized"
06-168-15,"Mannerfelt Modif",Uncategorized,General,yes,43,"short-desc; uncategorized"
11-152-15,"Micro Needle Holder",General Surgery,Needle Holders,no,83,"no-image"
15-499-05,"Kerrison Laminectomy Punch",Orthopedic,Rongeurs,no,102,"no-image"
11-154-15,"Micro Needle Holder",General Surgery,Needle Holders,no,81,"no-image"
11-132-15,"Micro Needle Holder",General Surgery,Needle Holders,no,83,"no-image"
06-164-13,"Mannerfelt Modif",Uncategorized,General,yes,43,"short-desc; uncategorized"
11-134-15,"Micro Needle Holder",General Surgery,Needle Holders,no,80,"no-image"
20-164-04,"Doyen Vaginal Speculum",ENT,Ear & Nasal Speculums,no,61,"no-image"
11-150-15,"Micro Needle Holder",General Surgery,Needle Holders,no,82,"no-image"
06-136-05,"Joseph Mucosa Hooklet",Orthopedic,Periosteal Elevators,no,52,"no-image"
20-166-02,"Doyen Vaginal Speculum",ENT,Ear & Nasal Speculums,no,60,"no-image"
20-166-03,"Doyen Vaginal Speculum",ENT,Ear & Nasal Speculums,no,61,"no-image"
05-130-16,"Foerster-Ballenger Spong Forceps",General Surgery,Sponge Forceps,no,64,"no-image"
05-134-16,"Foerster-Ballenger Spong Forceps",General Surgery,Sponge Forceps,no,62,"no-image"
04-794-18,"Mikulicz Peritoneum Forceps",ENT,Ear & Nasal Forceps,no,53,"no-image"
04-520-07,"DeBakey Bulldog Clamp",General Surgery,Tissue Forceps,no,59,"no-image"
28-240-05,"Medicine Cup",Uncategorized,General,yes,25,"short-desc; uncategorized"
04-414-20,"Yasargil Xtended Aneurysm Clip",Neurosurgery,Micro Instruments,no,50,"no-image"
04-516-07,"DeBakey Bulldog Clamp",General Surgery,Tissue Forceps,no,61,"no-image"
28-240-06,"Medicine Cup",Uncategorized,General,yes,26,"short-desc; uncategorized"
04-490-35,"DeBakey-Diethrich Bulldog Clamp",General Surgery,Tissue Forceps,no,90,"no-image"
04-488-45,"DeBakey-Diethrich Bulldog Clamp",General Surgery,Tissue Forceps,no,92,"no-image"
04-678-20,"Heiss Dissecting &#038; ligature forceps",ENT,Ear & Nasal Forceps,no,52,"no-image"
04-494-30,"Mini-Glover Bulldog Clamp",Cardiovascular,Vascular Clamps,no,82,"no-image"
04-400-20,"Yasargil Xtended Aneurysm Clip",Neurosurgery,Micro Instruments,no,50,"no-image"
04-498-30,"Mini-Glover Bulldog Clamp",Cardiovascular,Vascular Clamps,no,80,"no-image"
04-720-18,"Mixter Dissecting / Ligature Forceps",General Surgery,Hemostatic Forceps,no,51,"no-image"
04-674-16,"Mixter-Baby Dissecting &#038; ligature forceps",General Surgery,Hemostatic Forceps,no,56,"no-image"
04-440-20,"Yasargil Xtended Aneurysm Clip",Neurosurgery,Micro Instruments,no,50,"no-image"
04-506-01,"Mini-Glover Bulldog Clamp",Cardiovascular,Vascular Clamps,no,64,"no-image"
04-390-20,"Yasargil Xtended Aneurysm Clip",Neurosurgery,Micro Instruments,no,50,"no-image"
04-286-20,"Yasargil Xtended Aneurysm Clip",Neurosurgery,Micro Instruments,no,53,"no-image"
04-240-20,"Yasargil Xtended Aneurysm Clip",Neurosurgery,Micro Instruments,no,50,"no-image"
04-230-20,"Yasargil Xtended Aneurysm Clip",Neurosurgery,Micro Instruments,no,50,"no-image"
04-172-01,"Muller Vessel Clip",Uncategorized,General,yes,46,"short-desc; uncategorized"
04-100-02,"Muller Vessel Clips",Uncategorized,General,yes,38,"short-desc; uncategorized"
04-302-20,"Yasargil Xtended Aneurysm Clip",Neurosurgery,Micro Instruments,no,50,"no-image"
04-234-20,"Yasargil Xtended Aneurysm Clip",Neurosurgery,Micro Instruments,no,53,"no-image"
04-206-20,"Yasargil Xtended Aneurysm Clip",Neurosurgery,Micro Instruments,no,50,"no-image"
04-144-02,"Muller Vessel Clips",Uncategorized,General,yes,39,"short-desc; uncategorized"
28-326-02,"Irrigator",Uncategorized,General,yes,15,"short-desc; uncategorized"
04-188-04,"Mini Vessel Clip",Uncategorized,General,yes,44,"short-desc; uncategorized"
04-310-20,"Yasargil Xtended Aneurysm Clip",Neurosurgery,Micro Instruments,no,52,"no-image"
04-282-20,"Yasargil Xtended Aneurysm Clip",Neurosurgery,Micro Instruments,no,50,"no-image"
04-168-05,"Biemer Vessel Clip",Uncategorized,General,yes,46,"short-desc; uncategorized"
04-168-04,"Biemer Vessel Clip",Uncategorized,General,yes,46,"short-desc; uncategorized"
04-132-02,"Muller Vessel Clips",Uncategorized,General,yes,38,"short-desc; uncategorized"
04-116-02,"Muller Vessel Clips",Uncategorized,General,yes,39,"short-desc; uncategorized"
04-306-20,"Yasargil Xtended Aneurysm Clip (Bayonet)",Neurosurgery,Micro Instruments,no,60,"no-image"
04-170-05,"Biemer Vessel Clip",Uncategorized,General,yes,46,"short-desc; uncategorized"
03-234-15,"Russ",Uncategorized,General,yes,34,"short-desc; uncategorized"
02-292-22,"Strully",Uncategorized,General,yes,46,"short-desc; uncategorized"
02-308-15,"Schuhmacher",Uncategorized,General,yes,40,"short-desc; uncategorized"
02-290-14,"Favaloro",Uncategorized,General,yes,36,"short-desc; uncategorized"
02-230-15,"Cottle",Uncategorized,General,yes,31,"short-desc; uncategorized"
02-226-14,"Cinelli",Uncategorized,General,yes,38,"short-desc; uncategorized"
28-326-03,"Irrigator",Uncategorized,General,yes,15,"short-desc; uncategorized"
02-304-18,"Waldmann",Uncategorized,General,yes,36,"short-desc; uncategorized"
28-330-02,"Measuring Jug",Uncategorized,General,yes,21,"short-desc; uncategorized"
02-222-10,"Converse",Uncategorized,General,yes,40,"short-desc; uncategorized"
02-306-10,"Mod",Uncategorized,General,yes,37,"short-desc; uncategorized"
02-300-19,"Good",Uncategorized,General,yes,38,"short-desc; uncategorized"
02-291-20,"Strully",Uncategorized,General,yes,33,"short-desc; uncategorized"
02-220-10,"Converse",Uncategorized,General,yes,40,"short-desc; uncategorized"
02-224-11,"Cinelli",Uncategorized,General,yes,40,"short-desc; uncategorized"
02-236-11,"La Grange",Uncategorized,General,yes,41,"short-desc; uncategorized"
28-330-03,"Measuring Jug",Uncategorized,General,yes,22,"short-desc; uncategorized"
28-330-04,"Measuring Jug",Uncategorized,General,yes,22,"short-desc; uncategorized"
02-158-15,"Metzenbaum-Nelson Dissecting Scissors",General Surgery,Scissors,no,52,"no-image"
02-166-15,"Reynolds",Uncategorized,General,yes,48,"short-desc; uncategorized"
28-398-01,"Bedpan",Uncategorized,General,yes,19,"short-desc; uncategorized"
28-400-01,"Bedpan",Uncategorized,General,yes,19,"short-desc; uncategorized"
28-406-00,"Bedpan Simple",Uncategorized,General,yes,13,"short-desc; uncategorized"
28-348-01,"Sputum Cup",Uncategorized,General,yes,24,"short-desc; uncategorized"
28-366-50,"Needle Cases Perforated",Uncategorized,General,yes,41,"short-desc; uncategorized"
15-485-03,"Kerrison Laminectomy Punch",Orthopedic,Rongeurs,no,116,"no-image"
28-326-01,"Irrigator",Uncategorized,General,yes,15,"short-desc; uncategorized"
27-166-13,"Obwegesser Flat Nose Pliers",Uncategorized,General,yes,34,"short-desc; uncategorized"
27-160-24,"Obwegesser Zygomatic Arch Awl",Uncategorized,General,yes,36,"short-desc; uncategorized"
29-140-53,"Dissecting Kit &#8211; Set of 53 Pcs (Packed in Pouch)",Uncategorized,General,yes,48,"short-desc; uncategorized"
27-118-16,"Obwegesser chin holder",Uncategorized,General,yes,38,"short-desc; uncategorized"
06-418-02,"Sterberg Lip and Cheek Retracror",Uncategorized,General,yes,39,"short-desc; uncategorized"
06-418-04,"Sterberg Lip and Cheek Retracror",Uncategorized,General,yes,39,"short-desc; uncategorized"
25-116-09,"Maunder Mouth gags wood",Uncategorized,General,yes,31,"short-desc; uncategorized"
06-418-03,"Sterberg Lip and Cheek Retracror",Uncategorized,General,yes,41,"short-desc; uncategorized"
23-510-16,"Gerzog Paracentesis Needle",Uncategorized,General,yes,33,"short-desc; uncategorized"
23-490-17,"Weber-Loch Foreign body instruments",Uncategorized,General,yes,42,"short-desc; uncategorized"
20-266-26,"Beacham Amniotome",Uncategorized,General,yes,24,"short-desc; uncategorized"
11-402-14,"Castroviejo Needle Holder",General Surgery,Needle Holders,no,63,"no-image"
18-273-15,"Sims Rectal Speculum",General Surgery,Scissors,no,58,"no-image"
15-499-06,"Kerrison Laminectomy Punch",Orthopedic,Rongeurs,no,102,"no-image"
18-271-14,"Killian Rectal Speculum",ENT,Ear & Nasal Speculums,no,61,"no-image"
18-184-00,"De Martel-Wolfson Intestinal Anastomosis Clamp",General Surgery,Clamps,no,111,"no-image"
15-617-40,"Blunt Blades PEEK ? Rotatating",Uncategorized,General,yes,42,"short-desc; uncategorized"
15-603-25,"Lateral Serrated Blades",Uncategorized,General,yes,35,"short-desc; uncategorized"
15-613-40,"Lateral Serrated Blades PEEK",Uncategorized,General,yes,40,"short-desc; uncategorized"
19-178-00,"Guyon Urethral bougies and dilating sounds",Gynecology,Dilators & Sounds,no,127,"no-image"
15-109-01,"Crutchfield Skull Traction Tong",Uncategorized,General,yes,46,"short-desc; uncategorized"
13-977-18,"Countersink",Uncategorized,General,yes,49,"short-desc; uncategorized"
15-307-01,"Hardy-Fahlbusch (Small-Tip)",Uncategorized,General,yes,43,"short-desc; uncategorized"
13-970-14,"Finger Ring Saw",Uncategorized,General,yes,24,"short-desc; uncategorized"
09-130-12,"Redon Needle",Uncategorized,General,yes,40,"short-desc; uncategorized"
08-162-02,"Iwanson Caliper",Uncategorized,General,yes,41,"short-desc; uncategorized"
09-130-16,"Redon Needle",Uncategorized,General,yes,40,"short-desc; uncategorized"
09-132-12,"Redon Needle",Uncategorized,General,yes,42,"short-desc; uncategorized"
09-132-16,"Redon Needle",Uncategorized,General,yes,42,"short-desc; uncategorized"
09-134-12,"Redon Needle",Uncategorized,General,yes,42,"short-desc; uncategorized"
13-188-20,"Midi Cutter",Uncategorized,General,yes,42,"short-desc; uncategorized"
13-202-20,"Wrench",Uncategorized,General,yes,46,"short-desc; uncategorized"
13-254-00,"Virchow Skull Breaker",Uncategorized,General,yes,29,"short-desc; uncategorized"
13-186-18,"Midi Cutter",Uncategorized,General,yes,42,"short-desc; uncategorized"
09-130-14,"Redon Needle",Uncategorized,General,yes,40,"short-desc; uncategorized"
09-130-10,"Redon Needle",Uncategorized,General,yes,40,"short-desc; uncategorized"
09-130-18,"Redon Needle",Uncategorized,General,yes,40,"short-desc; uncategorized"
09-132-10,"Redon Needle",Uncategorized,General,yes,42,"short-desc; uncategorized"
09-132-14,"Redon Needle",Uncategorized,General,yes,42,"short-desc; uncategorized"
09-132-18,"Redon Needle",Uncategorized,General,yes,42,"short-desc; uncategorized"
09-134-10,"Redon Needle",Uncategorized,General,yes,42,"short-desc; uncategorized"
09-134-14,"Redon Needle",Uncategorized,General,yes,42,"short-desc; uncategorized"
09-134-18,"Redon Needle",Uncategorized,General,yes,42,"short-desc; uncategorized"
09-136-10,"Redon Needle",Uncategorized,General,yes,42,"short-desc; uncategorized"
09-136-14,"Redon Needle",Uncategorized,General,yes,42,"short-desc; uncategorized"
09-136-18,"Redon Needle",Uncategorized,General,yes,42,"short-desc; uncategorized"
09-136-12,"Redon Needle",Uncategorized,General,yes,42,"short-desc; uncategorized"
09-136-16,"Redon Needle",Uncategorized,General,yes,42,"short-desc; uncategorized"
09-302-02,"Heparin Flushing needle",Uncategorized,General,yes,38,"short-desc; uncategorized"
09-302-03,"Heparin Flushing needle",Uncategorized,General,yes,40,"short-desc; uncategorized"
09-262-13,"Yasargil Suction Tube",General Surgery,Suction Tubes,no,97,"no-image"
09-302-04,"Heparin Flushing needle",Uncategorized,General,yes,39,"short-desc; uncategorized"
02-168-15,"Reynolds",Uncategorized,General,yes,46,"short-desc; uncategorized"
02-168-18,"Reynolds",Uncategorized,General,yes,44,"short-desc; uncategorized"
02-306-12,"Mod",Uncategorized,General,yes,37,"short-desc; uncategorized"
02-298-17,"Dean",Uncategorized,General,yes,46,"short-desc; uncategorized"
02-306-15,"Mod",Uncategorized,General,yes,35,"short-desc; uncategorized"
13-210-01,"Fixation disc",Uncategorized,General,yes,22,"short-desc; uncategorized"
03-234-20,"Russ",Uncategorized,General,yes,34,"short-desc; uncategorized"
03-234-25,"Russ",Uncategorized,General,yes,36,"short-desc; uncategorized"
04-104-02,"Muller Vessel Clips",Uncategorized,General,yes,38,"short-desc; uncategorized"
20-232-02,"Uterine Dilator",Gynecology,Dilators & Sounds,no,53,"no-image"
04-100-04,"Muller Vessel Clips",Uncategorized,General,yes,38,"short-desc; uncategorized"
04-102-12,"Muller Vessel Clips",Uncategorized,General,yes,38,"short-desc; uncategorized"
04-102-14,"Muller Vessel Clips",Uncategorized,General,yes,38,"short-desc; uncategorized"
04-108-02,"Muller Vessel Clips",Uncategorized,General,yes,38,"short-desc; uncategorized"
04-110-12,"Muller Vessel Clips",Uncategorized,General,yes,38,"short-desc; uncategorized"
04-110-14,"Muller Vessel Clips",Uncategorized,General,yes,38,"short-desc; uncategorized"
04-112-02,"Muller Vessel Clips",Uncategorized,General,yes,38,"short-desc; uncategorized"
04-112-04,"Muller Vessel Clips",Uncategorized,General,yes,38,"short-desc; uncategorized"
04-114-02,"Muller Vessel Clips",Uncategorized,General,yes,38,"short-desc; uncategorized"
04-114-04,"Muller Vessel Clips",Uncategorized,General,yes,38,"short-desc; uncategorized"
04-118-12,"Muller Vessel Clips",Uncategorized,General,yes,39,"short-desc; uncategorized"
04-118-14,"Muller Vessel Clips",Uncategorized,General,yes,39,"short-desc; uncategorized"
04-120-02,"Muller Vessel Clips",Uncategorized,General,yes,39,"short-desc; uncategorized"
04-120-04,"Muller Vessel Clips",Uncategorized,General,yes,39,"short-desc; uncategorized"
04-122-12,"Muller Vessel Clips",Uncategorized,General,yes,39,"short-desc; uncategorized"
04-122-14,"Muller Vessel Clips",Uncategorized,General,yes,39,"short-desc; uncategorized"
04-124-02,"Muller Vessel Clips",Uncategorized,General,yes,39,"short-desc; uncategorized"
04-124-04,"Muller Vessel Clips",Uncategorized,General,yes,39,"short-desc; uncategorized"
04-126-12,"Muller Vessel Clips",Uncategorized,General,yes,39,"short-desc; uncategorized"
04-126-14,"Muller Vessel Clips",Uncategorized,General,yes,39,"short-desc; uncategorized"
04-128-02,"Muller Vessel Clips",Uncategorized,General,yes,39,"short-desc; uncategorized"
04-128-04,"Muller Vessel Clips",Uncategorized,General,yes,39,"short-desc; uncategorized"
04-130-02,"Muller Vessel Clips",Uncategorized,General,yes,39,"short-desc; uncategorized"
04-130-04,"Muller Vessel Clips",Uncategorized,General,yes,39,"short-desc; uncategorized"
04-132-04,"Muller Vessel Clips",Uncategorized,General,yes,38,"short-desc; uncategorized"
04-134-12,"Muller Vessel Clips",Uncategorized,General,yes,38,"short-desc; uncategorized"
04-134-14,"Muller Vessel Clips",Uncategorized,General,yes,38,"short-desc; uncategorized"
04-106-14,"Muller Vessel Clips",Uncategorized,General,yes,38,"short-desc; uncategorized"
04-108-04,"Muller Vessel Clips",Uncategorized,General,yes,38,"short-desc; uncategorized"
04-142-12,"Muller Vessel Clips",Uncategorized,General,yes,38,"short-desc; uncategorized"
04-142-14,"Muller Vessel Clips",Uncategorized,General,yes,38,"short-desc; uncategorized"
04-144-04,"Muller Vessel Clips",Uncategorized,General,yes,39,"short-desc; uncategorized"
04-146-02,"Muller Vessel Clips",Uncategorized,General,yes,39,"short-desc; uncategorized"
04-148-12,"Muller Vessel Clips",Uncategorized,General,yes,39,"short-desc; uncategorized"
04-148-14,"Muller Vessel Clips",Uncategorized,General,yes,39,"short-desc; uncategorized"
04-150-02,"Muller Vessel Clips",Uncategorized,General,yes,39,"short-desc; uncategorized"
04-150-04,"Muller Vessel Clips",Uncategorized,General,yes,39,"short-desc; uncategorized"
04-152-12,"Muller Vessel Clips",Uncategorized,General,yes,39,"short-desc; uncategorized"
04-152-14,"Muller Vessel Clips",Uncategorized,General,yes,39,"short-desc; uncategorized"
04-172-02,"Muller Vessel Clip",Uncategorized,General,yes,46,"short-desc; uncategorized"
04-172-03,"Muller Vessel Clip",Uncategorized,General,yes,46,"short-desc; uncategorized"
04-172-04,"Muller Vessel Clip",Uncategorized,General,yes,46,"short-desc; uncategorized"
04-188-06,"Mini Vessel Clip",Uncategorized,General,yes,44,"short-desc; uncategorized"
04-188-08,"Mini Vessel Clip",Uncategorized,General,yes,44,"short-desc; uncategorized"
04-188-10,"Mini Vessel Clip",Uncategorized,General,yes,45,"short-desc; uncategorized"
04-138-12,"Muller Vessel Clips",Uncategorized,General,yes,38,"short-desc; uncategorized"
04-140-04,"Muller Vessel Clips",Uncategorized,General,yes,38,"short-desc; uncategorized"
04-146-04,"Muller Vessel Clips",Uncategorized,General,yes,39,"short-desc; uncategorized"
04-138-14,"Muller Vessel Clips",Uncategorized,General,yes,38,"short-desc; uncategorized"
15-485-04,"Kerrison Laminectomy Punch",Orthopedic,Rongeurs,no,116,"no-image"
11-552-02,"Reverdin Needle",Uncategorized,General,yes,38,"short-desc; uncategorized"
11-554-04,"Reverdin Needle",Uncategorized,General,yes,36,"short-desc; uncategorized"
11-582-02,"Brunner Ligature Needle",Uncategorized,General,yes,38,"short-desc; uncategorized"
13-106-92,"Charriere Amputation Saw",Uncategorized,General,yes,41,"short-desc; uncategorized"
13-108-87,"Bier Amputation Saw",Uncategorized,General,yes,35,"short-desc; uncategorized"
13-116-01,"Hudson Hand Drill",Uncategorized,General,yes,20,"short-desc; uncategorized"
13-116-05,"Hudson Hand Drill",Uncategorized,General,yes,21,"short-desc; uncategorized"
13-116-08,"Hudson Hand Drill",Uncategorized,General,yes,12,"short-desc; uncategorized"
13-156-03,"Flat Nose Plier",Uncategorized,General,yes,43,"short-desc; uncategorized"
11-550-03,"Reverdin Needle",Uncategorized,General,yes,39,"short-desc; uncategorized"
11-552-03,"Reverdin Needle",Uncategorized,General,yes,38,"short-desc; uncategorized"
11-554-02,"Reverdin Needle",Uncategorized,General,yes,36,"short-desc; uncategorized"
11-590-29,"Demel Wire Guide",Uncategorized,General,yes,31,"short-desc; uncategorized"
11-598-02,"Konig Ligature Conductor",Uncategorized,General,yes,39,"short-desc; uncategorized"
13-108-83,"Bier Amputation Saw",Uncategorized,General,yes,35,"short-desc; uncategorized"
13-116-02,"Hudson Hand Drill",Uncategorized,General,yes,20,"short-desc; uncategorized"
13-116-09,"Hudson Hand Drill",Uncategorized,General,yes,23,"short-desc; uncategorized"
11-550-04,"Reverdin Needle",Uncategorized,General,yes,39,"short-desc; uncategorized"
13-116-06,"Hudson Hand Drill",Uncategorized,General,yes,19,"short-desc; uncategorized"
13-104-90,"Satterlee Amputation Saw",Uncategorized,General,yes,29,"short-desc; uncategorized"
13-106-95,"Charriere Amputation Saw",Uncategorized,General,yes,41,"short-desc; uncategorized"
11-584-02,"Brunner Ligature Needle",Uncategorized,General,yes,38,"short-desc; uncategorized"
11-590-31,"Demel Wire Guide",Uncategorized,General,yes,31,"short-desc; uncategorized"
13-108-85,"Bier Amputation Saw",Uncategorized,General,yes,35,"short-desc; uncategorized"
13-116-04,"Hudson Hand Drill",Uncategorized,General,yes,22,"short-desc; uncategorized"
13-116-07,"Hudson Hand Drill",Uncategorized,General,yes,12,"short-desc; uncategorized"
13-152-24,"Vise Grip",Uncategorized,General,yes,33,"short-desc; uncategorized"
13-190-22,"Maxi Cutter",Uncategorized,General,yes,42,"short-desc; uncategorized"
11-598-03,"Konig Ligature Conductor",Uncategorized,General,yes,39,"short-desc; uncategorized"
13-106-98,"Charriere Amputation Saw",Uncategorized,General,yes,41,"short-desc; uncategorized"
11-554-03,"Reverdin Needle",Uncategorized,General,yes,36,"short-desc; uncategorized"
13-102-90,"Charriere Amputation Saw",Uncategorized,General,yes,29,"short-desc; uncategorized"
13-232-10,"T handle for quick coupling",Uncategorized,General,yes,34,"short-desc; uncategorized"
13-156-02,"Flat Nose Plier",Uncategorized,General,yes,43,"short-desc; uncategorized"
13-164-02,"Flat Nose Plier",Uncategorized,General,yes,45,"short-desc; uncategorized"
13-224-18,"Steinmann pin",Uncategorized,General,yes,39,"short-desc; uncategorized"
13-224-20,"Steinmann pin",Uncategorized,General,yes,39,"short-desc; uncategorized"
13-210-02,"Fixation disc",Uncategorized,General,yes,37,"short-desc; uncategorized"
15-653-12,"Distraction Pin A/B",Uncategorized,General,yes,29,"short-desc; uncategorized"
13-240-02,"Bunnell Hand Drill",Uncategorized,General,yes,26,"short-desc; uncategorized"
13-224-16,"Steinmann pin",Uncategorized,General,yes,39,"short-desc; uncategorized"
15-466-02,"Kerrison Laminectomy Punch",Orthopedic,Rongeurs,no,72,"no-image"
15-466-03,"Kerrison Laminectomy Punch",Orthopedic,Rongeurs,no,72,"no-image"
15-466-04,"Kerrison Laminectomy Punch",Orthopedic,Rongeurs,no,72,"no-image"
15-466-05,"Kerrison Laminectomy Punch",Orthopedic,Rongeurs,no,72,"no-image"
15-466-06,"Kerrison Laminectomy Punch",Orthopedic,Rongeurs,no,72,"no-image"
15-467-02,"Kerrison Laminectomy Punch",Orthopedic,Rongeurs,no,72,"no-image"
15-467-03,"Kerrison Laminectomy Punch",Orthopedic,Rongeurs,no,72,"no-image"
15-467-04,"Kerrison Laminectomy Punch",Orthopedic,Rongeurs,no,72,"no-image"
15-467-05,"Kerrison Laminectomy Punch",Orthopedic,Rongeurs,no,72,"no-image"
15-467-06,"Kerrison Laminectomy Punch",Orthopedic,Rongeurs,no,72,"no-image"
13-396-01,"Volkmann Bone Curette",General Surgery,Retractors,no,62,"no-image"
13-400-01,"Spratt Bone Curette",Orthopedic,Bone Curettes,no,60,"no-image"
15-473-05,"Laminectomy Punch Shaft",Neurosurgery,Kerrisons,no,101,"no-image"
13-696-01,"Tendon passing instrument",Uncategorized,General,yes,46,"short-desc; uncategorized"
15-473-06,"Laminectomy Punch Shaft",Neurosurgery,Kerrisons,no,101,"no-image"
13-975-04,"Hexagonal screw driver",Uncategorized,General,yes,37,"short-desc; uncategorized"
13-986-02,"Depth Gauge",Uncategorized,General,yes,48,"short-desc; uncategorized"
13-983-02,"Double Drill Sleeve",Uncategorized,General,yes,31,"short-desc; uncategorized"
13-984-02,"Double Drill Sleeve",Uncategorized,General,yes,31,"short-desc; uncategorized"
13-986-03,"Depth Gauge",Uncategorized,General,yes,48,"short-desc; uncategorized"
13-986-04,"Depth Gauge",Uncategorized,General,yes,48,"short-desc; uncategorized"
13-986-05,"Depth Gauge",Uncategorized,General,yes,48,"short-desc; uncategorized"
13-986-06,"Depth Gauge",Uncategorized,General,yes,48,"short-desc; uncategorized"
13-986-07,"Depth Gauge",Uncategorized,General,yes,49,"short-desc; uncategorized"
13-986-08,"Depth Gauge",Uncategorized,General,yes,49,"short-desc; uncategorized"
13-986-09,"Depth Gauge",Uncategorized,General,yes,49,"short-desc; uncategorized"
13-987-02,"Cerclage wire with eye",Uncategorized,General,yes,43,"short-desc; uncategorized"
13-987-03,"Cerclage wire with eye",Uncategorized,General,yes,43,"short-desc; uncategorized"
13-987-04,"Cerclage wire with eye",Uncategorized,General,yes,43,"short-desc; uncategorized"
13-987-05,"Cerclage wire with eye",Uncategorized,General,yes,43,"short-desc; uncategorized"
13-975-03,"Hexagonal screw driver",Uncategorized,General,yes,37,"short-desc; uncategorized"
13-971-30,"Walton Finger Ring Saw",Uncategorized,General,yes,45,"short-desc; uncategorized"
13-988-04,"Cerclage wire without eye",Uncategorized,General,yes,46,"short-desc; uncategorized"
13-988-05,"Cerclage wire without eye",Uncategorized,General,yes,46,"short-desc; uncategorized"
13-992-01,"Epiphyseal Staples Set",Uncategorized,General,yes,25,"short-desc; uncategorized"
13-992-02,"Epiphyseal Staples Set",Uncategorized,General,yes,25,"short-desc; uncategorized"
13-992-03,"Epiphyseal Staples Set",Uncategorized,General,yes,47,"short-desc; uncategorized"
13-992-04,"Epiphyseal Staples Set",Uncategorized,General,yes,27,"short-desc; uncategorized"
14-138-02,"Rib Retractor",General Surgery,Retractors,no,98,"no-image"
13-988-02,"Cerclage wire without eye",Uncategorized,General,yes,48,"short-desc; uncategorized"
13-988-03,"Cerclage wire without eye",Uncategorized,General,yes,46,"short-desc; uncategorized"
14-272-19,"Gregory",Uncategorized,General,yes,45,"short-desc; uncategorized"
15-307-02,"Hardy-Fahlbusch (Small-Tip)",Uncategorized,General,yes,37,"short-desc; uncategorized"
15-307-03,"Hardy-Fahlbusch (Small-Tip)",Uncategorized,General,yes,36,"short-desc; uncategorized"
15-307-04,"Hardy-Fahlbusch (Small-Tip)",Uncategorized,General,yes,37,"short-desc; uncategorized"
15-307-05,"Hardy-Fahlbusch (Small-Tip)",Uncategorized,General,yes,36,"short-desc; uncategorized"
15-308-01,"Hardy-Fahlbusch (Small-Tip)",Uncategorized,General,yes,43,"short-desc; uncategorized"
15-308-03,"Hardy-Fahlbusch (Small-Tip)",Uncategorized,General,yes,36,"short-desc; uncategorized"
15-308-04,"Hardy-Fahlbusch (Small-Tip)",Uncategorized,General,yes,37,"short-desc; uncategorized"
15-308-05,"Hardy-Fahlbusch (Small-Tip)",Uncategorized,General,yes,36,"short-desc; uncategorized"
15-433-02,"Kerrison Laminectomy Punch",Orthopedic,Rongeurs,no,86,"no-image"
15-433-03,"Kerrison Laminectomy Punch",Orthopedic,Rongeurs,no,86,"no-image"
15-433-04,"Kerrison Laminectomy Punch",Orthopedic,Rongeurs,no,86,"no-image"
15-433-05,"Kerrison Laminectomy Punch",Orthopedic,Rongeurs,no,86,"no-image"
15-433-06,"Kerrison Laminectomy Punch",Orthopedic,Rongeurs,no,86,"no-image"
15-434-02,"Kerrison Laminectomy Punch",Orthopedic,Rongeurs,no,86,"no-image"
15-434-03,"Kerrison Laminectomy Punch",Orthopedic,Rongeurs,no,86,"no-image"
15-434-04,"Kerrison Laminectomy Punch",Orthopedic,Rongeurs,no,86,"no-image"
15-434-05,"Kerrison Laminectomy Punch",Orthopedic,Rongeurs,no,86,"no-image"
15-434-06,"Kerrison Laminectomy Punch",Orthopedic,Rongeurs,no,86,"no-image"
15-436-02,"Kerrison Laminectomy Punch",Orthopedic,Rongeurs,no,86,"no-image"
15-436-03,"Kerrison Laminectomy Punch",Orthopedic,Rongeurs,no,86,"no-image"
15-436-04,"Kerrison Laminectomy Punch",Orthopedic,Rongeurs,no,86,"no-image"
15-436-05,"Kerrison Laminectomy Punch",Orthopedic,Rongeurs,no,86,"no-image"
15-436-06,"Kerrison Laminectomy Punch",Orthopedic,Rongeurs,no,86,"no-image"
15-437-02,"Kerrison Laminectomy Punch",Orthopedic,Rongeurs,no,86,"no-image"
15-437-03,"Kerrison Laminectomy Punch",Orthopedic,Rongeurs,no,86,"no-image"
15-437-04,"Kerrison Laminectomy Punch",Orthopedic,Rongeurs,no,86,"no-image"
15-437-05,"Kerrison Laminectomy Punch",Orthopedic,Rongeurs,no,86,"no-image"
15-437-06,"Kerrison Laminectomy Punch",Orthopedic,Rongeurs,no,86,"no-image"
15-439-02,"Kerrison Laminectomy Punch",Orthopedic,Rongeurs,no,88,"no-image"
15-439-03,"Kerrison Laminectomy Punch",Orthopedic,Rongeurs,no,88,"no-image"
15-439-04,"Kerrison Laminectomy Punch",Orthopedic,Rongeurs,no,88,"no-image"
15-439-05,"Kerrison Laminectomy Punch",Orthopedic,Rongeurs,no,88,"no-image"
15-439-06,"Kerrison Laminectomy Punch",Orthopedic,Rongeurs,no,88,"no-image"
15-440-02,"Kerrison Laminectomy Punch",Orthopedic,Rongeurs,no,88,"no-image"
15-440-03,"Kerrison Laminectomy Punch",Orthopedic,Rongeurs,no,88,"no-image"
15-440-04,"Kerrison Laminectomy Punch",Orthopedic,Rongeurs,no,88,"no-image"
15-440-05,"Kerrison Laminectomy Punch",Orthopedic,Rongeurs,no,88,"no-image"
15-440-06,"Kerrison Laminectomy Punch",Orthopedic,Rongeurs,no,88,"no-image"
15-442-02,"Kerrison Laminectomy Punch",Orthopedic,Rongeurs,no,88,"no-image"
15-442-03,"Kerrison Laminectomy Punch",Orthopedic,Rongeurs,no,88,"no-image"
15-442-04,"Kerrison Laminectomy Punch",Orthopedic,Rongeurs,no,88,"no-image"
15-442-05,"Kerrison Laminectomy Punch",Orthopedic,Rongeurs,no,88,"no-image"
15-442-06,"Kerrison Laminectomy Punch",Orthopedic,Rongeurs,no,88,"no-image"
15-443-02,"Kerrison Laminectomy Punch",Orthopedic,Rongeurs,no,88,"no-image"
15-443-03,"Kerrison Laminectomy Punch",Orthopedic,Rongeurs,no,88,"no-image"
15-443-04,"Kerrison Laminectomy Punch",Orthopedic,Rongeurs,no,88,"no-image"
15-443-05,"Kerrison Laminectomy Punch",Orthopedic,Rongeurs,no,88,"no-image"
15-443-06,"Kerrison Laminectomy Punch",Orthopedic,Rongeurs,no,88,"no-image"
11-550-02,"Reverdin Needle",Uncategorized,General,yes,39,"short-desc; uncategorized"
15-445-02,"Kerrison Laminectomy Punch",Orthopedic,Rongeurs,no,84,"no-image"
15-445-03,"Kerrison Laminectomy Punch",Orthopedic,Rongeurs,no,84,"no-image"
15-445-04,"Kerrison Laminectomy Punch",Orthopedic,Rongeurs,no,84,"no-image"
15-445-05,"Kerrison Laminectomy Punch",Orthopedic,Rongeurs,no,84,"no-image"
15-445-06,"Kerrison Laminectomy Punch",Orthopedic,Rongeurs,no,84,"no-image"
15-448-02,"Kerrison Laminectomy Punch",Orthopedic,Rongeurs,no,84,"no-image"
15-448-03,"Kerrison Laminectomy Punch",Orthopedic,Rongeurs,no,84,"no-image"
15-448-04,"Kerrison Laminectomy Punch",Orthopedic,Rongeurs,no,84,"no-image"
15-448-05,"Kerrison Laminectomy Punch",Orthopedic,Rongeurs,no,84,"no-image"
15-448-06,"Kerrison Laminectomy Punch",Orthopedic,Rongeurs,no,84,"no-image"
15-449-02,"Kerrison Laminectomy Punch",Orthopedic,Rongeurs,no,84,"no-image"
15-449-03,"Kerrison Laminectomy Punch",Orthopedic,Rongeurs,no,84,"no-image"
13-987-06,"Cerclage wire with eye",Uncategorized,General,yes,43,"short-desc; uncategorized"
13-970-30,"Finger Ring Saw",Uncategorized,General,yes,37,"short-desc; uncategorized"
14-272-11,"Gregory",Uncategorized,General,yes,47,"short-desc; uncategorized"
15-449-04,"Kerrison Laminectomy Punch",Orthopedic,Rongeurs,no,84,"no-image"
15-449-05,"Kerrison Laminectomy Punch",Orthopedic,Rongeurs,no,84,"no-image"
15-449-06,"Kerrison Laminectomy Punch",Orthopedic,Rongeurs,no,84,"no-image"
15-451-02,"Kerrison Laminectomy Punch",Orthopedic,Rongeurs,no,86,"no-image"
15-451-03,"Kerrison Laminectomy Punch",Orthopedic,Rongeurs,no,86,"no-image"
15-451-04,"Kerrison Laminectomy Punch",Orthopedic,Rongeurs,no,86,"no-image"
15-451-05,"Kerrison Laminectomy Punch",Orthopedic,Rongeurs,no,86,"no-image"
15-451-06,"Kerrison Laminectomy Punch",Orthopedic,Rongeurs,no,86,"no-image"
15-452-02,"Kerrison Laminectomy Punch",Orthopedic,Rongeurs,no,86,"no-image"
15-452-03,"Kerrison Laminectomy Punch",Orthopedic,Rongeurs,no,86,"no-image"
15-452-04,"Kerrison Laminectomy Punch",Orthopedic,Rongeurs,no,86,"no-image"
15-452-05,"Kerrison Laminectomy Punch",Orthopedic,Rongeurs,no,86,"no-image"
15-452-06,"Kerrison Laminectomy Punch",Orthopedic,Rongeurs,no,86,"no-image"
15-454-02,"Kerrison Laminectomy Punch",Orthopedic,Rongeurs,no,86,"no-image"
15-454-03,"Kerrison Laminectomy Punch",Orthopedic,Rongeurs,no,86,"no-image"
15-454-04,"Kerrison Laminectomy Punch",Orthopedic,Rongeurs,no,86,"no-image"
15-454-05,"Kerrison Laminectomy Punch",Orthopedic,Rongeurs,no,86,"no-image"
15-454-06,"Kerrison Laminectomy Punch",Orthopedic,Rongeurs,no,86,"no-image"
15-455-02,"Kerrison Laminectomy Punch",Orthopedic,Rongeurs,no,86,"no-image"
15-455-03,"Kerrison Laminectomy Punch",Orthopedic,Rongeurs,no,86,"no-image"
15-455-04,"Kerrison Laminectomy Punch",Orthopedic,Rongeurs,no,86,"no-image"
15-455-05,"Kerrison Laminectomy Punch",Orthopedic,Rongeurs,no,86,"no-image"
15-455-06,"Kerrison Laminectomy Punch",Orthopedic,Rongeurs,no,86,"no-image"
15-457-02,"Kerrison Laminectomy Punch",Orthopedic,Rongeurs,no,70,"no-image"
15-457-03,"Kerrison Laminectomy Punch",Orthopedic,Rongeurs,no,70,"no-image"
15-457-04,"Kerrison Laminectomy Punch",Orthopedic,Rongeurs,no,70,"no-image"
15-457-05,"Kerrison Laminectomy Punch",Orthopedic,Rongeurs,no,70,"no-image"
15-457-06,"Kerrison Laminectomy Punch",Orthopedic,Rongeurs,no,70,"no-image"
15-458-02,"Kerrison Laminectomy Punch",Orthopedic,Rongeurs,no,70,"no-image"
15-458-03,"Kerrison Laminectomy Punch",Orthopedic,Rongeurs,no,70,"no-image"
15-458-04,"Kerrison Laminectomy Punch",Orthopedic,Rongeurs,no,70,"no-image"
15-458-05,"Kerrison Laminectomy Punch",Orthopedic,Rongeurs,no,70,"no-image"
24-139-03,"BLAKESLEY Nasal Forceps",ENT,Ear & Nasal Forceps,no,63,"no-image"
24-181-02,"Ferris-Smith-Kerrison 1mm",General Surgery,Tissue Forceps,no,54,"no-image"
24-181-03,"Ferris-Smith-Kerrison 1mm",General Surgery,Tissue Forceps,no,54,"no-image"
24-181-04,"Ferris-Smith-Kerrison 1mm",General Surgery,Tissue Forceps,no,54,"no-image"
24-181-05,"Ferris-Smith-Kerrison 1mm",General Surgery,Tissue Forceps,no,54,"no-image"
15-458-06,"Kerrison Laminectomy Punch",Orthopedic,Rongeurs,no,70,"no-image"
27-278-02,"Marchac Frontal template",Uncategorized,General,yes,49,"short-desc; uncategorized"
20-232-03,"Uterine Dilator",Gynecology,Dilators & Sounds,no,53,"no-image"
20-232-04,"Uterine Dilator",Gynecology,Dilators & Sounds,no,53,"no-image"
20-232-05,"Uterine Dilator",Gynecology,Dilators & Sounds,no,53,"no-image"
20-503-02,"Sims Uterine Curette",General Surgery,Scissors,no,57,"no-image"
20-503-03,"Sims Uterine Curette",General Surgery,Scissors,no,57,"no-image"
20-503-04,"Sims Uterine Curette",General Surgery,Scissors,no,57,"no-image"
20-503-05,"Sims Uterine Curette",General Surgery,Scissors,no,57,"no-image"
20-503-06,"Sims Uterine Curette",General Surgery,Scissors,no,57,"no-image"
20-503-07,"Sims Uterine Curette",General Surgery,Scissors,no,57,"no-image"
20-187-02,"Auvard Vaginal Speculum",ENT,Ear & Nasal Speculums,no,90,"no-image"
20-187-03,"Auvard Vaginal Speculum",ENT,Ear & Nasal Speculums,no,91,"no-image"
20-187-04,"Auvard Vaginal Speculum",ENT,Ear & Nasal Speculums,no,88,"no-image"
20-164-02,"Doyen Vaginal Speculum",ENT,Ear & Nasal Speculums,no,60,"no-image"
20-164-03,"Doyen Vaginal Speculum",ENT,Ear & Nasal Speculums,no,61,"no-image"
28-236-02,"Wash Basin",Uncategorized,General,yes,23,"short-desc; uncategorized"
28-236-03,"Wash Basin",Uncategorized,General,yes,23,"short-desc; uncategorized"
28-236-04,"Wash Basin",Uncategorized,General,yes,23,"short-desc; uncategorized"
28-236-05,"Wash Basin",Uncategorized,General,yes,23,"short-desc; uncategorized"
28-240-02,"Medicine Cup",Uncategorized,General,yes,25,"short-desc; uncategorized"
28-240-03,"Medicine Cup",Uncategorized,General,yes,25,"short-desc; uncategorized"
28-240-04,"Medicine Cup",Uncategorized,General,yes,25,"short-desc; uncategorized"
28-336-02,"Measuring Jug",Uncategorized,General,yes,35,"short-desc; uncategorized"
28-336-03,"Measuring Jug",Uncategorized,General,yes,36,"short-desc; uncategorized"
28-336-04,"Measuring Jug",Uncategorized,General,yes,36,"short-desc; uncategorized"
28-348-02,"Sputum Cup",Uncategorized,General,yes,25,"short-desc; uncategorized"
28-348-03,"Sputum Cup",Uncategorized,General,yes,25,"short-desc; uncategorized"
28-382-02,"Petri Dish",Uncategorized,General,yes,24,"short-desc; uncategorized"
28-382-03,"Petri Dish",Uncategorized,General,yes,25,"short-desc; uncategorized"
28-382-04,"Petri Dish",Uncategorized,General,yes,25,"short-desc; uncategorized"
15-460-02,"Kerrison Laminectomy Punch",Orthopedic,Rongeurs,no,70,"no-image"
15-460-03,"Kerrison Laminectomy Punch",Orthopedic,Rongeurs,no,70,"no-image"
15-460-04,"Kerrison Laminectomy Punch",Orthopedic,Rongeurs,no,70,"no-image"
15-460-05,"Kerrison Laminectomy Punch",Orthopedic,Rongeurs,no,70,"no-image"
15-460-06,"Kerrison Laminectomy Punch",Orthopedic,Rongeurs,no,70,"no-image"
15-461-02,"Kerrison Laminectomy Punch",Orthopedic,Rongeurs,no,70,"no-image"
15-461-03,"Kerrison Laminectomy Punch",Orthopedic,Rongeurs,no,70,"no-image"
15-461-04,"Kerrison Laminectomy Punch",Orthopedic,Rongeurs,no,70,"no-image"
15-461-05,"Kerrison Laminectomy Punch",Orthopedic,Rongeurs,no,70,"no-image"
15-461-06,"Kerrison Laminectomy Punch",Orthopedic,Rongeurs,no,70,"no-image"
15-469-02,"Laminectomy Punch Shaft",Neurosurgery,Kerrisons,no,99,"no-image"
15-469-03,"Laminectomy Punch Shaft",Neurosurgery,Kerrisons,no,99,"no-image"
15-469-04,"Laminectomy Punch Shaft",Neurosurgery,Kerrisons,no,99,"no-image"
15-469-05,"Laminectomy Punch Shaft",Neurosurgery,Kerrisons,no,99,"no-image"
15-469-06,"Laminectomy Punch Shaft",Neurosurgery,Kerrisons,no,99,"no-image"
15-470-02,"Laminectomy Punch Shaft",Neurosurgery,Kerrisons,no,99,"no-image"
15-470-03,"Laminectomy Punch Shaft",Neurosurgery,Kerrisons,no,99,"no-image"
15-470-04,"Laminectomy Punch Shaft",Neurosurgery,Kerrisons,no,99,"no-image"
15-470-05,"Laminectomy Punch Shaft",Neurosurgery,Kerrisons,no,99,"no-image"
15-470-06,"Laminectomy Punch Shaft",Neurosurgery,Kerrisons,no,99,"no-image"
15-472-02,"Laminectomy Punch Shaft",Neurosurgery,Kerrisons,no,101,"no-image"
15-472-03,"Laminectomy Punch Shaft",Neurosurgery,Kerrisons,no,101,"no-image"
15-472-04,"Laminectomy Punch Shaft",Neurosurgery,Kerrisons,no,101,"no-image"
15-472-05,"Laminectomy Punch Shaft",Neurosurgery,Kerrisons,no,101,"no-image"
15-472-06,"Laminectomy Punch Shaft",Neurosurgery,Kerrisons,no,101,"no-image"
15-473-02,"Laminectomy Punch Shaft",Neurosurgery,Kerrisons,no,101,"no-image"
15-473-03,"Laminectomy Punch Shaft",Neurosurgery,Kerrisons,no,101,"no-image"
15-473-04,"Laminectomy Punch Shaft",Neurosurgery,Kerrisons,no,101,"no-image"
15-475-02,"Kerrison Laminectomy Punch",Orthopedic,Rongeurs,no,109,"no-image"
15-475-03,"Kerrison Laminectomy Punch",Orthopedic,Rongeurs,no,109,"no-image"
15-475-04,"Kerrison Laminectomy Punch",Orthopedic,Rongeurs,no,109,"no-image"
15-475-05,"Kerrison Laminectomy Punch",Orthopedic,Rongeurs,no,109,"no-image"
15-475-06,"Kerrison Laminectomy Punch",Orthopedic,Rongeurs,no,109,"no-image"
15-476-02,"Kerrison Laminectomy Punch",Orthopedic,Rongeurs,no,109,"no-image"
15-476-03,"Kerrison Laminectomy Punch",Orthopedic,Rongeurs,no,109,"no-image"
15-476-04,"Kerrison Laminectomy Punch",Orthopedic,Rongeurs,no,109,"no-image"
15-476-05,"Kerrison Laminectomy Punch",Orthopedic,Rongeurs,no,109,"no-image"
15-476-06,"Kerrison Laminectomy Punch",Orthopedic,Rongeurs,no,109,"no-image"
15-478-02,"Kerrison Laminectomy Punch",Orthopedic,Rongeurs,no,116,"no-image"
15-478-03,"Kerrison Laminectomy Punch",Orthopedic,Rongeurs,no,116,"no-image"
15-478-04,"Kerrison Laminectomy Punch",Orthopedic,Rongeurs,no,116,"no-image"
15-478-05,"Kerrison Laminectomy Punch",Orthopedic,Rongeurs,no,116,"no-image"
15-478-06,"Kerrison Laminectomy Punch",Orthopedic,Rongeurs,no,116,"no-image"
15-481-02,"Kerrison Laminectomy Punch",Orthopedic,Rongeurs,no,109,"no-image"
15-481-03,"Kerrison Laminectomy Punch",Orthopedic,Rongeurs,no,109,"no-image"
15-481-04,"Kerrison Laminectomy Punch",Orthopedic,Rongeurs,no,109,"no-image"
15-481-05,"Kerrison Laminectomy Punch",Orthopedic,Rongeurs,no,109,"no-image"
15-481-06,"Kerrison Laminectomy Punch",Orthopedic,Rongeurs,no,109,"no-image"
15-482-02,"Kerrison Laminectomy Punch",Orthopedic,Rongeurs,no,109,"no-image"
15-482-03,"Kerrison Laminectomy Punch",Orthopedic,Rongeurs,no,109,"no-image"
15-482-04,"Kerrison Laminectomy Punch",Orthopedic,Rongeurs,no,109,"no-image"
15-482-05,"Kerrison Laminectomy Punch",Orthopedic,Rongeurs,no,109,"no-image"
15-482-06,"Kerrison Laminectomy Punch",Orthopedic,Rongeurs,no,109,"no-image"
15-484-02,"Kerrison Laminectomy Punch",Orthopedic,Rongeurs,no,116,"no-image"
15-484-03,"Kerrison Laminectomy Punch",Orthopedic,Rongeurs,no,116,"no-image"
15-484-04,"Kerrison Laminectomy Punch",Orthopedic,Rongeurs,no,116,"no-image"
15-484-05,"Kerrison Laminectomy Punch",Orthopedic,Rongeurs,no,116,"no-image"
15-484-06,"Kerrison Laminectomy Punch",Orthopedic,Rongeurs,no,116,"no-image"
15-485-02,"Kerrison Laminectomy Punch",Orthopedic,Rongeurs,no,116,"no-image"
15-485-06,"Kerrison Laminectomy Punch",Orthopedic,Rongeurs,no,116,"no-image"
15-487-02,"Kerrison Laminectomy Punch",Orthopedic,Rongeurs,no,110,"no-image"
15-487-03,"Kerrison Laminectomy Punch",Orthopedic,Rongeurs,no,110,"no-image"
15-487-04,"Kerrison Laminectomy Punch",Orthopedic,Rongeurs,no,110,"no-image"
15-487-05,"Kerrison Laminectomy Punch",Orthopedic,Rongeurs,no,110,"no-image"
15-487-06,"Kerrison Laminectomy Punch",Orthopedic,Rongeurs,no,110,"no-image"
15-488-02,"Kerrison Laminectomy Punch",Orthopedic,Rongeurs,no,110,"no-image"
15-488-03,"Kerrison Laminectomy Punch",Orthopedic,Rongeurs,no,110,"no-image"
15-488-04,"Kerrison Laminectomy Punch",Orthopedic,Rongeurs,no,110,"no-image"
15-488-05,"Kerrison Laminectomy Punch",Orthopedic,Rongeurs,no,110,"no-image"
15-488-06,"Kerrison Laminectomy Punch",Orthopedic,Rongeurs,no,110,"no-image"
15-490-02,"Kerrison Laminectomy Punch",Orthopedic,Rongeurs,no,117,"no-image"
15-490-03,"Kerrison Laminectomy Punch",Orthopedic,Rongeurs,no,117,"no-image"
15-490-04,"Kerrison Laminectomy Punch",Orthopedic,Rongeurs,no,117,"no-image"
15-490-05,"Kerrison Laminectomy Punch",Orthopedic,Rongeurs,no,117,"no-image"
15-491-02,"Kerrison Laminectomy Punch",Orthopedic,Rongeurs,no,117,"no-image"
15-491-03,"Kerrison Laminectomy Punch",Orthopedic,Rongeurs,no,117,"no-image"
15-491-04,"Kerrison Laminectomy Punch",Orthopedic,Rongeurs,no,117,"no-image"
15-491-05,"Kerrison Laminectomy Punch",Orthopedic,Rongeurs,no,117,"no-image"
15-491-06,"Kerrison Laminectomy Punch",Orthopedic,Rongeurs,no,117,"no-image"
15-493-02,"Kerrison Laminectomy Punch",Orthopedic,Rongeurs,no,102,"no-image"
15-493-03,"Kerrison Laminectomy Punch",Orthopedic,Rongeurs,no,102,"no-image"
15-493-04,"Kerrison Laminectomy Punch",Orthopedic,Rongeurs,no,102,"no-image"
15-493-05,"Kerrison Laminectomy Punch",Orthopedic,Rongeurs,no,102,"no-image"
15-493-06,"Kerrison Laminectomy Punch",Orthopedic,Rongeurs,no,102,"no-image"
15-494-02,"Kerrison Laminectomy Punch",Orthopedic,Rongeurs,no,102,"no-image"
15-494-03,"Kerrison Laminectomy Punch",Orthopedic,Rongeurs,no,102,"no-image"
15-494-04,"Kerrison Laminectomy Punch",Orthopedic,Rongeurs,no,102,"no-image"
15-494-05,"Kerrison Laminectomy Punch",Orthopedic,Rongeurs,no,102,"no-image"
15-494-06,"Kerrison Laminectomy Punch",Orthopedic,Rongeurs,no,102,"no-image"
15-500-03,"Kerrison Laminectomy Punch",Orthopedic,Rongeurs,no,102,"no-image"
15-500-04,"Kerrison Laminectomy Punch",Orthopedic,Rongeurs,no,102,"no-image"
15-500-05,"Kerrison Laminectomy Punch",Orthopedic,Rongeurs,no,102,"no-image"
15-500-06,"Kerrison Laminectomy Punch",Orthopedic,Rongeurs,no,102,"no-image"
15-505-02,"Kerrison Laminectomy Punch",Orthopedic,Rongeurs,no,84,"no-image"
15-505-03,"Kerrison Laminectomy Punch",Orthopedic,Rongeurs,no,84,"no-image"
15-505-04,"Kerrison Laminectomy Punch",Orthopedic,Rongeurs,no,84,"no-image"
15-505-05,"Kerrison Laminectomy Punch",Orthopedic,Rongeurs,no,84,"no-image"
15-505-06,"Kerrison Laminectomy Punch",Orthopedic,Rongeurs,no,84,"no-image"
15-506-02,"Kerrison Laminectomy Punch",Orthopedic,Rongeurs,no,84,"no-image"
15-506-03,"Kerrison Laminectomy Punch",Orthopedic,Rongeurs,no,84,"no-image"
15-506-04,"Kerrison Laminectomy Punch",Orthopedic,Rongeurs,no,84,"no-image"
15-506-05,"Kerrison Laminectomy Punch",Orthopedic,Rongeurs,no,84,"no-image"
15-506-06,"Kerrison Laminectomy Punch",Orthopedic,Rongeurs,no,84,"no-image"
15-511-02,"Kerrison Laminectomy Punch",Orthopedic,Rongeurs,no,84,"no-image"
15-511-03,"Kerrison Laminectomy Punch",Orthopedic,Rongeurs,no,84,"no-image"
15-511-01,"Kerrison Laminectomy Punch",Orthopedic,Rongeurs,no,84,"no-image"
15-511-04,"Kerrison Laminectomy Punch",Orthopedic,Rongeurs,no,84,"no-image"
15-511-05,"Kerrison Laminectomy Punch",Orthopedic,Rongeurs,no,84,"no-image"
15-511-06,"Kerrison Laminectomy Punch",Orthopedic,Rongeurs,no,84,"no-image"
15-512-02,"Kerrison Laminectomy Punch",Orthopedic,Rongeurs,no,84,"no-image"
15-512-03,"Kerrison Laminectomy Punch",Orthopedic,Rongeurs,no,84,"no-image"
15-512-04,"Kerrison Laminectomy Punch",Orthopedic,Rongeurs,no,84,"no-image"
15-512-05,"Kerrison Laminectomy Punch",Orthopedic,Rongeurs,no,84,"no-image"
15-512-06,"Kerrison Laminectomy Punch",Orthopedic,Rongeurs,no,84,"no-image"
15-595-35,"Blunt Blades",Uncategorized,General,yes,41,"short-desc; uncategorized"
15-532-16,"Caspar Rongeur",Orthopedic,Rongeurs,no,87,"no-image"
15-537-16,"Caspar Rongeur",Orthopedic,Rongeurs,no,86,"no-image"
15-689-02,"Self-Retaining Retractor",General Surgery,Retractors,no,109,"no-image"
15-691-02,"Beckmann-Adson Retractor",General Surgery,Tissue Forceps,no,74,"no-image"
15-691-03,"Beckmann-Adson Retractor",General Surgery,Tissue Forceps,no,74,"no-image"
21-254-02,"Cuzzi Placenta Scoop",Uncategorized,General,yes,41,"short-desc; uncategorized"
21-254-03,"Cuzzi Placenta Scoop",Uncategorized,General,yes,41,"short-desc; uncategorized"
23-492-02,"Billeau Ear loop",Uncategorized,General,yes,33,"short-desc; uncategorized"
23-492-03,"Billeau Ear loop",Uncategorized,General,yes,33,"short-desc; uncategorized"
25-176-02,"Wieder Tongue Depressor",Uncategorized,General,yes,37,"short-desc; uncategorized"
24-141-03,"BLAKESLEY-WILDE Nasal Forceps",ENT,Ear & Nasal Forceps,no,147,"no-image"
04-136-04,"Muller Vessel Clips",Uncategorized,General,yes,38,"short-desc; uncategorized"
04-394-20,"Yasargil Xtended Aneurysm Clip",Neurosurgery,Micro Instruments,no,50,"no-image"
18-296-02,"Hirschmann Anuscope",Uncategorized,General,yes,47,"short-desc; uncategorized"
04-378-10,"Yasargil Xtended Aneurysm Clip",Neurosurgery,Micro Instruments,no,57,"no-image"
04-380-10,"Yasargil Xtended Aneurysm Clip",Neurosurgery,Micro Instruments,no,55,"no-image"
04-382-10,"Yasargil Xtended Aneurysm Clip",Neurosurgery,Micro Instruments,no,57,"no-image"
04-386-10,"Yasargil Xtended Aneurysm Clip",Neurosurgery,Micro Instruments,no,55,"no-image"
18-294-02,"Bensaude Anuscope",Uncategorized,General,yes,45,"short-desc; uncategorized"
18-296-03,"Hirschmann Anuscope",Uncategorized,General,yes,47,"short-desc; uncategorized"
09-134-16,"Redon Needle",Uncategorized,General,yes,42,"short-desc; uncategorized"
04-106-12,"Muller Vessel Clips",Uncategorized,General,yes,38,"short-desc; uncategorized"
11-552-04,"Reverdin Needle",Uncategorized,General,yes,38,"short-desc; uncategorized"
13-987-07,"Cerclage wire with eye",Uncategorized,General,yes,43,"short-desc; uncategorized"
15-105-05,"Gigli Introducer Guide",Uncategorized,General,yes,37,"short-desc; uncategorized"
15-308-02,"Hardy-Fahlbusch (Small-Tip)",Uncategorized,General,yes,37,"short-desc; uncategorized"
15-485-05,"Kerrison Laminectomy Punch",Orthopedic,Rongeurs,no,116,"no-image"
15-490-06,"Kerrison Laminectomy Punch",Orthopedic,Rongeurs,no,117,"no-image"
15-499-02,"Kerrison Laminectomy Punch",Orthopedic,Rongeurs,no,102,"no-image"
15-500-02,"Kerrison Laminectomy Punch",Orthopedic,Rongeurs,no,102,"no-image"
28-166-28,"Kidney Tray",Surgical,Holloware,yes,24,"short-desc; generic-category"
28-166-30,"Kidney Tray",Surgical,Holloware,yes,24,"short-desc; generic-category"
13-195-01,"Wire Cutting Plier",Uncategorized,General,yes,114,"uncategorized"
28-166-35,"Kidney Tray",Surgical,Holloware,yes,24,"short-desc; generic-category"
28-106-40,"Stainless Steel rack for 15 instruments",Uncategorized,General,yes,70,"uncategorized"
27-262-26,"Tessier Caliper",Uncategorized,General,yes,52,"uncategorized"
28-170-20,"Kidney Trays Shallow",Surgical,Holloware,yes,33,"short-desc; generic-category"
28-170-25,"Kidney Trays Shallow",Surgical,Holloware,yes,33,"short-desc; generic-category"
28-170-30,"Kidney Trays Shallow",Surgical,Holloware,yes,33,"short-desc; generic-category"
28-170-35,"Kidney Trays Shallow",Surgical,Holloware,yes,33,"short-desc; generic-category"
15-183-00,"Rhoton-Type Needle Straight",Uncategorized,General,yes,51,"uncategorized"
15-123-21,"Love",Uncategorized,General,yes,53,"uncategorized"
26-206-00,"Seiffert Exchangeable Tip",Uncategorized,General,yes,79,"uncategorized"
26-230-01,"Lange Exchangeable Tip",Uncategorized,General,yes,84,"uncategorized"
26-194-00,"Huber Universal handle",Uncategorized,General,yes,76,"uncategorized"
26-252-01,"Cordes Exchangeable Tip",Uncategorized,General,yes,85,"uncategorized"
26-240-00,"Krause Exchangeable Tip",Uncategorized,General,yes,77,"uncategorized"
26-260-00,"Rosenberg Exchangeable Tip",Uncategorized,General,yes,80,"uncategorized"
26-256-00,"Cordes Exchangeable Tip",Uncategorized,General,yes,77,"uncategorized"
26-210-00,"Seiffert Exchangeable Tip",Uncategorized,General,yes,79,"uncategorized"
26-248-00,"Schumacher Exchangeable Tip",Uncategorized,General,yes,81,"uncategorized"
26-216-00,"Scheinmann Exchangeable Tip",Uncategorized,General,yes,81,"uncategorized"
26-220-00,"Scheinmann Exchangeable Tip",Uncategorized,General,yes,81,"uncategorized"
26-236-01,"Krause Exchangeable Tip",Uncategorized,General,yes,85,"uncategorized"
26-196-22,"Brunings Interchangeable tube",Uncategorized,General,yes,63,"uncategorized"
26-244-01,"Cordes Exchangeable Tip",Uncategorized,General,yes,85,"uncategorized"
24-408-01,"Mod",Uncategorized,General,yes,55,"uncategorized"
14-524-00,"Guide (only)",Uncategorized,General,yes,69,"uncategorized"
16-118-26,"Cleaning Brush for trachdeal tubes",Uncategorized,General,yes,62,"uncategorized"
15-624-45,"Blunt Blades",Uncategorized,General,yes,56,"uncategorized"
15-622-40,"Medial Toothed Blades",Uncategorized,General,yes,65,"uncategorized"
15-596-40,"Medial Toothed Blades",Uncategorized,General,yes,57,"uncategorized"
25-140-00,"Dingmann Mouth Gag",Uncategorized,General,yes,94,"uncategorized"
16-126-13,"Ueckermann-Denker Crycothyreotomy Trocar",Uncategorized,General,yes,68,"uncategorized"
15-621-21,"Quick Connect blade positioner Handle",Uncategorized,General,yes,75,"uncategorized"
15-597-40,"Lateral Serrated Blades",Uncategorized,General,yes,59,"uncategorized"
15-623-40,"Lateral Serrated Blades",Uncategorized,General,yes,67,"uncategorized"
25-134-00,"Neukam Mouth Gag",Uncategorized,General,yes,62,"uncategorized"
15-626-40,"Lateral Serrated Blades",Uncategorized,General,yes,60,"uncategorized"
15-616-40,"Lateral Serrated Blades",Uncategorized,General,yes,54,"uncategorized"
15-593-40,"Lateral Serrated Blades",Uncategorized,General,yes,52,"uncategorized"
15-567-14,"St",Uncategorized,General,yes,63,"uncategorized"
15-591-35,"Medial Toothed Blades",Uncategorized,General,yes,50,"uncategorized"
15-111-00,"Crutchfield Skull Traction Tong",Uncategorized,General,yes,62,"uncategorized"
25-138-00,"Mclvor Mouth Gag",Uncategorized,General,yes,52,"uncategorized"
25-136-00,"Kilner-Doughty Mouth Gag",Uncategorized,General,yes,101,"uncategorized"
15-565-14,"St",Uncategorized,General,yes,61,"uncategorized"
24-400-00,"Goldsmith (Thudichum)",Uncategorized,General,yes,53,"uncategorized"
28-404-90,"Bedpan",Surgical,Holloware,yes,25,"short-desc; generic-category"
24-154-01,"Rubin Protection cap for Septum morselizer ref",Uncategorized,General,yes,57,"uncategorized"
23-406-06,"Dieter Malleus nipper",Uncategorized,General,yes,51,"uncategorized"
23-180-35,"House Micro measuring rod",Uncategorized,General,yes,56,"uncategorized"
19-184-06,"Metal Catheter",Surgical,Liver.GallBladde.KidneyandUrology,yes,39,"short-desc; generic-category"
23-206-16,"Plester",Uncategorized,General,yes,56,"uncategorized"
19-186-06,"Metal Catheter",Surgical,Liver.GallBladde.KidneyandUrology,yes,39,"short-desc; generic-category"
23-402-04,"Dieter Malleus nipper",Uncategorized,General,yes,51,"uncategorized"
19-186-07,"Metal Catheter",Surgical,Liver.GallBladde.KidneyandUrology,yes,39,"short-desc; generic-category"
23-404-05,"Dieter Malleus nipper",Uncategorized,General,yes,52,"uncategorized"
23-204-16,"Plester",Uncategorized,General,yes,60,"uncategorized"
19-186-08,"Metal Catheter",Surgical,Liver.GallBladde.KidneyandUrology,yes,39,"short-desc; generic-category"
23-118-01,"House-Dieter Malleus Nipper",Uncategorized,General,yes,68,"uncategorized"
23-190-16,"Plester Instrument for placing wire prothesis",Uncategorized,General,yes,52,"uncategorized"
19-186-09,"Metal Catheter",Surgical,Liver.GallBladde.KidneyandUrology,yes,39,"short-desc; generic-category"
19-186-10,"Metal Catheter",Surgical,Liver.GallBladde.KidneyandUrology,yes,40,"short-desc; generic-category"
19-186-11,"Metal Catheter",Surgical,Liver.GallBladde.KidneyandUrology,yes,40,"short-desc; generic-category"
21-106-33,"Breisky Pelvimeter",Uncategorized,General,yes,51,"uncategorized"
19-186-12,"Metal Catheter",Surgical,Liver.GallBladde.KidneyandUrology,yes,40,"short-desc; generic-category"
19-186-13,"Metal Catheter",Surgical,Liver.GallBladde.KidneyandUrology,yes,40,"short-desc; generic-category"
19-186-14,"Metal Catheter",Surgical,Liver.GallBladde.KidneyandUrology,yes,40,"short-desc; generic-category"
19-186-16,"Metal Catheter",Surgical,Liver.GallBladde.KidneyandUrology,yes,40,"short-desc; generic-category"
18-298-14,"Ives-Fansler Anuscope",Uncategorized,General,yes,62,"uncategorized"
19-194-16,"Hajek Irrigating cannula",Uncategorized,General,yes,51,"uncategorized"
19-186-18,"Metal Catheter",Surgical,Liver.GallBladde.KidneyandUrology,yes,40,"short-desc; generic-category"
19-186-20,"Metal Catheter",Surgical,Liver.GallBladde.KidneyandUrology,yes,40,"short-desc; generic-category"
18-328-00,"Ford-Dixon Haemmorrhoidal ligator with loading attachment an",Uncategorized,General,yes,86,"uncategorized"
19-214-28,"Mathieu Foreign Body Forceps",Surgical,Liver.GallBladde.KidneyandUrology,yes,49,"short-desc; generic-category"
18-326-00,"Mcgivney Haemmorrhoidal ligator with loading attachment and ",Uncategorized,General,yes,84,"uncategorized"
14-274-01,"Gregory",Uncategorized,General,yes,52,"uncategorized"
13-990-01,"Drill Bit",Uncategorized,General,yes,60,"uncategorized"
13-991-01,"Tap for 6",Uncategorized,General,yes,73,"uncategorized"
13-992-00,"Epiphyseal Staples Set",Uncategorized,General,yes,59,"uncategorized"
13-989-01,"Tap for 4",Uncategorized,General,yes,65,"uncategorized"
13-985-01,"Loaded Drill Guide",Uncategorized,General,yes,54,"uncategorized"
09-106-01,"Trocar",Uncategorized,General,yes,124,"uncategorized"
09-110-01,"Gall Bladder Trocars",Uncategorized,General,yes,78,"uncategorized"
08-154-11,"Townley Caliper",Uncategorized,General,yes,52,"uncategorized"
09-108-01,"Empyema Trocar",Uncategorized,General,yes,53,"uncategorized"
09-104-01,"Trocar",Uncategorized,General,yes,104,"uncategorized"
08-166-23,"Caliper",Uncategorized,General,yes,74,"uncategorized"
07-176-16,"Cotton applicator",Uncategorized,General,yes,50,"uncategorized"
09-102-00,"Universal Trocar",Uncategorized,General,yes,70,"uncategorized"
08-168-22,"Caliper",Uncategorized,General,yes,74,"uncategorized"
09-100-18,"Klima Rosegger Sternal puncture needle",Uncategorized,General,yes,51,"uncategorized"
07-154-11,"Modell PICCOLO Cotton Applicator",Uncategorized,General,yes,55,"uncategorized"
07-164-14,"Lathbury-Farrell cotton applicator",Uncategorized,General,yes,77,"uncategorized"
13-626-34,"Schumacher Mod",Uncategorized,General,yes,57,"uncategorized"
07-162-12,"Farrell cotton applicator",Uncategorized,General,yes,63,"uncategorized"
06-396-01,"St",Uncategorized,General,yes,58,"uncategorized"
13-236-14,"Drilling chuck",Uncategorized,General,yes,72,"uncategorized"
13-234-11,"Reill Drilling chuck",Uncategorized,General,yes,75,"uncategorized"
13-238-15,"Drilling chuck",Uncategorized,General,yes,67,"uncategorized"
13-242-00,"Ralk Hand Drill",Uncategorized,General,yes,114,"uncategorized"
13-226-16,"Drilling chuck",Uncategorized,General,yes,74,"uncategorized"
13-228-04,"Drilling chuck",Uncategorized,General,yes,108,"uncategorized"
13-230-10,"Drilling chuck",Uncategorized,General,yes,89,"uncategorized"
13-218-00,"Wire traction bow",Uncategorized,General,yes,55,"uncategorized"
13-216-00,"Wire traction bow",Uncategorized,General,yes,55,"uncategorized"
13-240-01,"Bunnell Hand Drill",Uncategorized,General,yes,113,"uncategorized"
11-578-21,"Deschamps Ligature Needle",Uncategorized,General,yes,55,"uncategorized"
13-178-13,"Wire Cutting Plier",Uncategorized,General,yes,108,"uncategorized"
11-574-24,"Deschamps Ligature Needle",Uncategorized,General,yes,55,"uncategorized"
13-192-30,"Cutter for cutting off KIRSCHNER wires",Uncategorized,General,yes,101,"uncategorized"
13-114-01,"Twist drill",Uncategorized,General,yes,62,"uncategorized"
11-274-18,"M",Uncategorized,General,yes,50,"uncategorized"
13-160-15,"Combi-flat nose plier",Uncategorized,General,yes,53,"uncategorized"
13-150-18,"Flat Nose Plier",Uncategorized,General,yes,56,"uncategorized"
11-580-21,"Deschamps Ligature Needle",Uncategorized,General,yes,54,"uncategorized"
13-180-17,"Wire Cutting Plier",Uncategorized,General,yes,93,"uncategorized"
13-116-00,"Hudson Hand Drill",Uncategorized,General,yes,76,"uncategorized"
13-172-18,"Wire Cutting Plier",Uncategorized,General,yes,113,"uncategorized"
12-104-20,"Esmarch plaster shear",Uncategorized,General,yes,57,"uncategorized"
13-200-01,"Kirschner wire traction bows",Uncategorized,General,yes,147,"uncategorized"
11-576-24,"Deschamps Ligature Needle",Uncategorized,General,yes,54,"uncategorized"
11-570-20,"Deschamps Ligature Needle",Uncategorized,General,yes,55,"uncategorized"
13-154-01,"Flat Nose Plier",Uncategorized,General,yes,54,"uncategorized"
06-416-79,"Chain with Weight (747 / 645g)",Uncategorized,General,yes,53,"uncategorized"
06-212-01,"Mannerfelt Modif",Uncategorized,General,yes,62,"uncategorized"
06-184-01,"Mannerfelt Modif",Uncategorized,General,yes,65,"uncategorized"
06-186-01,"Mannerfelt Modif",Uncategorized,General,yes,65,"uncategorized"
20-128-01,"Sims Vaginal Speculum",Surgical,Gynecology,yes,41,"short-desc; generic-category"
20-128-02,"Sims Vaginal Speculum",Surgical,Gynecology,yes,42,"short-desc; generic-category"
19-174-08,"Van Buren Urethral Sound",Surgical,Liver.GallBladde.KidneyandUrology,yes,41,"short-desc; generic-category"
19-176-10,"Guyon Urethral Sound",Surgical,Liver.GallBladde.KidneyandUrology,yes,40,"short-desc; generic-category"
03-322-11,"Jeweler mod",Uncategorized,General,yes,62,"uncategorized"
03-326-11,"Jeweler mod",Uncategorized,General,yes,64,"uncategorized"
04-182-09,"Biemer-Muller Vessel Clip",Uncategorized,General,yes,54,"uncategorized"
03-328-11,"Jeweler mod",Uncategorized,General,yes,64,"uncategorized"
04-174-09,"Biemer-Muller Vessel Clip",Uncategorized,General,yes,54,"uncategorized"
03-318-11,"Jeweler mod",Uncategorized,General,yes,59,"uncategorized"
03-324-11,"Jeweler mod",Uncategorized,General,yes,68,"uncategorized"
04-178-04,"Biemer-Muller Vessel Clip",Uncategorized,General,yes,58,"uncategorized"
04-180-09,"Biemer-Muller Vessel Clip",Uncategorized,General,yes,56,"uncategorized"
03-320-11,"Jeweler mod",Uncategorized,General,yes,62,"uncategorized"
06-184-02,"Mannerfelt Modif",Uncategorized,General,yes,65,"uncategorized"
06-186-02,"Mannerfelt Modif",Uncategorized,General,yes,65,"uncategorized"
06-186-03,"Mannerfelt Modif",Uncategorized,General,yes,65,"uncategorized"
06-184-03,"Mannerfelt Modif",Uncategorized,General,yes,65,"uncategorized"
06-212-02,"Mannerfelt Modif",Uncategorized,General,yes,62,"uncategorized"
06-212-03,"Mannerfelt Modif",Uncategorized,General,yes,62,"uncategorized"
02-238-16,"Locklin",Uncategorized,General,yes,54,"uncategorized"
02-296-17,"Dean",Uncategorized,General,yes,63,"uncategorized"
02-350-25,"Lloyd-Davies (Goligher&#8217;s)",Uncategorized,General,yes,59,"uncategorized"
02-235-13,"Goldman-Fox",Uncategorized,General,yes,65,"uncategorized"
02-310-16,"Busch",Uncategorized,General,yes,50,"uncategorized"
02-234-13,"Goldman-Fox",Uncategorized,General,yes,67,"uncategorized"
02-216-12,"Kilner",Uncategorized,General,yes,103,"uncategorized"
02-232-18,"Heymann",Uncategorized,General,yes,54,"uncategorized"
02-240-16,"Locklin",Uncategorized,General,yes,63,"uncategorized"
02-218-15,"Kilner",Uncategorized,General,yes,103,"uncategorized"
01-144-20,"Olivecrona Trigeminal knife",Surgical,Cone Knives. Myomatome. Trigeminal. Tonsil Knives,yes,36,"short-desc; generic-category"
01-162-21,"Bayonet scalpel",Surgical,Blade Holders / Blade Breakers,yes,22,"short-desc; generic-category"
01-180-04,"Solid angled Scalpel Handle",Surgical,calpel Handle,yes,45,"short-desc; generic-category"
01-194-09,"Scalpel Handle",Surgical,calpel Handle,yes,46,"short-desc; generic-category"
01-118-11,"Interosseous Knife",Surgical,Amputating. Cartilage. Autopsy Knives. Interosseous Knives,yes,39,"short-desc; generic-category"
01-120-12,"Langenbeck Flap knife",Surgical,Amputating. Cartilage. Autopsy Knives. Interosseous Knives,yes,41,"short-desc; generic-category"
01-152-20,"Fowler Tonsil knife",Surgical,Cone Knives. Myomatome. Trigeminal. Tonsil Knives,yes,26,"short-desc; generic-category"
01-168-03,"Scalpel Handle",Surgical,calpel Handle,yes,35,"short-desc; generic-category"
01-182-07,"Scalpel Handle",Surgical,calpel Handle,yes,35,"short-desc; generic-category"
01-192-08,"Scalpel Handle",Surgical,calpel Handle,yes,46,"short-desc; generic-category"
01-150-21,"Bruenings Tonsil knife",Surgical,Cone Knives. Myomatome. Trigeminal. Tonsil Knives,yes,31,"short-desc; generic-category"
01-161-18,"Blade Holders",Surgical,Blade Holders / Blade Breakers,yes,22,"short-desc; generic-category"
01-186-15,"Scalpel Handle",Surgical,calpel Handle,yes,44,"short-desc; generic-category"
01-134-18,"Langenbeck Knife",Surgical,Amputation. Operating. Cataract. Resection Knives,yes,43,"short-desc; generic-category"
01-164-03,"Scalpel Handle",Surgical,calpel Handle,yes,45,"short-desc; generic-category"
01-190-03,"Scalpel Handle",Surgical,calpel Handle,yes,43,"short-desc; generic-category"
01-188-03,"Scalpel Handle",Surgical,calpel Handle,yes,45,"short-desc; generic-category"
01-138-23,"Ayre Cone knife",Surgical,Cone Knives. Myomatome. Trigeminal. Tonsil Knives,yes,24,"short-desc; generic-category"
01-146-23,"Trigeminal knife",Surgical,Cone Knives. Myomatome. Trigeminal. Tonsil Knives,yes,23,"short-desc; generic-category"
01-166-03,"Scalpel Handle",Surgical,calpel Handle,yes,35,"short-desc; generic-category"
01-158-11,"Barraquer Blade Holder / Blade Breaker",Surgical,Blade Holders / Blade Breakers,yes,45,"short-desc; generic-category"
01-136-01,"Scalples",Surgical,Scalpels. Tenotomes,yes,16,"short-desc; generic-category"
01-170-04,"Scalpel Handle",Surgical,calpel Handle,yes,47,"short-desc; generic-category"
01-140-23,"Cone knife",Surgical,Cone Knives. Myomatome. Trigeminal. Tonsil Knives,yes,17,"short-desc; generic-category"
01-184-07,"Scalpel Handle",Surgical,calpel Handle,yes,39,"short-desc; generic-category"
01-126-16,"Dieffenbach Oper+E30:E67ating knife",Surgical,Amputation. Operating. Cataract. Resection Knives,yes,34,"short-desc; generic-category"
01-132-18,"Langenbeck Knife",Surgical,Amputation. Operating. Cataract. Resection Knives,yes,43,"short-desc; generic-category"
01-178-04,"Straight Scalpel Handle",Surgical,calpel Handle,yes,46,"short-desc; generic-category"
01-148-21,"Abraham Tonsil knife",Surgical,Cone Knives. Myomatome. Trigeminal. Tonsil Knives,yes,29,"short-desc; generic-category"
01-172-04,"Scalpel Double handle",Surgical,calpel Handle,yes,49,"short-desc; generic-category"
01-142-27,"Segond Myomatome",Surgical,Cone Knives. Myomatome. Trigeminal. Tonsil Knives,yes,23,"short-desc; generic-category"
dissecting-kit-13-pcs,"Dissecting Kit &#8211; Set of 13 Pcs (Packed in Pouch)

Chai",Uncategorized,General,yes,338,"uncategorized"
06-396-03,"St",Uncategorized,General,yes,58,"uncategorized"
25-416-18,"Smith Sagittal split separators",Uncategorized,General,yes,52,"uncategorized"
06-396-02,"St",Uncategorized,General,yes,60,"uncategorized"
23-568-00,"Ear Syringe",Uncategorized,General,yes,64,"uncategorized"
25-414-18,"Smith Sagittal split separators",Uncategorized,General,yes,53,"uncategorized"
21-108-20,"De Lee Pelvimeter",Uncategorized,General,yes,101,"uncategorized"
01-136-07,"Scalples",Surgical,Scalpels. Tenotomes,yes,16,"short-desc; generic-category"
01-136-08,"Scalples",Surgical,Scalpels. Tenotomes,yes,16,"short-desc; generic-category"
15-634-30,"McCulloch 4-teeth Narrow Muscle Blades",Uncategorized,General,yes,50,"uncategorized"
13-973-22,"Loute Wire Tightener",Uncategorized,General,yes,92,"uncategorized"
13-979-22,"DHS/DCS Wrench",Uncategorized,General,yes,68,"uncategorized"
13-974-11,"Handle with quick coupling",Uncategorized,General,yes,133,"uncategorized"
07-162-16,"Farrell cotton applicator",Uncategorized,General,yes,63,"uncategorized"
07-164-15,"Lathbury-Farrell cotton applicator",Uncategorized,General,yes,77,"uncategorized"
07-164-18,"Lathbury-Farrell cotton applicator",Uncategorized,General,yes,77,"uncategorized"
09-104-03,"Trocar",Uncategorized,General,yes,102,"uncategorized"
07-162-14,"Farrell cotton applicator",Uncategorized,General,yes,63,"uncategorized"
09-104-02,"Trocar",Uncategorized,General,yes,102,"uncategorized"
09-106-03,"Trocar",Uncategorized,General,yes,122,"uncategorized"
09-110-03,"Gall Bladder Trocars",Uncategorized,General,yes,82,"uncategorized"
09-104-04,"Trocar",Uncategorized,General,yes,102,"uncategorized"
13-194-00,"Wire cutting pliers with extendable handle",Uncategorized,General,yes,129,"uncategorized"
09-108-02,"Empyema Trocar",Uncategorized,General,yes,52,"uncategorized"
09-110-04,"Gall Bladder Trocars",Uncategorized,General,yes,78,"uncategorized"
11-568-12,"Kronecker Ligature Needle",Uncategorized,General,yes,57,"uncategorized"
09-110-02,"Gall Bladder Trocars",Uncategorized,General,yes,82,"uncategorized"
13-184-23,"Wire Cutting Plier",Uncategorized,General,yes,93,"uncategorized"
13-182-23,"Wire Cutting Plier",Uncategorized,General,yes,93,"uncategorized"
13-174-15,"Wire Cutting Plier",Uncategorized,General,yes,115,"uncategorized"
10-108-01,"Fiber Optic (F",Uncategorized,General,yes,90,"uncategorized"
10-100-01,"Flexible Tip Fiber Optic (F",Uncategorized,General,yes,89,"uncategorized"
09-308-02,"Elsberg (Silver) Ventricular cannula",Uncategorized,General,yes,50,"uncategorized"
10-100-02,"Flexible Tip Fiber Optic (F",Uncategorized,General,yes,90,"uncategorized"
07-156-11,"Modell PICCOLO Cotton Applicator",Uncategorized,General,yes,64,"uncategorized"
09-308-03,"Elsberg (Silver) Ventricular cannula",Uncategorized,General,yes,50,"uncategorized"
10-100-03,"Flexible Tip Fiber Optic (F",Uncategorized,General,yes,90,"uncategorized"
09-308-01,"Elsberg (Silver) Ventricular cannula",Uncategorized,General,yes,50,"uncategorized"
10-100-04,"Flexible Tip Fiber Optic (F",Uncategorized,General,yes,90,"uncategorized"
10-108-02,"Fiber Optic (F",Uncategorized,General,yes,91,"uncategorized"
10-108-10,"Fiber Optic (F",Uncategorized,General,yes,87,"uncategorized"
04-176-09,"Biemer-Muller Vessel Clip",Uncategorized,General,yes,52,"uncategorized"
01-136-13,"Scalples",Surgical,Scalpels. Tenotomes,yes,17,"short-desc; generic-category"
10-108-30,"Fiber Optic (F",Uncategorized,General,yes,87,"uncategorized"
10-108-04,"Fiber Optic (F",Uncategorized,General,yes,91,"uncategorized"
10-108-20,"Fiber Optic (F",Uncategorized,General,yes,87,"uncategorized"
13-198-32,"Wire cutting pliers",Uncategorized,General,yes,106,"uncategorized"
01-122-16,"Catlin interosseous knife",Surgical,Amputating. Cartilage. Autopsy Knives. Interosseous Knives,yes,46,"short-desc; generic-category"
01-128-16,"Dieffenbach Oper+E30:E67ating knife",Surgical,Amputation. Operating. Cataract. Resection Knives,yes,27,"short-desc; generic-category"
01-130-03,"Graefe Cataract knife",Surgical,Amputation. Operating. Cataract. Resection Knives,yes,35,"short-desc; generic-category"
01-130-04,"Graefe Cataract knife",Surgical,Amputation. Operating. Cataract. Resection Knives,yes,35,"short-desc; generic-category"
01-130-05,"Graefe Cataract knife",Surgical,Amputation. Operating. Cataract. Resection Knives,yes,35,"short-desc; generic-category"
01-130-06,"Graefe Cataract knife",Surgical,Amputation. Operating. Cataract. Resection Knives,yes,35,"short-desc; generic-category"
01-136-02,"Scalples",Surgical,Scalpels. Tenotomes,yes,16,"short-desc; generic-category"
01-136-03,"Scalples",Surgical,Scalpels. Tenotomes,yes,16,"short-desc; generic-category"
01-136-04,"Scalples",Surgical,Scalpels. Tenotomes,yes,16,"short-desc; generic-category"
01-136-05,"Scalples",Surgical,Scalpels. Tenotomes,yes,16,"short-desc; generic-category"
01-202-00,"Dermatomes knife Schink Adjustable from 0.1 to 2.0 mm",Surgical,Dermatomes / Skin Grafting Knives,yes,41,"short-desc; generic-category"
01-130-02,"Graefe Cataract knife",Surgical,Amputation. Operating. Cataract. Resection Knives,yes,35,"short-desc; generic-category"
01-136-06,"Scalples",Surgical,Scalpels. Tenotomes,yes,16,"short-desc; generic-category"
01-136-09,"Scalples",Surgical,Scalpels. Tenotomes,yes,16,"short-desc; generic-category"
01-136-11,"Scalples",Surgical,Scalpels. Tenotomes,yes,17,"short-desc; generic-category"
01-136-14,"Scalples",Surgical,Scalpels. Tenotomes,yes,17,"short-desc; generic-category"
01-136-15,"Scalples",Surgical,Scalpels. Tenotomes,yes,17,"short-desc; generic-category"
01-136-16,"Scalples",Surgical,Scalpels. Tenotomes,yes,17,"short-desc; generic-category"
01-136-18,"Scalples",Surgical,Scalpels. Tenotomes,yes,17,"short-desc; generic-category"
01-195-15,"Scalpel Handle",Surgical,calpel Handle,yes,32,"short-desc; generic-category"
01-200-00,"Dermatomes knife Schink Adjustable from 0.1 to 2.0 mm",Surgical,Dermatomes / Skin Grafting Knives,yes,36,"short-desc; generic-category"
02-248-18,"Diethrich",Uncategorized,General,yes,60,"uncategorized"
02-250-17,"Diethrich",Uncategorized,General,yes,60,"uncategorized"
02-252-17,"Diethrich",Uncategorized,General,yes,60,"uncategorized"
02-264-18,"Micro-Hegemann",Uncategorized,General,yes,66,"uncategorized"
02-262-18,"Micro-Hegemann",Uncategorized,General,yes,65,"uncategorized"
02-312-16,"Busch",Uncategorized,General,yes,76,"uncategorized"
02-260-18,"Micro-Hegemann",Uncategorized,General,yes,65,"uncategorized"
02-254-17,"Diethrich",Uncategorized,General,yes,61,"uncategorized"
03-318-13,"Jeweler mod",Uncategorized,General,yes,61,"uncategorized"
03-320-13,"Jeweler mod",Uncategorized,General,yes,64,"uncategorized"
03-322-13,"Jeweler mod",Uncategorized,General,yes,64,"uncategorized"
03-324-13,"Jeweler mod",Uncategorized,General,yes,70,"uncategorized"
03-326-13,"Jeweler mod",Uncategorized,General,yes,66,"uncategorized"
03-328-13,"Jeweler mod",Uncategorized,General,yes,66,"uncategorized"
19-206-11,"Circumcision Gomco Clamp",Surgical,Liver.GallBladde.KidneyandUrology,yes,33,"short-desc; generic-category"
19-206-13,"Circumcision Gomco Clamp",Surgical,Liver.GallBladde.KidneyandUrology,yes,33,"short-desc; generic-category"
19-206-16,"Circumcision Gomco Clamp",Surgical,Liver.GallBladde.KidneyandUrology,yes,33,"short-desc; generic-category"
19-206-21,"Circumcision Gomco Clamp",Surgical,Liver.GallBladde.KidneyandUrology,yes,33,"short-desc; generic-category"
19-206-26,"Circumcision Gomco Clamp",Surgical,Liver.GallBladde.KidneyandUrology,yes,33,"short-desc; generic-category"
19-206-32,"Circumcision Gomco Clamp",Surgical,Liver.GallBladde.KidneyandUrology,yes,33,"short-desc; generic-category"
13-154-02,"Flat Nose Plier",Uncategorized,General,yes,54,"uncategorized"
13-154-03,"Flat Nose Plier",Uncategorized,General,yes,54,"uncategorized"
13-114-27,"Twist drill",Uncategorized,General,yes,78,"uncategorized"
13-118-06,"Hard Drill",Uncategorized,General,yes,56,"uncategorized"
15-404-01,"Ultra micro nerve hook",Surgical,Neurosurgery.Laminectomy,yes,29,"short-desc; generic-category"
13-200-04,"Kirschner wire traction bows",Uncategorized,General,yes,145,"uncategorized"
13-220-26,"Kirschner Wire traction bow",Uncategorized,General,yes,119,"uncategorized"
13-200-05,"Kirschner wire traction bows",Uncategorized,General,yes,146,"uncategorized"
13-200-02,"Kirschner wire traction bows",Uncategorized,General,yes,156,"uncategorized"
13-220-18,"Kirschner Wire traction bow",Uncategorized,General,yes,121,"uncategorized"
13-200-03,"Kirschner wire traction bows",Uncategorized,General,yes,146,"uncategorized"
15-653-14,"Distraction Pin A/B",Surgical,Neurosurgery.Laminectomy,yes,29,"short-desc; generic-category"
15-653-16,"Distraction Pin A/B",Surgical,Neurosurgery.Laminectomy,yes,29,"short-desc; generic-category"
15-653-18,"Distraction Pin A/B",Surgical,Neurosurgery.Laminectomy,yes,29,"short-desc; generic-category"
15-128-13,"Karison Brain Spatula",Surgical,Neurosurgery.Laminectomy,yes,49,"short-desc; generic-category"
15-128-18,"Karison Brain Spatula",Surgical,Neurosurgery.Laminectomy,yes,49,"short-desc; generic-category"
15-128-22,"Karison Brain Spatula",Surgical,Neurosurgery.Laminectomy,yes,49,"short-desc; generic-category"
15-129-14,"Heifetz Brain Spatula",Surgical,Neurosurgery.Laminectomy,yes,37,"short-desc; generic-category"
15-129-17,"Heifetz Brain Spatula",Surgical,Neurosurgery.Laminectomy,yes,37,"short-desc; generic-category"
15-130-14,"Heifetz Brain Spatula",Surgical,Neurosurgery.Laminectomy,yes,35,"short-desc; generic-category"
15-130-17,"Heifetz Brain Spatula",Surgical,Neurosurgery.Laminectomy,yes,35,"short-desc; generic-category"
15-130-20,"Heifetz Brain Spatula",Surgical,Neurosurgery.Laminectomy,yes,35,"short-desc; generic-category"
15-134-17,"Brain Spatula",Surgical,Neurosurgery.Laminectomy,yes,43,"short-desc; generic-category"
15-134-25,"Brain Spatula",Surgical,Neurosurgery.Laminectomy,yes,43,"short-desc; generic-category"
13-971-40,"Walton Finger Ring Saw",Uncategorized,General,yes,50,"uncategorized"
13-980-01,"Bending Iron",Uncategorized,General,yes,115,"uncategorized"
13-985-02,"Loaded Drill Guide",Uncategorized,General,yes,54,"uncategorized"
13-985-03,"Loaded Drill Guide",Uncategorized,General,yes,54,"uncategorized"
13-985-04,"Loaded Drill Guide",Uncategorized,General,yes,54,"uncategorized"
13-985-05,"Loaded Drill Guide",Uncategorized,General,yes,54,"uncategorized"
13-989-02,"Tap for 4",Uncategorized,General,yes,66,"uncategorized"
15-383-21,"Micro Dissector",Surgical,Neurosurgery.Laminectomy,yes,24,"short-desc; generic-category"
15-325-06,"Hardy Curette",Surgical,Neurosurgery.Laminectomy,yes,28,"short-desc; generic-category"
15-430-27,"Inge Lamina Spreader",Surgical,Neurosurgery.Laminectomy,yes,36,"short-desc; generic-category"
09-106-02,"Trocar",Uncategorized,General,yes,122,"uncategorized"
10-108-03,"Fiber Optic (F",Uncategorized,General,yes,91,"uncategorized"
07-164-16,"Lathbury-Farrell cotton applicator",Uncategorized,General,yes,77,"uncategorized"
01-136-10,"Scalples",Surgical,Scalpels. Tenotomes,yes,17,"short-desc; generic-category"
01-122-11,"Catlin interosseous knife",Surgical,Amputating. Cartilage. Autopsy Knives. Interosseous Knives,yes,46,"short-desc; generic-category"
14-314-16,"DeBakey Vascular Forceps",Uncategorized,,yes,61,"uncategorized"
26-196-32,"Brunings Interchangeable tube",Uncategorized,,yes,63,"uncategorized"
24-388-14,"Eicken-Killian Antrum irrigation Cannula",Uncategorized,,yes,57,"uncategorized"
24-400-01,"Goldsmith (Thudichum)",Uncategorized,,yes,75,"uncategorized"
24-400-02,"Goldsmith (Thudichum)",Uncategorized,,yes,76,"uncategorized"
24-400-04,"Goldsmith (Thudichum)",Uncategorized,,yes,53,"uncategorized"
26-196-41,"Brunings Interchangeable tube",Uncategorized,,yes,63,"uncategorized"
14-364-27,"DeBakay Aortic Aneurysm Clamp",Surgical,CardiovascularSurgery,yes,48,"short-desc; generic-category"
14-386-23,"Weber Aorta-Anastomosis Clamp",Surgical,CardiovascularSurgery,yes,48,"short-desc; generic-category"
14-408-22,"Glover Aorta-Anastomosis Clamp",Surgical,CardiovascularSurgery,yes,49,"short-desc; generic-category"
14-448-20,"Cooley Vascular Forceps",Surgical,CardiovascularSurgery,yes,48,"short-desc; generic-category"
14-364-33,"DeBakay Aortic Aneurysm Clamp",Surgical,CardiovascularSurgery,yes,48,"short-desc; generic-category"
14-330-08,"DeBakey Bulldog Clamp",Surgical,CardiovascularSurgery,yes,49,"short-desc; generic-category"
14-330-09,"DeBakey Bulldog Clamp",Surgical,CardiovascularSurgery,yes,49,"short-desc; generic-category"
14-334-08,"Glover Bulldog Clamp",Surgical,CardiovascularSurgery,yes,48,"short-desc; generic-category"
14-334-11,"Glover Bulldog Clamp",Surgical,CardiovascularSurgery,yes,49,"short-desc; generic-category"
14-336-07,"Glover Bulldog Clamp",Surgical,CardiovascularSurgery,yes,48,"short-desc; generic-category"
14-336-09,"Glover Bulldog Clamp",Surgical,CardiovascularSurgery,yes,46,"short-desc; generic-category"
14-336-10,"Glover Bulldog Clamp",Surgical,CardiovascularSurgery,yes,49,"short-desc; generic-category"
14-342-22,"Potts Coarctation Clamp",Surgical,CardiovascularSurgery,yes,42,"short-desc; generic-category"
14-364-31,"DeBakay Aortic Aneurysm Clamp",Surgical,CardiovascularSurgery,yes,48,"short-desc; generic-category"
14-400-25,"Lees Bronchus Clamp",Surgical,CardiovascularSurgery,yes,40,"short-desc; generic-category"
14-410-20,"Morris-DeBakey Aortic Clamp",Surgical,CardiovascularSurgery,yes,46,"short-desc; generic-category"
14-410-26,"Morris-DeBakey Aortic Clamp",Surgical,CardiovascularSurgery,yes,46,"short-desc; generic-category"
14-410-27,"Morris-DeBakey Aortic Clamp",Surgical,CardiovascularSurgery,yes,48,"short-desc; generic-category"
14-280-30,"Dardik Multi Purpose Vascular Clamp",Surgical,CardiovascularSurgery,yes,49,"short-desc; generic-category"
14-280-45,"Dardik Multi Purpose Vascular Clamp",Surgical,CardiovascularSurgery,yes,47,"short-desc; generic-category"
14-280-90,"Dardik Multi Purpose Vascular Clamp",Surgical,CardiovascularSurgery,yes,49,"short-desc; generic-category"
14-390-27,"Pittsburgh Liver Forceps",Surgical,CardiovascularSurgery,yes,43,"short-desc; generic-category"
14-508-32,"Hach Fasciotomy Spatula",Surgical,CardiovascularSurgery,yes,37,"short-desc; generic-category"
14-508-40,"Hach Fasciotomy Spatula",Surgical,CardiovascularSurgery,yes,37,"short-desc; generic-category"
14-508-52,"Hach Fasciotomy Spatula",Surgical,CardiovascularSurgery,yes,37,"short-desc; generic-category"
14-510-21,"Intima Spatul",Surgical,CardiovascularSurgery,yes,22,"short-desc; generic-category"
14-512-23,"Intima Spatul",Surgical,CardiovascularSurgery,yes,22,"short-desc; generic-category"
14-520-20,"Suture Hook",Surgical,CardiovascularSurgery,yes,26,"short-desc; generic-category"
14-520-25,"Suture Hook",Surgical,CardiovascularSurgery,yes,28,"short-desc; generic-category"
14-520-30,"Suture Hook",Surgical,CardiovascularSurgery,yes,26,"short-desc; generic-category"
14-522-30,"Rumel-Belmont Tourniquet",Surgical,CardiovascularSurgery,yes,43,"short-desc; generic-category"
14-288-18,"Gregory Profunda Clamp",Surgical,CardiovascularSurgery,yes,41,"short-desc; generic-category"
14-544-02,"Castaneda Neonatal Vascular Clamp",Surgical,CardiovascularSurgery,yes,40,"short-desc; generic-category"
14-544-03,"Castaneda Neonatal Vascular Clamp",Surgical,CardiovascularSurgery,yes,40,"short-desc; generic-category"
27-124-22,"Obwegesser Freer Perio. Elevator bl 6mm",Surgical,Cranio-Maxillo-FacialSurgery,yes,45,"short-desc; generic-category"
27-106-15,"Obwegesser Ramus Retractor",Surgical,Cranio-Maxillo-FacialSurgery,yes,48,"short-desc; generic-category"
27-106-22,"Obwegesser Ramus Retractor",Surgical,Cranio-Maxillo-FacialSurgery,yes,48,"short-desc; generic-category"
27-184-03,"Tessier Osteotome",Surgical,Cranio-Maxillo-FacialSurgery,yes,40,"short-desc; generic-category"
27-184-05,"Tessier Osteotome",Surgical,Cranio-Maxillo-FacialSurgery,yes,40,"short-desc; generic-category"
27-184-07,"Tessier Osteotome",Surgical,Cranio-Maxillo-FacialSurgery,yes,40,"short-desc; generic-category"
27-184-10,"Tessier Osteotome",Surgical,Cranio-Maxillo-FacialSurgery,yes,41,"short-desc; generic-category"
27-214-60,"Tessier Periosteal elevator",Surgical,Cranio-Maxillo-FacialSurgery,yes,45,"short-desc; generic-category"
27-274-12,"Marchac Periosteal elevator",Surgical,Cranio-Maxillo-FacialSurgery,yes,41,"short-desc; generic-category"
27-276-03,"Marchac Periosteal elevator",Surgical,Cranio-Maxillo-FacialSurgery,yes,42,"short-desc; generic-category"
27-276-05,"Marchac Periosteal elevator",Surgical,Cranio-Maxillo-FacialSurgery,yes,40,"short-desc; generic-category"
27-290-60,"Steinberg Ramus retractor",Surgical,Cranio-Maxillo-FacialSurgery,yes,46,"short-desc; generic-category"
27-116-09,"Obwegesser channel retractor",Surgical,Cranio-Maxillo-FacialSurgery,yes,41,"short-desc; generic-category"
27-148-11,"Obwegesser Tuberosity Osteotome",Surgical,Cranio-Maxillo-FacialSurgery,yes,45,"short-desc; generic-category"
27-150-11,"Obwegesser Osteotome Elastic Blade",Surgical,Cranio-Maxillo-FacialSurgery,yes,48,"short-desc; generic-category"
27-184-14,"Tessier Osteotome",Surgical,Cranio-Maxillo-FacialSurgery,yes,41,"short-desc; generic-category"
27-184-16,"Tessier Osteotome",Surgical,Cranio-Maxillo-FacialSurgery,yes,41,"short-desc; generic-category"
27-186-07,"Tessier Osteotome",Surgical,Cranio-Maxillo-FacialSurgery,yes,38,"short-desc; generic-category"
27-186-10,"Tessier Osteotome",Surgical,Cranio-Maxillo-FacialSurgery,yes,39,"short-desc; generic-category"
27-116-10,"Obwegesser channel retractor",Surgical,Cranio-Maxillo-FacialSurgery,yes,44,"short-desc; generic-category"
27-136-07,"Obwegesser ramus periosteal elevator",Surgical,Cranio-Maxillo-FacialSurgery,yes,49,"short-desc; generic-category"
27-136-09,"Obwegesser ramus periosteal elevator",Surgical,Cranio-Maxillo-FacialSurgery,yes,49,"short-desc; generic-category"
17-122-18,"Unna Comedone Extractor",Surgical,Dermatology,yes,30,"short-desc; generic-category"
27-140-12,"Obwegesser Wedge Osteotome",Surgical,Cranio-Maxillo-FacialSurgery,yes,42,"short-desc; generic-category"
27-140-16,"Obwegesser Wedge Osteotome",Surgical,Cranio-Maxillo-FacialSurgery,yes,42,"short-desc; generic-category"
27-142-12,"Obwegesser Blade Osteotome",Surgical,Cranio-Maxillo-FacialSurgery,yes,42,"short-desc; generic-category"
27-142-16,"Obwegesser Blade Osteotome",Surgical,Cranio-Maxillo-FacialSurgery,yes,42,"short-desc; generic-category"
27-142-20,"Obwegesser Blade Osteotome",Surgical,Cranio-Maxillo-FacialSurgery,yes,42,"short-desc; generic-category"
27-296-06,"Marchac Osteotome",Surgical,Cranio-Maxillo-FacialSurgery,yes,32,"short-desc; generic-category"
27-296-08,"Marchac Osteotome",Surgical,Cranio-Maxillo-FacialSurgery,yes,32,"short-desc; generic-category"
17-116-04,"Dermal punch",Surgical,Dermatology,yes,28,"short-desc; generic-category"
17-116-06,"Dermal punch",Surgical,Dermatology,yes,28,"short-desc; generic-category"
17-116-08,"Dermal punch",Surgical,Dermatology,yes,28,"short-desc; generic-category"
17-116-10,"Dermal punch",Surgical,Dermatology,yes,29,"short-desc; generic-category"
17-116-12,"Dermal punch",Surgical,Dermatology,yes,29,"short-desc; generic-category"
17-118-04,"Keyes Dermal punch",Surgical,Dermatology,yes,33,"short-desc; generic-category"
17-118-05,"Keyes Dermal punch",Surgical,Dermatology,yes,33,"short-desc; generic-category"
17-118-06,"Keyes Dermal punch",Surgical,Dermatology,yes,33,"short-desc; generic-category"
17-118-07,"Keyes Dermal punch",Surgical,Dermatology,yes,33,"short-desc; generic-category"
17-118-08,"Keyes Dermal punch",Surgical,Dermatology,yes,33,"short-desc; generic-category"
20-520-04,"Suction Curette",Surgical,Gynecology,yes,32,"short-desc; generic-category"
20-520-06,"Suction Curette",Surgical,Gynecology,yes,30,"short-desc; generic-category"
20-520-08,"Suction Curette",Surgical,Gynecology,yes,30,"short-desc; generic-category"
20-520-09,"Suction Curette",Surgical,Gynecology,yes,30,"short-desc; generic-category"
20-520-12,"Suction Curette",Surgical,Gynecology,yes,31,"short-desc; generic-category"
20-520-14,"Suction Curette",Surgical,Gynecology,yes,31,"short-desc; generic-category"
20-520-50,"Coupling Piece",Surgical,Gynecology,yes,21,"short-desc; generic-category"
20-492-06,"Sims Uterine Curette",Surgical,Gynecology,yes,48,"short-desc; generic-category"
20-492-07,"Sims Uterine Curette",Surgical,Gynecology,yes,48,"short-desc; generic-category"
20-492-08,"Sims Uterine Curette",Surgical,Gynecology,yes,48,"short-desc; generic-category"
20-492-09,"Sims Uterine Curette",Surgical,Gynecology,yes,48,"short-desc; generic-category"
20-492-11,"Sims Uterine Curette",Surgical,Gynecology,yes,49,"short-desc; generic-category"
20-492-12,"Sims Uterine Curette",Surgical,Gynecology,yes,49,"short-desc; generic-category"
20-492-14,"Sims Uterine Curette",Surgical,Gynecology,yes,49,"short-desc; generic-category"
20-492-16,"Sims Uterine Curette",Surgical,Gynecology,yes,49,"short-desc; generic-category"
20-492-19,"Sims Uterine Curette",Surgical,Gynecology,yes,49,"short-desc; generic-category"
20-500-12,"Greene Uterine Curette",Surgical,Gynecology,yes,36,"short-desc; generic-category"
20-500-14,"Greene Uterine Curette",Surgical,Gynecology,yes,36,"short-desc; generic-category"
20-508-06,"Gourdet Uterine Curette",Surgical,Gynecology,yes,43,"short-desc; generic-category"
20-508-08,"Gourdet Uterine Curette",Surgical,Gynecology,yes,43,"short-desc; generic-category"
20-508-12,"Gourdet Uterine Curette",Surgical,Gynecology,yes,44,"short-desc; generic-category"
20-508-14,"Gourdet Uterine Curette",Surgical,Gynecology,yes,44,"short-desc; generic-category"
20-510-06,"Milan Uterine Curette",Surgical,Gynecology,yes,34,"short-desc; generic-category"
20-510-09,"Milan Uterine Curette",Surgical,Gynecology,yes,34,"short-desc; generic-category"
20-128-03,"Sims Vaginal Speculum",Surgical,Gynecology,yes,41,"short-desc; generic-category"
20-195-30,"Breisky Vaginal Speculm",Surgical,Gynecology,yes,45,"short-desc; generic-category"
20-195-35,"Breisky Vaginal Speculm",Surgical,Gynecology,yes,45,"short-desc; generic-category"
20-195-40,"Breisky Vaginal Speculm",Surgical,Gynecology,yes,45,"short-desc; generic-category"
28-340-10,"Buckets with Lid",Surgical,Holloware,yes,23,"short-desc; generic-category"
28-340-15,"Buckets with Lid",Surgical,Holloware,yes,23,"short-desc; generic-category"
28-366-65,"Needle Cases Perforated",Surgical,Holloware,yes,39,"short-desc; generic-category"
28-366-75,"Needle Cases Perforated",Surgical,Holloware,yes,41,"short-desc; generic-category"
28-368-65,"Needle Cases Plain",Surgical,Holloware,yes,34,"short-desc; generic-category"
28-368-75,"Needle Cases Plain",Surgical,Holloware,yes,36,"short-desc; generic-category"
28-378-12,"Funnel",Surgical,Holloware,yes,19,"short-desc; generic-category"
28-378-15,"Funnel",Surgical,Holloware,yes,19,"short-desc; generic-category"
28-378-20,"Funnel",Surgical,Holloware,yes,19,"short-desc; generic-category"
28-378-24,"Funnel",Surgical,Holloware,yes,19,"short-desc; generic-category"
28-160-20,"Kidney Trays with Lid",Surgical,Holloware,yes,34,"short-desc; generic-category"
28-160-25,"Kidney Trays with Lid",Surgical,Holloware,yes,34,"short-desc; generic-category"
28-160-30,"Kidney Trays with Lid",Surgical,Holloware,yes,34,"short-desc; generic-category"
28-166-15,"Kidney Tray",Surgical,Holloware,yes,24,"short-desc; generic-category"
28-166-18,"Kidney Tray",Surgical,Holloware,yes,24,"short-desc; generic-category"
28-166-20,"Kidney Tray",Surgical,Holloware,yes,24,"short-desc; generic-category"
28-166-23,"Kidney Tray",Surgical,Holloware,yes,24,"short-desc; generic-category"
28-166-25,"Kidney Tray",Surgical,Holloware,yes,24,"short-desc; generic-category"
15-137-01,"Brain Spatula for Leyla Retractor",Surgical,Neurosurgery.Laminectomy,yes,33,"short-desc; generic-category"
15-137-02,"Brain Spatula for Leyla Retractor",Surgical,Neurosurgery.Laminectomy,yes,33,"short-desc; generic-category"
15-137-10,"Brain Spatula for Leyla Retractor",Surgical,Neurosurgery.Laminectomy,yes,28,"short-desc; generic-category"
15-137-12,"Brain Spatula for Leyla Retractor",Surgical,Neurosurgery.Laminectomy,yes,24,"short-desc; generic-category"
15-137-13,"Brain Spatula for Leyla Retractor",Surgical,Neurosurgery.Laminectomy,yes,30,"short-desc; generic-category"
15-137-14,"Brain Spatula for Leyla Retractor",Surgical,Neurosurgery.Laminectomy,yes,41,"short-desc; generic-category"
15-235-23,"Tumor Knife",Surgical,Neurosurgery.Laminectomy,yes,26,"short-desc; generic-category"
15-236-23,"Tumor Knife",Surgical,Neurosurgery.Laminectomy,yes,26,"short-desc; generic-category"
15-237-23,"Tumor Knife",Surgical,Neurosurgery.Laminectomy,yes,26,"short-desc; generic-category"
15-239-23,"Tumor Knife",Surgical,Neurosurgery.Laminectomy,yes,26,"short-desc; generic-category"
15-240-23,"Tumor Knife",Surgical,Neurosurgery.Laminectomy,yes,26,"short-desc; generic-category"
15-241-23,"Tumor Knife",Surgical,Neurosurgery.Laminectomy,yes,26,"short-desc; generic-category"
15-242-23,"Tumor Knife",Surgical,Neurosurgery.Laminectomy,yes,26,"short-desc; generic-category"
15-245-23,"Tumor Knife",Surgical,Neurosurgery.Laminectomy,yes,26,"short-desc; generic-category"
15-246-23,"Tumor Knife",Surgical,Neurosurgery.Laminectomy,yes,26,"short-desc; generic-category"
15-247-23,"Tumor Knife",Surgical,Neurosurgery.Laminectomy,yes,26,"short-desc; generic-category"
15-248-23,"Tumor Knife",Surgical,Neurosurgery.Laminectomy,yes,26,"short-desc; generic-category"
15-290-04,"Tumor Forks",Surgical,Neurosurgery.Laminectomy,yes,24,"short-desc; generic-category"
15-290-05,"Tumor Forks",Surgical,Neurosurgery.Laminectomy,yes,24,"short-desc; generic-category"
15-290-08,"Tumor Forks",Surgical,Neurosurgery.Laminectomy,yes,24,"short-desc; generic-category"
15-291-21,"Long Dissector",Surgical,Neurosurgery.Laminectomy,yes,36,"short-desc; generic-category"
15-333-21,"Smithwick Nerve Hook",Surgical,Neurosurgery.Laminectomy,yes,27,"short-desc; generic-category"
15-338-23,"Adson Hook",Surgical,Neurosurgery.Laminectomy,yes,17,"short-desc; generic-category"
15-592-45,"Small Lateral Blades",Surgical,Neurosurgery.Laminectomy,yes,49,"short-desc; generic-category"
15-592-50,"Small Lateral Blades",Surgical,Neurosurgery.Laminectomy,yes,49,"short-desc; generic-category"
15-592-55,"Small Lateral Blades",Surgical,Neurosurgery.Laminectomy,yes,49,"short-desc; generic-category"
15-592-60,"Small Lateral Blades",Surgical,Neurosurgery.Laminectomy,yes,49,"short-desc; generic-category"
15-158-10,"Caspar Nerve Root Retractor",Surgical,Neurosurgery.Laminectomy,yes,43,"short-desc; generic-category"
15-339-17,"Graham Nerve Hook",Surgical,Neurosurgery.Laminectomy,yes,24,"short-desc; generic-category"
15-339-18,"Graham Hook",Surgical,Neurosurgery.Laminectomy,yes,20,"short-desc; generic-category"
15-341-20,"Crile Nerve and Dura Hook",Surgical,Neurosurgery.Laminectomy,yes,32,"short-desc; generic-category"
15-342-28,"Cushing Nerve and Dura Hook",Surgical,Neurosurgery.Laminectomy,yes,48,"short-desc; generic-category"
15-343-28,"Cushing Nerve and Dura Hook",Surgical,Neurosurgery.Laminectomy,yes,48,"short-desc; generic-category"
15-352-18,"Frazier Nerve and Dura Hook",Surgical,Neurosurgery.Laminectomy,yes,34,"short-desc; generic-category"
15-595-40,"Blunt Blades",Surgical,Neurosurgery.Laminectomy,yes,41,"short-desc; generic-category"
15-595-45,"Blunt Blades",Surgical,Neurosurgery.Laminectomy,yes,41,"short-desc; generic-category"
15-595-50,"Blunt Blades",Surgical,Neurosurgery.Laminectomy,yes,41,"short-desc; generic-category"
15-595-55,"Blunt Blades",Surgical,Neurosurgery.Laminectomy,yes,41,"short-desc; generic-category"
15-595-60,"Blunt Blades",Surgical,Neurosurgery.Laminectomy,yes,41,"short-desc; generic-category"
15-595-65,"Blunt Blades",Surgical,Neurosurgery.Laminectomy,yes,41,"short-desc; generic-category"
15-595-70,"Blunt Blades",Surgical,Neurosurgery.Laminectomy,yes,41,"short-desc; generic-category"
15-595-75,"Blunt Blades",Surgical,Neurosurgery.Laminectomy,yes,41,"short-desc; generic-category"
15-598-50,"Blunt Blades",Surgical,Neurosurgery.Laminectomy,yes,48,"short-desc; generic-category"
15-602-45,"Medial Toothed Blades",Surgical,Neurosurgery.Laminectomy,yes,33,"short-desc; generic-category"
15-602-50,"Medial Toothed Blades",Surgical,Neurosurgery.Laminectomy,yes,33,"short-desc; generic-category"
15-602-55,"Medial Toothed Blades",Surgical,Neurosurgery.Laminectomy,yes,33,"short-desc; generic-category"
15-602-60,"Medial Toothed Blades",Surgical,Neurosurgery.Laminectomy,yes,33,"short-desc; generic-category"
15-602-65,"Medial Toothed Blades",Surgical,Neurosurgery.Laminectomy,yes,33,"short-desc; generic-category"
15-602-70,"Medial Toothed Blades",Surgical,Neurosurgery.Laminectomy,yes,33,"short-desc; generic-category"
15-602-75,"Medial Toothed Blades",Surgical,Neurosurgery.Laminectomy,yes,33,"short-desc; generic-category"
15-603-30,"Lateral Serrated Blades",Surgical,Neurosurgery.Laminectomy,yes,35,"short-desc; generic-category"
15-603-35,"Lateral Serrated Blades",Surgical,Neurosurgery.Laminectomy,yes,35,"short-desc; generic-category"
15-603-40,"Lateral Serrated Blades",Surgical,Neurosurgery.Laminectomy,yes,35,"short-desc; generic-category"
15-603-45,"Lateral Serrated Blades",Surgical,Neurosurgery.Laminectomy,yes,35,"short-desc; generic-category"
15-603-50,"Lateral Serrated Blades",Surgical,Neurosurgery.Laminectomy,yes,35,"short-desc; generic-category"
15-603-55,"Lateral Serrated Blades",Surgical,Neurosurgery.Laminectomy,yes,35,"short-desc; generic-category"
15-603-60,"Lateral Serrated Blades",Surgical,Neurosurgery.Laminectomy,yes,35,"short-desc; generic-category"
15-603-65,"Lateral Serrated Blades",Surgical,Neurosurgery.Laminectomy,yes,35,"short-desc; generic-category"
15-603-70,"Lateral Serrated Blades",Surgical,Neurosurgery.Laminectomy,yes,35,"short-desc; generic-category"
15-603-75,"Lateral Serrated Blades",Surgical,Neurosurgery.Laminectomy,yes,35,"short-desc; generic-category"
15-604-35,"Blunt Blades",Surgical,Neurosurgery.Laminectomy,yes,24,"short-desc; generic-category"
15-604-40,"Blunt Blades",Surgical,Neurosurgery.Laminectomy,yes,24,"short-desc; generic-category"
15-604-45,"Blunt Blades",Surgical,Neurosurgery.Laminectomy,yes,24,"short-desc; generic-category"
15-604-50,"Blunt Blades",Surgical,Neurosurgery.Laminectomy,yes,24,"short-desc; generic-category"
15-604-55,"Blunt Blades",Surgical,Neurosurgery.Laminectomy,yes,24,"short-desc; generic-category"
15-604-60,"Blunt Blades",Surgical,Neurosurgery.Laminectomy,yes,24,"short-desc; generic-category"
15-604-65,"Blunt Blades",Surgical,Neurosurgery.Laminectomy,yes,24,"short-desc; generic-category"
15-604-70,"Blunt Blades",Surgical,Neurosurgery.Laminectomy,yes,24,"short-desc; generic-category"
15-598-60,"Blunt Blades",Surgical,Neurosurgery.Laminectomy,yes,48,"short-desc; generic-category"
15-598-65,"Blunt Blades",Surgical,Neurosurgery.Laminectomy,yes,48,"short-desc; generic-category"
15-604-75,"Blunt Blades",Surgical,Neurosurgery.Laminectomy,yes,24,"short-desc; generic-category"
15-605-40,"Medial Toothed Blades",Surgical,Neurosurgery.Laminectomy,yes,46,"short-desc; generic-category"
15-605-45,"Medial Toothed Blades",Surgical,Neurosurgery.Laminectomy,yes,46,"short-desc; generic-category"
15-605-50,"Medial Toothed Blades",Surgical,Neurosurgery.Laminectomy,yes,46,"short-desc; generic-category"
15-605-55,"Medial Toothed Blades",Surgical,Neurosurgery.Laminectomy,yes,46,"short-desc; generic-category"
15-605-60,"Medial Toothed Blades",Surgical,Neurosurgery.Laminectomy,yes,46,"short-desc; generic-category"
15-605-65,"Medial Toothed Blades",Surgical,Neurosurgery.Laminectomy,yes,46,"short-desc; generic-category"
15-605-70,"Medial Toothed Blades",Surgical,Neurosurgery.Laminectomy,yes,46,"short-desc; generic-category"
15-606-30,"Lateral Serrated Blades",Surgical,Neurosurgery.Laminectomy,yes,48,"short-desc; generic-category"
15-606-35,"Lateral Serrated Blades",Surgical,Neurosurgery.Laminectomy,yes,48,"short-desc; generic-category"
15-606-40,"Lateral Serrated Blades",Surgical,Neurosurgery.Laminectomy,yes,48,"short-desc; generic-category"
15-606-45,"Lateral Serrated Blades",Surgical,Neurosurgery.Laminectomy,yes,48,"short-desc; generic-category"
15-606-50,"Lateral Serrated Blades",Surgical,Neurosurgery.Laminectomy,yes,48,"short-desc; generic-category"
15-606-55,"Lateral Serrated Blades",Surgical,Neurosurgery.Laminectomy,yes,48,"short-desc; generic-category"
15-606-60,"Lateral Serrated Blades",Surgical,Neurosurgery.Laminectomy,yes,48,"short-desc; generic-category"
15-606-65,"Lateral Serrated Blades",Surgical,Neurosurgery.Laminectomy,yes,48,"short-desc; generic-category"
15-606-70,"Lateral Serrated Blades",Surgical,Neurosurgery.Laminectomy,yes,48,"short-desc; generic-category"
15-607-40,"Blunt Blades",Surgical,Neurosurgery.Laminectomy,yes,37,"short-desc; generic-category"
15-607-45,"Blunt Blades",Surgical,Neurosurgery.Laminectomy,yes,37,"short-desc; generic-category"
15-607-50,"Blunt Blades",Surgical,Neurosurgery.Laminectomy,yes,37,"short-desc; generic-category"
15-607-55,"Blunt Blades",Surgical,Neurosurgery.Laminectomy,yes,37,"short-desc; generic-category"
15-607-60,"Blunt Blades",Surgical,Neurosurgery.Laminectomy,yes,37,"short-desc; generic-category"
15-607-65,"Blunt Blades",Surgical,Neurosurgery.Laminectomy,yes,37,"short-desc; generic-category"
15-607-70,"Blunt Blades",Surgical,Neurosurgery.Laminectomy,yes,37,"short-desc; generic-category"
15-607-75,"Blunt Blades",Surgical,Neurosurgery.Laminectomy,yes,37,"short-desc; generic-category"
15-612-45,"Small Lateral Serrated Blades PEEK",Surgical,Neurosurgery.Laminectomy,yes,46,"short-desc; generic-category"
15-612-50,"Small Lateral Serrated Blades PEEK",Surgical,Neurosurgery.Laminectomy,yes,46,"short-desc; generic-category"
15-612-55,"Small Lateral Serrated Blades PEEK",Surgical,Neurosurgery.Laminectomy,yes,46,"short-desc; generic-category"
15-612-60,"Small Lateral Serrated Blades PEEK",Surgical,Neurosurgery.Laminectomy,yes,46,"short-desc; generic-category"
15-612-65,"Small Lateral Serrated Blades PEEK",Surgical,Neurosurgery.Laminectomy,yes,46,"short-desc; generic-category"
15-612-75,"Small Lateral Serrated Blades PEEK",Surgical,Neurosurgery.Laminectomy,yes,46,"short-desc; generic-category"
15-613-45,"Lateral Serrated Blades PEEK",Surgical,Neurosurgery.Laminectomy,yes,40,"short-desc; generic-category"
15-613-50,"Lateral Serrated Blades PEEK",Surgical,Neurosurgery.Laminectomy,yes,40,"short-desc; generic-category"
15-613-55,"Lateral Serrated Blades PEEK",Surgical,Neurosurgery.Laminectomy,yes,40,"short-desc; generic-category"
15-613-60,"Lateral Serrated Blades PEEK",Surgical,Neurosurgery.Laminectomy,yes,40,"short-desc; generic-category"
15-613-65,"Lateral Serrated Blades PEEK",Surgical,Neurosurgery.Laminectomy,yes,40,"short-desc; generic-category"
15-613-75,"Lateral Serrated Blades PEEK",Surgical,Neurosurgery.Laminectomy,yes,40,"short-desc; generic-category"
15-614-45,"Blunt Blades PEEK",Surgical,Neurosurgery.Laminectomy,yes,29,"short-desc; generic-category"
15-614-50,"Blunt Blades PEEK",Surgical,Neurosurgery.Laminectomy,yes,29,"short-desc; generic-category"
15-614-60,"Blunt Blades PEEK",Surgical,Neurosurgery.Laminectomy,yes,29,"short-desc; generic-category"
15-614-65,"Blunt Blades PEEK",Surgical,Neurosurgery.Laminectomy,yes,29,"short-desc; generic-category"
15-614-75,"Blunt Blades PEEK",Surgical,Neurosurgery.Laminectomy,yes,29,"short-desc; generic-category"
15-615-45,"Medial Toothed Blades PEEK",Surgical,Neurosurgery.Laminectomy,yes,38,"short-desc; generic-category"
15-615-50,"Medial Toothed Blades PEEK",Surgical,Neurosurgery.Laminectomy,yes,38,"short-desc; generic-category"
15-615-55,"Medial Toothed Blades PEEK",Surgical,Neurosurgery.Laminectomy,yes,38,"short-desc; generic-category"
15-615-60,"Medial Toothed Blades PEEK",Surgical,Neurosurgery.Laminectomy,yes,38,"short-desc; generic-category"
15-615-65,"Medial Toothed Blades PEEK",Surgical,Neurosurgery.Laminectomy,yes,38,"short-desc; generic-category"
15-615-75,"Medial Toothed Blades PEEK",Surgical,Neurosurgery.Laminectomy,yes,38,"short-desc; generic-category"
15-617-45,"Blunt Blades PEEK ? Rotatating",Surgical,Neurosurgery.Laminectomy,yes,42,"short-desc; generic-category"
15-617-50,"Blunt Blades PEEK ? Rotatating",Surgical,Neurosurgery.Laminectomy,yes,42,"short-desc; generic-category"
15-617-55,"Blunt Blades PEEK ? Rotatating",Surgical,Neurosurgery.Laminectomy,yes,42,"short-desc; generic-category"
15-617-60,"Blunt Blades PEEK ? Rotatating",Surgical,Neurosurgery.Laminectomy,yes,42,"short-desc; generic-category"
15-617-65,"Blunt Blades PEEK ? Rotatating",Surgical,Neurosurgery.Laminectomy,yes,42,"short-desc; generic-category"
15-617-75,"Blunt Blades PEEK ? Rotatating",Surgical,Neurosurgery.Laminectomy,yes,42,"short-desc; generic-category"
15-627-50,"Blunt Blades",Surgical,Neurosurgery.Laminectomy,yes,49,"short-desc; generic-category"
15-627-55,"Blunt Blades",Surgical,Neurosurgery.Laminectomy,yes,49,"short-desc; generic-category"
15-627-60,"Blunt Blades",Surgical,Neurosurgery.Laminectomy,yes,49,"short-desc; generic-category"
15-627-65,"Blunt Blades",Surgical,Neurosurgery.Laminectomy,yes,49,"short-desc; generic-category"
15-632-45,"Lumbar Speculum",Surgical,Neurosurgery.Laminectomy,yes,35,"short-desc; generic-category"
15-632-50,"Lumbar Speculum",Surgical,Neurosurgery.Laminectomy,yes,35,"short-desc; generic-category"
15-632-55,"Lumbar Speculum",Surgical,Neurosurgery.Laminectomy,yes,35,"short-desc; generic-category"
15-632-60,"Lumbar Speculum",Surgical,Neurosurgery.Laminectomy,yes,35,"short-desc; generic-category"
15-632-65,"Lumbar Speculum",Surgical,Neurosurgery.Laminectomy,yes,35,"short-desc; generic-category"
15-632-70,"Lumbar Speculum",Surgical,Neurosurgery.Laminectomy,yes,35,"short-desc; generic-category"
15-632-75,"Lumbar Speculum",Surgical,Neurosurgery.Laminectomy,yes,35,"short-desc; generic-category"
15-632-80,"Lumbar Speculum",Surgical,Neurosurgery.Laminectomy,yes,35,"short-desc; generic-category"
15-632-85,"Lumbar Speculum",Surgical,Neurosurgery.Laminectomy,yes,35,"short-desc; generic-category"
15-635-40,"McCulloch 6-teeth Wide Muscle Blades",Surgical,Neurosurgery.Laminectomy,yes,48,"short-desc; generic-category"
15-635-50,"McCulloch 6-teeth Wide Muscle Blades",Surgical,Neurosurgery.Laminectomy,yes,48,"short-desc; generic-category"
15-635-60,"McCulloch 6-teeth Wide Muscle Blades",Surgical,Neurosurgery.Laminectomy,yes,48,"short-desc; generic-category"
15-635-70,"McCulloch 6-teeth Wide Muscle Blades",Surgical,Neurosurgery.Laminectomy,yes,48,"short-desc; generic-category"
15-635-80,"McCulloch 6-teeth Wide Muscle Blades",Surgical,Neurosurgery.Laminectomy,yes,48,"short-desc; generic-category"
15-636-40,"McCulloch 2-teeth McCulloch 2-teeth",Surgical,Neurosurgery.Laminectomy,yes,47,"short-desc; generic-category"
15-636-50,"McCulloch 2-teeth McCulloch 2-teeth",Surgical,Neurosurgery.Laminectomy,yes,47,"short-desc; generic-category"
15-636-60,"McCulloch 2-teeth McCulloch 2-teeth",Surgical,Neurosurgery.Laminectomy,yes,47,"short-desc; generic-category"
15-636-70,"McCulloch 2-teeth McCulloch 2-teeth",Surgical,Neurosurgery.Laminectomy,yes,47,"short-desc; generic-category"
15-636-80,"McCulloch 2-teeth McCulloch 2-teeth",Surgical,Neurosurgery.Laminectomy,yes,47,"short-desc; generic-category"
15-637-30,"McCulloch Hook Blade",Surgical,Neurosurgery.Laminectomy,yes,27,"short-desc; generic-category"
15-637-40,"McCulloch Hook Blade",Surgical,Neurosurgery.Laminectomy,yes,27,"short-desc; generic-category"
15-637-50,"McCulloch Hook Blade",Surgical,Neurosurgery.Laminectomy,yes,27,"short-desc; generic-category"
15-637-60,"McCulloch Hook Blade",Surgical,Neurosurgery.Laminectomy,yes,27,"short-desc; generic-category"
15-637-70,"McCulloch Hook Blade",Surgical,Neurosurgery.Laminectomy,yes,27,"short-desc; generic-category"
15-637-80,"McCulloch Hook Blade",Surgical,Neurosurgery.Laminectomy,yes,27,"short-desc; generic-category"
15-637-90,"McCulloch Hook Blade",Surgical,Neurosurgery.Laminectomy,yes,27,"short-desc; generic-category"
15-638-30,"McCulloch Toothed Hook Blades",Surgical,Neurosurgery.Laminectomy,yes,36,"short-desc; generic-category"
15-638-40,"McCulloch Toothed Hook Blades",Surgical,Neurosurgery.Laminectomy,yes,36,"short-desc; generic-category"
15-638-50,"McCulloch Toothed Hook Blades",Surgical,Neurosurgery.Laminectomy,yes,36,"short-desc; generic-category"
15-638-60,"McCulloch Toothed Hook Blades",Surgical,Neurosurgery.Laminectomy,yes,36,"short-desc; generic-category"
15-638-70,"McCulloch Toothed Hook Blades",Surgical,Neurosurgery.Laminectomy,yes,36,"short-desc; generic-category"
15-638-80,"McCulloch Toothed Hook Blades",Surgical,Neurosurgery.Laminectomy,yes,36,"short-desc; generic-category"
15-638-90,"McCulloch Toothed Hook Blades",Surgical,Neurosurgery.Laminectomy,yes,36,"short-desc; generic-category"
15-639-60,"McCulloch 2-teeth Cervical Blades",Surgical,Neurosurgery.Laminectomy,yes,45,"short-desc; generic-category"
15-639-70,"McCulloch 2-teeth Cervical Blades",Surgical,Neurosurgery.Laminectomy,yes,45,"short-desc; generic-category"
15-648-14,"Distraction Pin A/B",Surgical,Neurosurgery.Laminectomy,yes,29,"short-desc; generic-category"
15-648-16,"Distraction Pin A/B",Surgical,Neurosurgery.Laminectomy,yes,29,"short-desc; generic-category"
15-648-18,"Distraction Pin A/B",Surgical,Neurosurgery.Laminectomy,yes,29,"short-desc; generic-category"
15-546-15,"Cushing Rongeur",Surgical,Neurosurgery.Laminectomy,yes,43,"short-desc; generic-category"
15-547-15,"Cushing Rongeur",Surgical,Neurosurgery.Laminectomy,yes,42,"short-desc; generic-category"
15-547-18,"Cushing Rongeur",Surgical,Neurosurgery.Laminectomy,yes,42,"short-desc; generic-category"
15-548-15,"Cushing Rongeur",Surgical,Neurosurgery.Laminectomy,yes,44,"short-desc; generic-category"
15-548-18,"Cushing Rongeur",Surgical,Neurosurgery.Laminectomy,yes,44,"short-desc; generic-category"
15-550-15,"LOVE-GRUENWALD Rongeur",Surgical,Neurosurgery.Laminectomy,yes,49,"short-desc; generic-category"
15-550-18,"LOVE-GRUENWALD Rongeur",Surgical,Neurosurgery.Laminectomy,yes,49,"short-desc; generic-category"
15-552-15,"SPURLING Rongeur",Surgical,Neurosurgery.Laminectomy,yes,44,"short-desc; generic-category"
15-552-18,"SPURLING Rongeur",Surgical,Neurosurgery.Laminectomy,yes,44,"short-desc; generic-category"
15-553-15,"SPURLING Rongeur",Surgical,Neurosurgery.Laminectomy,yes,43,"short-desc; generic-category"
15-553-18,"SPURLING Rongeur",Surgical,Neurosurgery.Laminectomy,yes,43,"short-desc; generic-category"
15-554-15,"SPURLING Rongeur",Surgical,Neurosurgery.Laminectomy,yes,45,"short-desc; generic-category"
15-554-18,"SPURLING Rongeur",Surgical,Neurosurgery.Laminectomy,yes,45,"short-desc; generic-category"
15-100-40,"Wire Saw",Surgical,Neurosurgery.Laminectomy,yes,22,"short-desc; generic-category"
15-100-50,"Wire Saw",Surgical,Neurosurgery.Laminectomy,yes,22,"short-desc; generic-category"
15-100-60,"Wire Saw",Surgical,Neurosurgery.Laminectomy,yes,22,"short-desc; generic-category"
15-100-70,"Wire Saw",Surgical,Neurosurgery.Laminectomy,yes,22,"short-desc; generic-category"
15-101-40,"Wire Saw",Surgical,Neurosurgery.Laminectomy,yes,24,"short-desc; generic-category"
15-101-50,"Wire Saw",Surgical,Neurosurgery.Laminectomy,yes,24,"short-desc; generic-category"
15-101-60,"Wire Saw",Surgical,Neurosurgery.Laminectomy,yes,24,"short-desc; generic-category"
15-101-70,"Wire Saw",Surgical,Neurosurgery.Laminectomy,yes,24,"short-desc; generic-category"
21-130-40,"Nagele Obstetrical Forceps",Surgical,Obstetrics,yes,35,"short-desc; generic-category"
21-206-24,"Luer Haemorrhoidal Forceps",Surgical,Obstetrics,yes,35,"short-desc; generic-category"
25-108-01,"Lindemann Burr for vertical cuts in the buccal aspect of the mandibule",Uncategorized,General,yes,101,"uncategorized"
25-406-25,"Single Stripper with hollw handle 25cm",Surgical,OralMaxillo-FacialSurgery,yes,38,"short-desc; generic-category"
25-132-10,"Blade for Davis-Boyle Mouth Gag ref. 25-132-00",Surgical,OralMaxillo-FacialSurgery,yes,31,"short-desc; generic-category"
25-134-10,"Tongue Depressor",Surgical,OralMaxillo-FacialSurgery,yes,28,"short-desc; generic-category"
25-108-03,"Lindemann Burr for vertical cuts in the buccal aspect of the mandibule",Uncategorized,General,yes,99,"uncategorized"
25-130-19,"Roser-Konig Mouth Gag",Surgical,OralMaxillo-FacialSurgery,yes,28,"short-desc; generic-category"
25-136-10,"Kilner-Doughty Tongue Depressor",Surgical,OralMaxillo-FacialSurgery,yes,26,"short-desc; generic-category"
25-138-10,"Mclvor Tongue Depressors",Surgical,OralMaxillo-FacialSurgery,yes,26,"short-desc; generic-category"
25-136-20,"Kilner-Doughty Tongue Depressor",Surgical,OralMaxillo-FacialSurgery,yes,43,"short-desc; generic-category"
25-142-12,"Jennings Mouth Gag",Surgical,OralMaxillo-FacialSurgery,yes,27,"short-desc; generic-category"
25-142-14,"Jennings Mouth Gag",Surgical,OralMaxillo-FacialSurgery,yes,27,"short-desc; generic-category"
25-142-16,"Jennings Mouth Gag",Surgical,OralMaxillo-FacialSurgery,yes,27,"short-desc; generic-category"
25-144-01,"Oringer Lip and cheek retractor",Surgical,OralMaxillo-FacialSurgery,yes,46,"short-desc; generic-category"
25-144-02,"Oringer Lip and cheek retractor",Surgical,OralMaxillo-FacialSurgery,yes,48,"short-desc; generic-category"
25-144-03,"Oringer Lip and cheek retractor",Surgical,OralMaxillo-FacialSurgery,yes,46,"short-desc; generic-category"
25-366-08,"Bauer Osteotome",Surgical,OralMaxillo-FacialSurgery,yes,30,"short-desc; generic-category"
25-368-08,"Bauer Osteotome",Surgical,OralMaxillo-FacialSurgery,yes,30,"short-desc; generic-category"
25-372-08,"Dautrey-Munro Osteotome",Surgical,OralMaxillo-FacialSurgery,yes,36,"short-desc; generic-category"
25-256-09,"Obwegeser Periosteal Elevator",Surgical,OralMaxillo-FacialSurgery,yes,44,"short-desc; generic-category"
25-256-11,"Obwegeser Periosteal Elevator",Surgical,OralMaxillo-FacialSurgery,yes,45,"short-desc; generic-category"
25-258-07,"Obwegeser Periosteal Elevator",Surgical,OralMaxillo-FacialSurgery,yes,42,"short-desc; generic-category"
25-258-09,"Obwegeser Periosteal Elevator",Surgical,OralMaxillo-FacialSurgery,yes,42,"short-desc; generic-category"
25-280-16,"Doyen Tongue Spatula",Surgical,OralMaxillo-FacialSurgery,yes,39,"short-desc; generic-category"
25-372-10,"Dautrey-Munro Osteotome",Surgical,OralMaxillo-FacialSurgery,yes,37,"short-desc; generic-category"
25-372-12,"Dautrey-Munro Osteotome",Surgical,OralMaxillo-FacialSurgery,yes,37,"short-desc; generic-category"
25-372-14,"Dautrey-Munro Osteotome",Surgical,OralMaxillo-FacialSurgery,yes,37,"short-desc; generic-category"
25-372-16,"Dautrey-Munro Osteotome",Surgical,OralMaxillo-FacialSurgery,yes,37,"short-desc; generic-category"
25-374-06,"Dunn-Dautrey Osteotome",Surgical,OralMaxillo-FacialSurgery,yes,45,"short-desc; generic-category"
25-374-08,"Dunn-Dautrey Osteotome",Surgical,OralMaxillo-FacialSurgery,yes,45,"short-desc; generic-category"
25-380-06,"Epker Osteotome",Surgical,OralMaxillo-FacialSurgery,yes,28,"short-desc; generic-category"
25-380-08,"Epker Osteotome",Surgical,OralMaxillo-FacialSurgery,yes,28,"short-desc; generic-category"
25-382-06,"Epker Osteotome",Surgical,OralMaxillo-FacialSurgery,yes,45,"short-desc; generic-category"
25-384-08,"Epker Osteotome",Surgical,OralMaxillo-FacialSurgery,yes,36,"short-desc; generic-category"
25-458-11,"Steinhauser Chisel",Surgical,OralMaxillo-FacialSurgery,yes,32,"short-desc; generic-category"
25-458-15,"Steinhauser Chisel",Surgical,OralMaxillo-FacialSurgery,yes,32,"short-desc; generic-category"
23-332-26,"Krause Polypus Snare",Surgical,Otology,yes,37,"short-desc; generic-category"
23-336-04,"Snare wire",Surgical,Otology,yes,34,"short-desc; generic-category"
25-230-10,"Obwegeser Channel retractor",Surgical,OralMaxillo-FacialSurgery,yes,41,"short-desc; generic-category"
25-480-08,"Wolford Osteotome",Surgical,OralMaxillo-FacialSurgery,yes,32,"short-desc; generic-category"
23-384-85,"Hartmann Ear Polypus Forceps",Surgical,Otology,yes,49,"short-desc; generic-category"
23-384-16,"Hartmann Ear Polypus Forceps",Surgical,Otology,yes,37,"short-desc; generic-category"
23-384-20,"Hartmann Ear Polypus Forceps",Surgical,Otology,yes,35,"short-desc; generic-category"
23-246-01,"Boucheron Ear Speculum",Surgical,Otology,yes,39,"short-desc; generic-category"
23-246-02,"Boucheron Ear Speculum",Surgical,Otology,yes,39,"short-desc; generic-category"
23-118-02,"House-Dieter Malleus Nipper",Uncategorized,General,yes,71,"uncategorized"
01-136-12,"Scalples",Surgical,Scalpels. Tenotomes,yes,17,"short-desc; generic-category"
01-136-17,"Scalples",Surgical,Scalpels. Tenotomes,yes,17,"short-desc; generic-category"
01-136-19,"Scalples",Surgical,Scalpels. Tenotomes,yes,17,"short-desc; generic-category"
01-136-20,"Scalples",Surgical,Scalpels. Tenotomes,yes,26,"short-desc; generic-category"
01-195-11,"Scalpel Handle",Surgical,calpel Handle,yes,39,"short-desc; generic-category"
23-162-10,"Shambaugh Micro ear hook",Surgical,Otology,yes,44,"short-desc; generic-category"
23-120-02,"House-Dieter Malleus Nipper",Uncategorized,General,yes,71,"uncategorized"
23-120-01,"House-Dieter Malleus Nipper",Uncategorized,General,yes,72,"uncategorized"
01-130-01,"Graefe Cataract knife",Surgical,Amputation. Operating. Cataract. Resection Knives,yes,35,"short-desc; generic-category"
23-142-06,"Barbara micro ear hook",Surgical,Otology,yes,42,"short-desc; generic-category"
23-144-06,"Barbara micro ear hook",Surgical,Otology,yes,42,"short-desc; generic-category"
23-144-12,"Barbara micro ear hook",Surgical,Otology,yes,42,"short-desc; generic-category"
23-144-20,"Barbara micro ear hook",Surgical,Otology,yes,42,"short-desc; generic-category"
23-144-25,"Barbara micro ear hook",Surgical,Otology,yes,42,"short-desc; generic-category"
23-146-10,"Barbara micro ear hook",Surgical,Otology,yes,42,"short-desc; generic-category"
23-162-06,"Micro ear hook",Surgical,Otology,yes,34,"short-desc; generic-category"
02-246-19,"Diethrich",Uncategorized,General,yes,58,"uncategorized"
02-258-18,"Micro-Hegemann",Uncategorized,General,yes,65,"uncategorized"
02-350-32,"Lloyd-Davies (Goligher&#8217;s)",Uncategorized,General,yes,59,"uncategorized"
23-142-10,"Barbara micro ear hook",Surgical,Otology,yes,42,"short-desc; generic-category"
23-144-10,"Barbara micro ear hook",Surgical,Otology,yes,42,"short-desc; generic-category"
23-144-15,"Barbara micro ear hook",Surgical,Otology,yes,42,"short-desc; generic-category"
23-146-06,"Barbara micro ear hook",Surgical,Otology,yes,42,"short-desc; generic-category"
23-146-12,"Barbara micro ear hook",Surgical,Otology,yes,42,"short-desc; generic-category"
23-146-25,"Barbara micro ear hook",Surgical,Otology,yes,42,"short-desc; generic-category"
23-148-10,"Barbara micro ear hook",Surgical,Otology,yes,37,"short-desc; generic-category"
23-152-10,"Micro ear hook",Surgical,Otology,yes,44,"short-desc; generic-category"
23-164-06,"Micro ear hook",Surgical,Otology,yes,34,"short-desc; generic-category"
23-164-10,"Shambaugh Micro ear hook",Surgical,Otology,yes,44,"short-desc; generic-category"
23-146-15,"Barbara micro ear hook",Surgical,Otology,yes,42,"short-desc; generic-category"
23-146-20,"Barbara micro ear hook",Surgical,Otology,yes,42,"short-desc; generic-category"
23-152-06,"Micro ear hook",Surgical,Otology,yes,44,"short-desc; generic-category"
24-362-16,"Cottle Alar hooklet",Surgical,Rhinology,yes,26,"short-desc; generic-category"
24-408-03,"Mod",Uncategorized,General,yes,55,"uncategorized"
24-408-02,"Mod",Uncategorized,General,yes,55,"uncategorized"
18-102-15,"Allis Intestinal Forceps",Surgical,Stomach.Intestines.Rectum,yes,44,"short-desc; generic-category"
18-104-19,"Allis Intestinal Forceps",Surgical,Stomach.Intestines.Rectum,yes,42,"short-desc; generic-category"
18-104-20,"Allis Intestinal Forceps",Surgical,Stomach.Intestines.Rectum,yes,42,"short-desc; generic-category"
18-106-24,"Allis Intestinal Forceps",Surgical,Stomach.Intestines.Rectum,yes,42,"short-desc; generic-category"
18-112-19,"Judd-Allis Forceps",Surgical,Stomach.Intestines.Rectum,yes,30,"short-desc; generic-category"
18-120-20,"Babcock Intestinal Forceps",Surgical,Stomach.Intestines.Rectum,yes,33,"short-desc; generic-category"
18-120-23,"Babcock Intestinal Forceps",Surgical,Stomach.Intestines.Rectum,yes,33,"short-desc; generic-category"
18-120-24,"Babcock Intestinal Forceps",Surgical,Stomach.Intestines.Rectum,yes,33,"short-desc; generic-category"
18-100-13,"Allis-Baby Intestinal Forceps",Surgical,Stomach.Intestines.Rectum,yes,47,"short-desc; generic-category"
18-104-18,"Allis Intestinal Forceps",Surgical,Stomach.Intestines.Rectum,yes,42,"short-desc; generic-category"
18-104-25,"Allis Intestinal Forceps",Surgical,Stomach.Intestines.Rectum,yes,44,"short-desc; generic-category"
18-106-20,"Allis Intestinal Forceps",Surgical,Stomach.Intestines.Rectum,yes,40,"short-desc; generic-category"
18-106-30,"Allis Intestinal Forceps",Surgical,Stomach.Intestines.Rectum,yes,40,"short-desc; generic-category"
18-120-17,"Babcock Intestinal Forceps",Surgical,Stomach.Intestines.Rectum,yes,35,"short-desc; generic-category"
18-120-21,"Babcock Intestinal Forceps",Surgical,Stomach.Intestines.Rectum,yes,33,"short-desc; generic-category"
18-192-11,"Stone-Watt Intestinal Anastomosis Clamp",Surgical,Stomach.Intestines.Rectum,yes,46,"short-desc; generic-category"
18-120-26,"Babcock Intestinal Forceps",Surgical,Stomach.Intestines.Rectum,yes,33,"short-desc; generic-category"
18-122-21,"Babcock Intestinal Forceps",Surgical,Stomach.Intestines.Rectum,yes,45,"short-desc; generic-category"
18-128-15,"Lane Tissue Forceps",Surgical,Stomach.Intestines.Rectum,yes,28,"short-desc; generic-category"
18-132-20,"Duval Forceps",Surgical,Stomach.Intestines.Rectum,yes,22,"short-desc; generic-category"
18-124-21,"Babcock Intestinal Forceps",Surgical,Stomach.Intestines.Rectum,yes,39,"short-desc; generic-category"
18-134-23,"Duval Forceps",Surgical,Stomach.Intestines.Rectum,yes,20,"short-desc; generic-category"
18-138-23,"Collin Intestinal Grasping Forceps",Surgical,Stomach.Intestines.Rectum,yes,41,"short-desc; generic-category"
18-142-17,"Doyen-Baby Intestinal Clamp",Surgical,Stomach.Intestines.Rectum,yes,44,"short-desc; generic-category"
18-148-23,"Mayo-Robson Intestinal Clamp",Surgical,Stomach.Intestines.Rectum,yes,47,"short-desc; generic-category"
18-136-20,"Duval Intestinal Grasping Forceps",Surgical,Stomach.Intestines.Rectum,yes,40,"short-desc; generic-category"
18-140-18,"Doyen-Baby Intestinal Clamp",Surgical,Stomach.Intestines.Rectum,yes,44,"short-desc; generic-category"
18-144-23,"Doyen Intestinal Clamp",Surgical,Stomach.Intestines.Rectum,yes,41,"short-desc; generic-category"
18-144-25,"Doyen Intestinal Clamp",Surgical,Stomach.Intestines.Rectum,yes,39,"short-desc; generic-category"
18-146-23,"Doyen Intestinal Clamp",Surgical,Stomach.Intestines.Rectum,yes,37,"short-desc; generic-category"
18-146-25,"Doyen Intestinal Clamp",Surgical,Stomach.Intestines.Rectum,yes,37,"short-desc; generic-category"
18-150-23,"Mayo-Robson Intestinal Clamp",Surgical,Stomach.Intestines.Rectum,yes,43,"short-desc; generic-category"
18-164-25,"Kocher Intestinal Clamp",Surgical,Stomach.Intestines.Rectum,yes,40,"short-desc; generic-category"
18-166-25,"Kocher Intestinal Clamp",Surgical,Stomach.Intestines.Rectum,yes,38,"short-desc; generic-category"
18-166-27,"Kocher Intestinal Clamp",Surgical,Stomach.Intestines.Rectum,yes,40,"short-desc; generic-category"
18-268-25,"Mixter Multi-Purpose Clamp",Surgical,Stomach.Intestines.Rectum,yes,33,"short-desc; generic-category"
18-324-25,"Rubber rings",Surgical,Stomach.Intestines.Rectum,yes,35,"short-desc; generic-category"
18-324-26,"Loading Cone for Hemorrhoidal ligators",Surgical,Stomach.Intestines.Rectum,yes,38,"short-desc; generic-category"
18-240-28,"Hayes Sigmoid Anastomosis Forceps",Surgical,Stomach.Intestines.Rectum,yes,40,"short-desc; generic-category"
18-252-25,"Dick Pressure Clamp",Surgical,Stomach.Intestines.Rectum,yes,28,"short-desc; generic-category"
18-252-26,"Dick Pressure Clamp",Surgical,Stomach.Intestines.Rectum,yes,28,"short-desc; generic-category"
18-252-27,"Dick Pressure Clamp",Surgical,Stomach.Intestines.Rectum,yes,28,"short-desc; generic-category"
26-224-02,"Brunings Exchangeable Tip",Uncategorized,General,yes,87,"uncategorized"
26-236-02,"Krause Exchangeable Tip",Uncategorized,General,yes,85,"uncategorized"
26-244-02,"Cordes Exchangeable Tip",Uncategorized,General,yes,85,"uncategorized"
26-244-04,"Cordes Exchangeable Tip",Uncategorized,General,yes,85,"uncategorized"
26-252-02,"Cordes Exchangeable Tip",Uncategorized,General,yes,85,"uncategorized"
26-244-03,"Cordes Exchangeable Tip",Uncategorized,General,yes,85,"uncategorized"
09-104-05,"Trocar",Uncategorized,General,yes,106,"uncategorized"
09-106-04,"Trocar",Uncategorized,General,yes,122,"uncategorized"
16-124-20,"Lahey Goitre Grasping Forceps",Surgical,Tracheotomy,yes,41,"short-desc; generic-category"
15-546-18,"Cushing Rongeur",Surgical,Neurosurgery.Laminectomy,yes,43,"short-desc; generic-category"
13-192-47,"Cutter for cutting off KIRSCHNER wires",Uncategorized,General,yes,101,"uncategorized"
13-116-10,"Hudson Hand Drill",Uncategorized,General,yes,61,"uncategorized"
13-970-40,"Finger Ring Saw",Uncategorized,General,yes,50,"uncategorized"
13-980-02,"Bending Iron",Uncategorized,General,yes,115,"uncategorized"
02-256-18,"Micro-Hegemann",Uncategorized,General,yes,65,"uncategorized"
11-566-12,"Kronecker Ligature Needle",Uncategorized,General,yes,58,"uncategorized"
11-572-20,"Deschamps Ligature Needle",Uncategorized,General,yes,54,"uncategorized"
13-176-17,"Wire Cutting Plier",Uncategorized,General,yes,117,"uncategorized"
13-652-17,"Tager bone lever for angle joint operations",Uncategorized,General,yes,59,"uncategorized"
14-274-02,"Gregory",Uncategorized,General,yes,53,"uncategorized"
14-280-15,"Dardik Multi Purpose Vascular Clamp",Surgical,CardiovascularSurgery,yes,49,"short-desc; generic-category"
14-288-16,"Gregory Profunda Clamp",Surgical,CardiovascularSurgery,yes,41,"short-desc; generic-category"
14-330-11,"DeBakey Bulldog Clamp",Surgical,CardiovascularSurgery,yes,48,"short-desc; generic-category"
14-348-24,"DeBakey Dissecting and Ligature Forceps",Surgical,CardiovascularSurgery,yes,46,"short-desc; generic-category"
14-390-26,"Pittsburgh Liver Forceps",Surgical,CardiovascularSurgery,yes,43,"short-desc; generic-category"
15-105-07,"Gigli Introducer Guide",Surgical,Neurosurgery.Laminectomy,yes,37,"short-desc; generic-category"
15-158-08,"Caspar Nerve Root Retractor",Surgical,Neurosurgery.Laminectomy,yes,42,"short-desc; generic-category"
15-238-23,"Tumor Knife",Surgical,Neurosurgery.Laminectomy,yes,26,"short-desc; generic-category"
15-594-50,"Cervical Blades",Uncategorized,General,yes,58,"uncategorized"
15-598-55,"Blunt Blades",Surgical,Neurosurgery.Laminectomy,yes,48,"short-desc; generic-category"
17-118-03,"Keyes Dermal punch",Surgical,Dermatology,yes,33,"short-desc; generic-category"
18-164-28,"Kocher Intestinal Clamp",Surgical,Stomach.Intestines.Rectum,yes,40,"short-desc; generic-category"
19-186-15,"Metal Catheter",Surgical,Liver.GallBladde.KidneyandUrology,yes,40,"short-desc; generic-category"
20-195-25,"Breisky Vaginal Speculm",Surgical,Gynecology,yes,45,"short-desc; generic-category"
20-492-15,"Sims Uterine Curette",Surgical,Gynecology,yes,49,"short-desc; generic-category"
20-508-10,"Gourdet Uterine Curette",Surgical,Gynecology,yes,44,"short-desc; generic-category"
23-360-21,"Jansen Ear Forceps",Surgical,Otology,yes,27,"short-desc; generic-category"
24-400-03,"Goldsmith (Thudichum)",Uncategorized,,yes,76,"uncategorized"
25-108-02,"Lindemann Burr for vertical cuts in the buccal aspect of the mandibule",Uncategorized,General,yes,101,"uncategorized"
25-110-08,"Lindemann Burr for vertical cuts in the buccal aspect of the mandibule",Uncategorized,General,yes,99,"uncategorized"
25-256-07,"Obwegeser Periosteal Elevator",Surgical,OralMaxillo-FacialSurgery,yes,44,"short-desc; generic-category"
25-372-06,"Dautrey-Munro Osteotome",Surgical,OralMaxillo-FacialSurgery,yes,36,"short-desc; generic-category"
26-200-00,"Fraenkel Exchangeable Tip",Uncategorized,General,yes,79,"uncategorized"
26-228-02,"Brunings Exchangeable Tip",Uncategorized,General,yes,87,"uncategorized"
28-322-30,"Collin Sterilizing Forceps",Surgical,Holloware,yes,33,"short-desc; generic-category"
13-420-03h,"Lempert Bone Curette",Orthopedic,Rongeurs,yes,46,"short-desc"
30-100-01,"ADENOTOMY / TONSILECTOMY KIT",ENT,Mouth & Throat,yes,28,"short-desc"
15-205-18,"Probe with Ball",General Surgery,Probes,yes,24,"short-desc"
15-237-20,"Tumor Knife",Plastic Surgery,Dermatomes,yes,26,"short-desc"
15-169-00,"Rhoton-Type Elevator",Orthopedic,Periosteal Elevators,yes,41,"short-desc"
28-260-01,"Instruments Tray without Lid",Dental,Restorative,yes,47,"short-desc"
27-286-22,"Steinberg Elevator",Orthopedic,Periosteal Elevators,yes,27,"short-desc"
27-190-18,"Tessier Osteotome",Orthopedic,Osteotomes & Chisels,yes,39,"short-desc"
15-175-00,"Rhoton-Type Spatula Dissectors Large",Neurosurgery,Micro Instruments,yes,49,"short-desc"
15-239-20,"Tumor Knife",Plastic Surgery,Dermatomes,yes,26,"short-desc"
15-210-24,"Exploration Hook",Neurosurgery,Nerve Hooks,yes,25,"short-desc"
15-187-00,"Rhoton-Type Curette",Orthopedic,Bone Curettes,yes,40,"short-desc"
27-206-18,"Tessier Bone Holding Forceps",Orthopedic,Bone Clamps,yes,41,"short-desc"
15-171-00,"Rhoton-Type Spatula Dissectors Small",Neurosurgery,Micro Instruments,yes,49,"short-desc"
28-244-17,"Scalers Trays",Dental,Diagnostic & Periodontal,yes,32,"short-desc"
28-322-20,"Collin Sterilizing Forceps",ENT,Ear & Nasal Forceps,yes,33,"short-desc"
28-206-01,"Forceps Jars",ENT,Ear & Nasal Forceps,yes,24,"short-desc"
27-274-07,"Marchac Periosteal elevator",Orthopedic,Periosteal Elevators,yes,42,"short-desc"
28-296-01,"Instruments Box Perforated",Sterilization & Holloware,Containers,yes,42,"short-desc"
27-270-15,"Tessier mobilizing retractor",General Surgery,Retractors,yes,48,"short-desc"
27-244-22,"Septonasal osteotome",Orthopedic,Osteotomes & Chisels,yes,27,"short-desc"
27-300-20,"Marchac Bone hook",Neurosurgery,Nerve Hooks,yes,24,"short-desc"
15-177-00,"Rhoton-Type 90? Hooks Semi-Sharp",Neurosurgery,Nerve Hooks,yes,45,"short-desc"
15-236-20,"Tumor Knife",Plastic Surgery,Dermatomes,yes,26,"short-desc"
28-130-01,"Perforated Instruments Box",Sterilization & Holloware,Containers,yes,45,"short-desc"
15-200-16,"Vessel Spreader",Cardiovascular,Rib Spreaders,yes,22,"short-desc"
28-248-15,"Scalers Trays",Dental,Diagnostic & Periodontal,yes,31,"short-desc"
28-182-54,"Endodontic Box",Sterilization & Holloware,Containers,yes,49,"short-desc"
27-290-50,"Steinberg Ramus retractor",General Surgery,Retractors,yes,46,"short-desc"
27-242-19,"Tessier septonasal osteotome",Orthopedic,Osteotomes & Chisels,yes,35,"short-desc"
28-316-01,"Instruments Box with Filters",Sterilization & Holloware,Containers,yes,46,"short-desc"
27-204-16,"Tessier Bone Holding Forceps",Orthopedic,Bone Clamps,yes,43,"short-desc"
20-272-23,"Teale Uterine Tenaculum Forceps",ENT,Ear & Nasal Forceps,yes,49,"short-desc"
15-201-12,"Vessel Dilators",Gynecology,Dilators & Sounds,yes,24,"short-desc"
15-240-20,"Tumor Knife",Plastic Surgery,Dermatomes,yes,26,"short-desc"
28-310-01,"Catheter Tray with Cover",Dental,Restorative,yes,42,"short-desc"
27-276-02,"Marchac Periosteal elevator",Orthopedic,Periosteal Elevators,yes,40,"short-desc"
27-214-30,"Tessier Periosteal elevator",Orthopedic,Periosteal Elevators,yes,45,"short-desc"
27-284-19,"Steinberg Elevator",Orthopedic,Periosteal Elevators,yes,27,"short-desc"
28-220-01,"Gallipot",Sterilization & Holloware,Containers,yes,27,"short-desc"
15-206-01,"Tissue Pick",General Surgery,Tissue Forceps,yes,28,"short-desc"
15-204-18,"Probe with Ball",General Surgery,Probes,yes,24,"short-desc"
15-202-12,"Vessel Dilators",Gynecology,Dilators & Sounds,yes,24,"short-desc"
28-160-15,"Kidney Trays with Lid",Dental,Restorative,yes,34,"short-desc"
28-184-54,"Endodontic Box",Sterilization & Holloware,Containers,yes,49,"short-desc"
28-180-54,"Endodontic Box",Sterilization & Holloware,Containers,yes,49,"short-desc"
27-296-04,"Marchac Osteotome",Orthopedic,Osteotomes & Chisels,yes,32,"short-desc"
27-298-08,"Marchac Osteotome",Orthopedic,Osteotomes & Chisels,yes,40,"short-desc"
27-272-15,"Tessier mobilizing retractor",General Surgery,Retractors,yes,47,"short-desc"
27-188-16,"Tessier Osteotome",Orthopedic,Osteotomes & Chisels,yes,41,"short-desc"
15-211-24,"Exploration Hook",Neurosurgery,Nerve Hooks,yes,25,"short-desc"
20-270-24,"Skene Uterine Tenaculum Forceps",ENT,Ear & Nasal Forceps,yes,38,"short-desc"
15-203-12,"Vessel Dilators",Gynecology,Dilators & Sounds,yes,24,"short-desc"
28-256-01,"Instruments Tray with Lid",Dental,Restorative,yes,44,"short-desc"
28-166-13,"Kidney Tray",Dental,Restorative,yes,24,"short-desc"
28-170-15,"Kidney Trays Shallow",Dental,Restorative,yes,33,"short-desc"
28-290-01,"Instrument Box with Lid",Sterilization & Holloware,Containers,yes,42,"short-desc"
28-178-54,"Endodontic Box",Sterilization & Holloware,Containers,yes,49,"short-desc"
28-176-54,"Endodontic Box",Sterilization & Holloware,Containers,yes,44,"short-desc"
28-386-01,"Urinal Jug",Sterilization & Holloware,Containers,yes,36,"short-desc"
27-292-15,"Obwegeser Eyelet Forceps",ENT,Ear & Nasal Forceps,yes,31,"short-desc"
27-288-18,"Steinberg Elevator",Orthopedic,Periosteal Elevators,yes,27,"short-desc"
27-268-17,"Tessier Spreading forceps",ENT,Ear & Nasal Forceps,yes,38,"short-desc"
27-248-13,"Tessier Undermining scissors",Ophthalmology,Scissors,yes,35,"short-desc"
27-240-18,"Tessier Osteotome",Orthopedic,Osteotomes & Chisels,yes,39,"short-desc"
04-536-08,"Glover Bulldog Clamp",Cardiovascular,Vascular Clamps,yes,48,"short-desc"
27-178-19,"Tessier Skin Hooklet",Neurosurgery,Nerve Hooks,yes,34,"short-desc"
15-209-24,"Exploration Hook",Neurosurgery,Nerve Hooks,yes,25,"short-desc"
15-185-00,"Rhoton-Type Curette",Orthopedic,Bone Curettes,yes,42,"short-desc"
28-206-02,"Forceps Jars",ENT,Ear & Nasal Forceps,yes,25,"short-desc"
04-538-07,"Glover Bulldog Clamp",Cardiovascular,Vascular Clamps,yes,48,"short-desc"
27-264-19,"Tessier Bone hook",Neurosurgery,Nerve Hooks,yes,47,"short-desc"
27-282-10,"Steinberg Elevator",Orthopedic,Periosteal Elevators,yes,25,"short-desc"
27-246-12,"Tessier Wire cutting scissors",Ophthalmology,Scissors,yes,36,"short-desc"
27-180-13,"Tessier Scalp Clamp",General Surgery,Clamps,yes,40,"short-desc"
04-538-09,"Glover Bulldog Clamp",Cardiovascular,Vascular Clamps,yes,46,"short-desc"
27-162-12,"Obwegesser Wire Cutter",Orthopedic,Wire Instruments,yes,29,"short-desc"
18-238-20,"Fergusson Intestinal Clamp",Orthopedic,Bone Clamps,yes,41,"short-desc"
18-234-20,"Fergusson Intestinal Clamp",Orthopedic,Bone Clamps,yes,41,"short-desc"
18-224-25,"Nussbaum Intestinal Clamp",General Surgery,Clamps,yes,42,"short-desc"
28-206-03,"Forceps Jars",ENT,Ear & Nasal Forceps,yes,25,"short-desc"
28-206-04,"Forceps Jars",ENT,Ear & Nasal Forceps,yes,25,"short-desc"
26-280-00,"Tyding Tonsil snare",ENT,Mouth & Throat,yes,42,"short-desc"
26-172-18,"White tonsil grasping forceps",Orthopedic,Rasps & Files,yes,36,"short-desc"
26-100-18,"Salyer Cleft palate hooklet",Neurosurgery,Nerve Hooks,yes,43,"short-desc"
26-152-23,"Henke Tonsil dissector 11",ENT,Mouth & Throat,yes,46,"short-desc"
25-456-18,"Steinhauser Elevator",Orthopedic,Periosteal Elevators,yes,29,"short-desc"
18-236-20,"Fergusson Intestinal Clamp",Orthopedic,Bone Clamps,yes,43,"short-desc"
18-126-16,"Williams Grasping Forceps",Orthopedic,Rasps & Files,yes,34,"short-desc"
18-178-21,"Payr Intestinal Clamp",General Surgery,Clamps,yes,38,"short-desc"
18-228-28,"Moynihan Intestinal Clamp",General Surgery,Clamps,yes,42,"short-desc"
18-152-25,"Mayo-Robson Intestinal Clamp",General Surgery,Scissors,yes,47,"short-desc"
18-124-16,"Babcock Intestinal Forceps",ENT,Ear & Nasal Forceps,yes,41,"short-desc"
27-134-17,"Obwegesser Swallowtail Raspatory",Orthopedic,Rasps & Files,yes,48,"short-desc"
27-142-08,"Obwegesser Blade Osteotome",Orthopedic,Osteotomes & Chisels,yes,41,"short-desc"
28-206-05,"Forceps Jars",ENT,Ear & Nasal Forceps,yes,25,"short-desc"
27-164-01,"Obwegesser Wire Twisting Forceps",ENT,Ear & Nasal Forceps,yes,41,"short-desc"
26-176-19,"Schnidt tonsil forceps",ENT,Ear & Nasal Forceps,yes,46,"short-desc"
26-138-23,"Brunings Tonsil knife",ENT,Mouth & Throat,yes,28,"short-desc"
26-110-18,"Salyer cleft palate elevator",Orthopedic,Periosteal Elevators,yes,35,"short-desc"
25-474-16,"Steinhauser Orbital raspatory",Orthopedic,Rasps & Files,yes,44,"short-desc"
18-268-22,"Mixter Multi-Purpose Clamp",General Surgery,Hemostatic Forceps,yes,33,"short-desc"
25-448-16,"Steinhauser Ramus Clamp",General Surgery,Clamps,yes,37,"short-desc"
18-226-25,"Nussbaum Intestinal Clamp",General Surgery,Clamps,yes,40,"short-desc"
18-154-24,"Mayo-Robson Intestinal Clamp",General Surgery,Scissors,yes,45,"short-desc"
28-206-06,"Forceps Jars",ENT,Ear & Nasal Forceps,yes,25,"short-desc"
28-206-07,"Forceps Jars",ENT,Ear & Nasal Forceps,yes,25,"short-desc"
18-134-20,"Duval Forceps",Cardiovascular,Thoracic Instruments,yes,22,"short-desc"
26-270-04,"Jurasz Laryngeal Polypus Forceps",ENT,Ear & Nasal Forceps,yes,47,"short-desc"
26-104-18,"Salyer Cleft palate dissector",ENT,Mouth & Throat,yes,43,"short-desc"
26-114-17,"Jaboma Cleft palate periosteal elevator",Orthopedic,Periosteal Elevators,yes,46,"short-desc"
25-476-18,"Steinhauser Orbital osteotome",Orthopedic,Osteotomes & Chisels,yes,42,"short-desc"
25-440-01,"Terry Duct Retractor",General Surgery,Retractors,yes,34,"short-desc"
18-168-15,"Bainbridge Intestinal Clamp",General Surgery,Clamps,yes,46,"short-desc"
18-132-18,"Duval Forceps",Cardiovascular,Thoracic Instruments,yes,20,"short-desc"
18-240-27,"Hayes Sigmoid Anastomosis Forceps",ENT,Ear & Nasal Forceps,yes,40,"short-desc"
18-130-20,"Duval Forceps",Cardiovascular,Thoracic Instruments,yes,33,"short-desc"
28-206-08,"Forceps Jars",ENT,Ear & Nasal Forceps,yes,26,"short-desc"
17-108-14,"Kilner Skin hooklet",Neurosurgery,Nerve Hooks,yes,35,"short-desc"
26-268-03,"Jurasz Laryngeal Polypus Forceps",ENT,Ear & Nasal Forceps,yes,47,"short-desc"
26-154-23,"Henke Tonsil dissector 16",ENT,Mouth & Throat,yes,46,"short-desc"
26-102-18,"Salyer Cleft palate hooklet",Neurosurgery,Nerve Hooks,yes,42,"short-desc"
25-450-16,"Steinhauser Ramus Clamp",General Surgery,Clamps,yes,36,"short-desc"
18-252-18,"Dick Pressure Clamp",General Surgery,Clamps,yes,26,"short-desc"
25-432-19,"Terry Septal Osteotome",Orthopedic,Osteotomes & Chisels,yes,29,"short-desc"
18-122-16,"Babcock Intestinal Forceps",ENT,Ear & Nasal Forceps,yes,45,"short-desc"
18-148-21,"Mayo-Robson Intestinal Clamp",General Surgery,Scissors,yes,47,"short-desc"
18-136-19,"Duval Intestinal Grasping Forceps",Orthopedic,Rasps & Files,yes,42,"short-desc"
18-112-15,"Judd-Allis Forceps",ENT,Ear & Nasal Forceps,yes,30,"short-desc"
17-118-02,"Keyes Dermal punch",Orthopedic,Periosteal Elevators,yes,33,"short-desc"
28-206-09,"Forceps Jars",ENT,Ear & Nasal Forceps,yes,26,"short-desc"
27-140-08,"Obwegesser Wedge Osteotome",Orthopedic,Osteotomes & Chisels,yes,41,"short-desc"
17-112-01,"Kaye face-lift hook",Cardiovascular,Vascular Clamps,yes,26,"short-desc"
26-134-20,"Hurd Cleft palated needle",ENT,Mouth & Throat,yes,49,"short-desc"
26-180-19,"Schnidt tonsil forceps",ENT,Ear & Nasal Forceps,yes,46,"short-desc"
26-112-18,"Salyer cleft palate elevator",Orthopedic,Periosteal Elevators,yes,46,"short-desc"
25-478-18,"Steinhauser Orbital osteotome",Orthopedic,Osteotomes & Chisels,yes,42,"short-desc"
18-232-20,"Fergusson Intestinal Clamp",Orthopedic,Bone Clamps,yes,43,"short-desc"
18-150-21,"Mayo-Robson Intestinal Clamp",General Surgery,Scissors,yes,43,"short-desc"
18-138-19,"Collin Intestinal Grasping Forceps",Orthopedic,Rasps & Files,yes,43,"short-desc"
18-110-15,"Boys-Allis Forceps",ENT,Ear & Nasal Forceps,yes,32,"short-desc"
26-182-18,"Schnidt tonsil forceps",ENT,Ear & Nasal Forceps,yes,39,"short-desc"
26-106-18,"Salyer Cleft palate dissector",ENT,Mouth & Throat,yes,42,"short-desc"
26-136-22,"Fisher Tonsil knife",ENT,Mouth & Throat,yes,28,"short-desc"
25-468-27,"Steinhauser Mandibuler Retractor",General Surgery,Retractors,yes,39,"short-desc"
18-230-21,"Buie Intestinal Clamp",General Surgery,Clamps,yes,36,"short-desc"
18-190-15,"Benson Pylorus spreader",Cardiovascular,Rib Spreaders,yes,32,"short-desc"
18-108-16,"Allis-Adair Forceps",ENT,Ear & Nasal Forceps,yes,33,"short-desc"
17-134-16,"d? Assumpcao Face-Lift Forceps",ENT,Ear & Nasal Forceps,yes,37,"short-desc"
18-146-21,"Doyen Intestinal Clamp",General Surgery,Clamps,yes,37,"short-desc"
18-114-20,"Thoms-Allis Forceps",ENT,Ear & Nasal Forceps,yes,33,"short-desc"
18-104-15,"Allis Intestinal Forceps",ENT,Ear & Nasal Forceps,yes,44,"short-desc"
27-124-21,"Obwegesser Elevator",Orthopedic,Periosteal Elevators,yes,32,"short-desc"
28-210-02,"Dressing Jars With Lid &#038; Knob",General Surgery,Tissue Forceps,yes,41,"short-desc"
04-552-26,"Organ grasping forceps",Orthopedic,Rasps & Files,yes,41,"short-desc"
26-266-02,"Jurasz Laryngeal Polypus Forceps",ENT,Ear & Nasal Forceps,yes,47,"short-desc"
04-558-21,"Pennington Haemostatic Forceps",ENT,Ear & Nasal Forceps,yes,37,"short-desc"
26-178-18,"Schnidt tonsil forceps",ENT,Ear & Nasal Forceps,yes,39,"short-desc"
26-174-20,"Blohmke tonsil grasping forceps",Orthopedic,Rasps & Files,yes,38,"short-desc"
25-480-06,"Wolford Osteotome",Orthopedic,Osteotomes & Chisels,yes,32,"short-desc"
25-458-07,"Steinhauser Chisel",Orthopedic,Osteotomes & Chisels,yes,31,"short-desc"
28-210-03,"Dressing Jars With Lid &#038; Knob",General Surgery,Tissue Forceps,yes,42,"short-desc"
25-424-16,"Terry Mandibular retractor",General Surgery,Retractors,yes,35,"short-desc"
18-176-15,"Payr-Baby Intestinal Clamp",General Surgery,Clamps,yes,43,"short-desc"
26-264-01,"Jurasz Laryngeal Polypus Forceps",ENT,Ear & Nasal Forceps,yes,47,"short-desc"
25-370-17,"Epker-Bauer Osteotome",Orthopedic,Osteotomes & Chisels,yes,36,"short-desc"
25-346-17,"Dolwick TMJ-Elevator",Orthopedic,Periosteal Elevators,yes,27,"short-desc"
25-302-01,"Rowe Disimpaction Forceps",ENT,Ear & Nasal Forceps,yes,41,"short-desc"
28-210-04,"Dressing Jars With Lid &#038; Knob",General Surgery,Tissue Forceps,yes,43,"short-desc"
25-290-19,"Donovan Orbital Rim Retractor",General Surgery,Retractors,yes,47,"short-desc"
25-272-20,"Obwegeser Elevator",Orthopedic,Periosteal Elevators,yes,27,"short-desc"
18-120-15,"Babcock Intestinal Forceps",ENT,Ear & Nasal Forceps,yes,35,"short-desc"
25-250-20,"Schuchardt-Lauer Progeny Retractor",General Surgery,Retractors,yes,41,"short-desc"
18-118-20,"Lockwood Intestinal Forceps",ENT,Ear & Nasal Forceps,yes,34,"short-desc"
18-144-21,"Doyen Intestinal Clamp",General Surgery,Clamps,yes,39,"short-desc"
25-372-04,"Dautrey-Munro Osteotome",Orthopedic,Osteotomes & Chisels,yes,36,"short-desc"
15-181-00,"45? Hook Semi-Sharp",Neurosurgery,Nerve Hooks,yes,45,"short-desc"
15-126-21,"Love Nerve Root Retractor",General Surgery,Retractors,yes,32,"short-desc"
15-122-15,"Raney Applying/Removal Forceps",ENT,Ear & Nasal Forceps,yes,39,"short-desc"
25-350-16,"Dolwick TMJ-Forceps",ENT,Ear & Nasal Forceps,yes,26,"short-desc"
25-344-14,"Dolwick Resection knife for TMJ",Plastic Surgery,Dermatomes,yes,40,"short-desc"
25-322-12,"Steinhauser Bone Holding Forceps",Orthopedic,Bone Clamps,yes,41,"short-desc"
25-300-01,"Rowe Disimpaction Forceps",ENT,Ear & Nasal Forceps,yes,40,"short-desc"
17-116-02,"Dermal punch",Gynecology,Biopsy,yes,28,"short-desc"
25-286-20,"Orbital Retractor",General Surgery,Retractors,yes,24,"short-desc"
25-270-20,"Obwegeser Elevator",Orthopedic,Periosteal Elevators,yes,27,"short-desc"
25-242-15,"Schuchardt-Lauer Progeny Retractor",General Surgery,Retractors,yes,41,"short-desc"
15-179-00,"Rhoton-Type Hook",Neurosurgery,Nerve Hooks,yes,41,"short-desc"
14-108-19,"Gluck Rib Shear",Cardiovascular,Rib Spreaders,yes,22,"short-desc"
15-154-03,"Hess Nerve Root Retractor",General Surgery,Retractors,yes,40,"short-desc"
15-114-22,"Cone Cranial Punch",Gynecology,Biopsy,yes,27,"short-desc"
17-100-01,"Spare Blade for Moncorps Milium Knife",Plastic Surgery,Dermatomes,yes,37,"short-desc"
15-112-19,"Dahlgren Cranial Rongeur",Orthopedic,Rongeurs,yes,33,"short-desc"
25-378-14,"Partsch Periosteal elevator",Orthopedic,Periosteal Elevators,yes,42,"short-desc"
28-210-05,"Dressing Jars With Lid &#038; Knob",General Surgery,Tissue Forceps,yes,42,"short-desc"
25-366-06,"Bauer Osteotome",Orthopedic,Osteotomes & Chisels,yes,30,"short-desc"
25-356-15,"Dolwick TMJ-Rasp",Orthopedic,Rasps & Files,yes,23,"short-desc"
25-394-02,"Hargis Ramus Retractor",General Surgery,Retractors,yes,38,"short-desc"
25-281-19,"Brunings Tongue Spatula",Neurosurgery,Micro Instruments,yes,45,"short-desc"
25-332-16,"Salyer Bone Holding Forceps",Orthopedic,Bone Clamps,yes,36,"short-desc"
25-252-20,"Metz-Lauer Progeny Retractor",General Surgery,Retractors,yes,35,"short-desc"
17-104-01,"Fox Lupus curette",Orthopedic,Bone Curettes,yes,32,"short-desc"
15-167-00,"Rhoton-Type Elevator",Orthopedic,Periosteal Elevators,yes,41,"short-desc"
25-380-04,"Epker Osteotome",Orthopedic,Osteotomes & Chisels,yes,28,"short-desc"
14-394-15,"Satinsky Forceps for Kindey &#8211; Pancreas",Cardiovascular,Vascular Clamps,yes,47,"short-desc"
14-538-15,"Pediatric Vascular Clamp",Cardiovascular,Vascular Clamps,yes,45,"short-desc"
14-498-17,"Cooley-Beck Anastomosis Clamp",Cardiovascular,Vascular Clamps,yes,48,"short-desc"
25-240-19,"Metz Progeny Retractor",General Surgery,Retractors,yes,31,"short-desc"
14-474-17,"Cooley Anastomosis Clamp",Cardiovascular,Vascular Clamps,yes,43,"short-desc"
14-448-16,"Cooley Vascular Forceps",Cardiovascular,Vascular Clamps,yes,48,"short-desc"
28-210-06,"Dressing Jars With Lid &#038; Knob",General Surgery,Tissue Forceps,yes,43,"short-desc"
14-446-16,"DeBakey Anastomosis Clamp",General Surgery,Tissue Forceps,yes,46,"short-desc"
25-362-16,"Champy TMJ-Spreader",Cardiovascular,Rib Spreaders,yes,26,"short-desc"
25-374-04,"Dunn-Dautrey Osteotome",Orthopedic,Osteotomes & Chisels,yes,47,"short-desc"
25-340-12,"Dolwick TMJ-Disc Forceps",ENT,Ear & Nasal Forceps,yes,33,"short-desc"
25-308-21,"Dingmann Zygoma Elevator",Orthopedic,Periosteal Elevators,yes,33,"short-desc"
25-282-01,"Rowe Orbital Retractor",General Surgery,Retractors,yes,35,"short-desc"
25-274-15,"Obwegeser Osteotomes",Orthopedic,Osteotomes & Chisels,yes,33,"short-desc"
14-410-18,"Morris-DeBakey Aortic Clamp",General Surgery,Tissue Forceps,yes,48,"short-desc"
25-377-06,"Dunn-Dautrey Osteotome",Orthopedic,Osteotomes & Chisels,yes,43,"short-desc"
15-118-00,"Olivecrona-Toennis Clip Applying Forceps",ENT,Ear & Nasal Forceps,yes,40,"short-desc"
17-106-01,"Wolff Lupus Curette",Orthopedic,Bone Curettes,yes,34,"short-desc"
14-540-16,"Pediatric Vascular Clamp",Cardiovascular,Vascular Clamps,yes,43,"short-desc"
14-520-15,"Suture Hook",Neurosurgery,Nerve Hooks,yes,28,"short-desc"
25-262-01,"Krenkel Periosteal Elevator",Orthopedic,Periosteal Elevators,yes,36,"short-desc"
14-480-16,"Cooley Anastomosis Clamp",Cardiovascular,Vascular Clamps,yes,43,"short-desc"
14-530-16,"Subramanian Aortic Clamp",General Surgery,Clamps,yes,49,"short-desc"
25-392-01,"Hargis Ramus Retractor",General Surgery,Retractors,yes,37,"short-desc"
28-210-07,"Dressing Jars With Lid &#038; Knob",General Surgery,Tissue Forceps,yes,43,"short-desc"
25-376-06,"Dunn-Dautrey Osteotome",Orthopedic,Osteotomes & Chisels,yes,43,"short-desc"
25-358-17,"Dolwick TMJ-Rasp",Orthopedic,Rasps & Files,yes,25,"short-desc"
25-342-13,"Dolwick TMJ-Disc scissors",Ophthalmology,Scissors,yes,34,"short-desc"
28-210-01,"Dressing Jars With Lid &#038; Knob",General Surgery,Tissue Forceps,yes,41,"short-desc"
25-318-01,"Keen Bone Holding Forceps",Orthopedic,Bone Clamps,yes,40,"short-desc"
25-276-17,"Elevator",Orthopedic,Periosteal Elevators,yes,15,"short-desc"
25-248-15,"Metz-Lauer Progeny Retractor",General Surgery,Retractors,yes,35,"short-desc"
16-110-15,"Rose Tracheal Hook",Neurosurgery,Nerve Hooks,yes,27,"short-desc"
25-244-15,"Metz-Lauer Progeny Retractor",General Surgery,Retractors,yes,35,"short-desc"
25-320-13,"Steinhauser Bone Holding Forceps",Orthopedic,Bone Clamps,yes,41,"short-desc"
15-637-20,"McCulloch Hook Blade",Neurosurgery,Nerve Hooks,yes,27,"short-desc"
25-384-06,"Epker Osteotome",Orthopedic,Osteotomes & Chisels,yes,36,"short-desc"
28-216-02,"Dressing Jars / Cotton Containers",General Surgery,Tissue Forceps,yes,45,"short-desc"
25-360-22,"Dolwick Ligature Forceps",ENT,Ear & Nasal Forceps,yes,31,"short-desc"
25-336-16,"Dolwick TMJ-Spreader",Cardiovascular,Rib Spreaders,yes,33,"short-desc"
25-354-15,"Dolwick TMJ-Rasp",Orthopedic,Rasps & Files,yes,23,"short-desc"
25-330-25,"Wolford Bone Holding Forceps",Orthopedic,Bone Clamps,yes,35,"short-desc"
25-279-15,"Tongue Spatula",Neurosurgery,Micro Instruments,yes,28,"short-desc"
25-306-20,"Zygoma Elevator",Orthopedic,Periosteal Elevators,yes,22,"short-desc"
25-266-18,"Periosteal Elevator",Orthopedic,Periosteal Elevators,yes,32,"short-desc"
16-114-17,"Lukens Tracheal Hook",Neurosurgery,Nerve Hooks,yes,29,"short-desc"
15-641-00,"Caspar Screw driver for spreading bar",Neurosurgery,Pituitary Rongeurs,yes,37,"short-desc"
15-638-20,"McCulloch Toothed Hook Blades",Neurosurgery,Nerve Hooks,yes,36,"short-desc"
28-216-03,"Dressing Jars / Cotton Containers",General Surgery,Tissue Forceps,yes,46,"short-desc"
16-106-17,"Iterson Tracheal Hook",Neurosurgery,Nerve Hooks,yes,35,"short-desc"
25-348-14,"Dolwick TMJ Condyle Hook",Neurosurgery,Nerve Hooks,yes,33,"short-desc"
25-352-16,"Dolwick TMJ-Forceps",ENT,Ear & Nasal Forceps,yes,28,"short-desc"
25-338-16,"Dolwick TMJ-Spreader",Cardiovascular,Rib Spreaders,yes,34,"short-desc"
25-256-06,"Obwegeser Periosteal Elevator",Orthopedic,Periosteal Elevators,yes,44,"short-desc"
25-310-20,"Dingmann-Wilk Retractor",General Surgery,Retractors,yes,30,"short-desc"
25-238-18,"Schuchardt Progeny Retractor",General Surgery,Retractors,yes,35,"short-desc"
25-260-01,"Obwegeser Periosteal Elevator",Orthopedic,Periosteal Elevators,yes,38,"short-desc"
25-228-16,"Obwegeser Chin retractor",General Surgery,Retractors,yes,33,"short-desc"
25-258-05,"Obwegeser Periosteal Elevator",Orthopedic,Periosteal Elevators,yes,42,"short-desc"
25-226-22,"Obwegeser Ramus Retractors 72 X 10 mm",General Surgery,Retractors,yes,44,"short-desc"
25-214-23,"Shea Multi purpose retractor",General Surgery,Retractors,yes,46,"short-desc"
25-206-24,"Extra oral retractors",General Surgery,Retractors,yes,49,"short-desc"
25-208-24,"Extra oral retractors",General Surgery,Retractors,yes,48,"short-desc"
25-204-21,"Extra oral retractors",General Surgery,Retractors,yes,46,"short-desc"
25-202-21,"Extra oral retractors",General Surgery,Retractors,yes,47,"short-desc"
16-122-15,"Kocher Goitre Enucleator",General Surgery,Hemostatic Forceps,yes,43,"short-desc"
16-120-15,"Kocher Goitre Enucleator",General Surgery,Hemostatic Forceps,yes,33,"short-desc"
28-216-04,"Dressing Jars / Cotton Containers",General Surgery,Tissue Forceps,yes,46,"short-desc"
25-152-14,"Vestibulum retractor",General Surgery,Retractors,yes,27,"short-desc"
16-100-14,"Trousseau Tracheal Dilator",Gynecology,Dilators & Sounds,yes,35,"short-desc"
15-697-17,"Gelpi Skin retractor",General Surgery,Retractors,yes,29,"short-desc"
25-170-15,"Hartmann Tongue Depressor",ENT,Ear & Nasal Speculums,yes,44,"short-desc"
28-216-05,"Dressing Jars / Cotton Containers",General Surgery,Tissue Forceps,yes,47,"short-desc"
25-158-13,"Bishop Lip and cheek retractor",General Surgery,Retractors,yes,39,"short-desc"
16-124-15,"Lahey Goitre Grasping Forceps",Orthopedic,Rasps & Files,yes,43,"short-desc"
16-104-14,"Laborde Tracheal Dilator",Gynecology,Dilators & Sounds,yes,31,"short-desc"
15-552-12,"SPURLING Rongeur",Orthopedic,Rongeurs,yes,44,"short-desc"
15-642-11,"Caspar Blade Changing Forceps",Neurosurgery,Pituitary Rongeurs,yes,38,"short-desc"
15-608-60,"Transverse Retractor",General Surgery,Retractors,yes,44,"short-desc"
28-216-06,"Dressing Jars / Cotton Containers",General Surgery,Tissue Forceps,yes,46,"short-desc"
16-108-17,"Iterson Tracheal Hook",Neurosurgery,Nerve Hooks,yes,35,"short-desc"
25-156-12,"Obwegeser Lip and cheek retractor",General Surgery,Retractors,yes,40,"short-desc"
16-116-18,"Jackson Tracheal Hook",General Surgery,Retractors,yes,28,"short-desc"
04-640-14,"Pean Haemostatic Forceps",General Surgery,Hemostatic Forceps,yes,43,"short-desc"
15-599-65,"Transverse Retractor hinged",General Surgery,Retractors,yes,41,"short-desc"
16-102-13,"Laborde Tracheal Dilator",Gynecology,Dilators & Sounds,yes,49,"short-desc"
28-216-07,"Dressing Jars / Cotton Containers",General Surgery,Tissue Forceps,yes,47,"short-desc"
16-112-11,"Luer Tracheal Hook",Orthopedic,Rongeurs,yes,25,"short-desc"
04-642-14,"Pean Haemostatic Forceps",General Surgery,Hemostatic Forceps,yes,39,"short-desc"
15-632-40,"Lumbar Speculum",ENT,Ear & Nasal Speculums,yes,35,"short-desc"
25-232-01,"Koberg Retractor",General Surgery,Retractors,yes,34,"short-desc"
15-550-12,"LOVE-GRUENWALD Rongeur",General Surgery,Tissue Forceps,yes,49,"short-desc"
04-640-17,"Pean Haemostatic Forceps",General Surgery,Hemostatic Forceps,yes,41,"short-desc"
28-216-08,"Dressing Jars / Cotton Containers",General Surgery,Tissue Forceps,yes,47,"short-desc"
25-142-10,"Jennings Mouth Gag",ENT,Mouth & Throat,yes,27,"short-desc"
15-157-24,"Holsher Nerve Root Retractor",General Surgery,Retractors,yes,41,"short-desc"
04-646-16,"Pean-Nippon Haemostatic Forceps",General Surgery,Hemostatic Forceps,yes,46,"short-desc"
14-402-25,"Lees Bronchus Clamp",General Surgery,Clamps,yes,38,"short-desc"
15-546-12,"Cushing Rongeur",General Surgery,Tissue Forceps,yes,43,"short-desc"
14-546-01,"Castaneda Neonatal Vascular Clamp",Cardiovascular,Vascular Clamps,yes,40,"short-desc"
14-504-05,"DeBakey Vascular Dilator",General Surgery,Tissue Forceps,yes,41,"short-desc"
15-130-11,"Heifetz Brain Spatula",Neurosurgery,Micro Instruments,yes,37,"short-desc"
14-478-20,"Cooley Carotid clamp",Cardiovascular,Vascular Clamps,yes,39,"short-desc"
14-534-16,"Pediatric Vascular Clamp",Cardiovascular,Vascular Clamps,yes,45,"short-desc"
28-216-09,"Dressing Jars / Cotton Containers",General Surgery,Tissue Forceps,yes,47,"short-desc"
25-150-10,"Martin-Simplex Lip and cheek retractor",General Surgery,Retractors,yes,47,"short-desc"
25-128-14,"Fergusson-Ackland Mouth Gag",Orthopedic,Bone Clamps,yes,36,"short-desc"
25-114-20,"Langenbeck Finger Protector",General Surgery,Retractors,yes,41,"short-desc"
25-106-18,"Terry Elevator",Orthopedic,Periosteal Elevators,yes,34,"short-desc"
24-406-15,"Beckmann Nasal Speculum",General Surgery,Retractors (Self-Retaining),yes,30,"short-desc"
28-216-10,"Dressing Jars / Cotton Containers",General Surgery,Tissue Forceps,yes,47,"short-desc"
24-332-23,"Lange Alar hooklet",Neurosurgery,Nerve Hooks,yes,37,"short-desc"
24-330-01,"Cottle Nasal Hooklet",Neurosurgery,Nerve Hooks,yes,44,"short-desc"
24-314-21,"Cottle Nasal Rasp",Orthopedic,Rasps & Files,yes,35,"short-desc"
14-516-20,"Crile Nerve Hooklet",General Surgery,Hemostatic Forceps,yes,26,"short-desc"
15-553-12,"SPURLING Rongeur",Orthopedic,Rongeurs,yes,43,"short-desc"
15-548-12,"Cushing Rongeur",General Surgery,Tissue Forceps,yes,44,"short-desc"
15-115-20,"Bore Hole Protection Forceps",ENT,Ear & Nasal Forceps,yes,35,"short-desc"
15-113-21,"De Vilbiss Cranial Rongeur",Orthopedic,Rongeurs,yes,33,"short-desc"
24-378-11,"Cottle Columella forceps",ENT,Ear & Nasal Forceps,yes,38,"short-desc"
14-452-17,"DeBakey-Beck Anastomosis Clamp",General Surgery,Tissue Forceps,yes,49,"short-desc"
14-400-23,"Lees Bronchus Clamp",General Surgery,Clamps,yes,38,"short-desc"
28-216-11,"Dressing Jars / Cotton Containers",General Surgery,Tissue Forceps,yes,47,"short-desc"
24-346-01,"Joseph Musoca hooklet",Orthopedic,Periosteal Elevators,yes,34,"short-desc"
24-340-10,"Converse Nasal retractors",General Surgery,Retractors,yes,46,"short-desc"
24-318-01,"Lewis Nasal Rasp",Orthopedic,Rasps & Files,yes,47,"short-desc"
24-370-22,"Kressner septum forceps",ENT,Ear & Nasal Forceps,yes,30,"short-desc"
15-128-09,"Karison Brain Spatula",Neurosurgery,Micro Instruments,yes,47,"short-desc"
15-119-18,"McKenzie Clip Applying Forceps",ENT,Ear & Nasal Forceps,yes,39,"short-desc"
14-332-24,"Applying forceps for bulldog clamps",Cardiovascular,Vascular Clamps,yes,42,"short-desc"
14-518-20,"Crile Nerve Hooklet",General Surgery,Hemostatic Forceps,yes,28,"short-desc"
14-472-22,"Cooley Iliac Clamp",Cardiovascular,Vascular Clamps,yes,37,"short-desc"
14-390-25,"Pittsburgh Liver Forceps",ENT,Ear & Nasal Forceps,yes,43,"short-desc"
14-384-24,"Weber Aorta Clamp",General Surgery,Clamps,yes,43,"short-desc"
28-216-12,"Dressing Jars / Cotton Containers",General Surgery,Tissue Forceps,yes,47,"short-desc"
24-380-21,"Faulkner Antrum Curette",Orthopedic,Bone Curettes,yes,30,"short-desc"
24-352-14,"Cottle Alar Hooklet",Neurosurgery,Nerve Hooks,yes,35,"short-desc"
24-334-17,"Fomon Alar hooklet",Orthopedic,Rasps & Files,yes,37,"short-desc"
24-326-15,"Joseph Mucosa Hooklet",Orthopedic,Periosteal Elevators,yes,37,"short-desc"
14-506-30,"Hach Fasciotomy Knife",Plastic Surgery,Dermatomes,yes,28,"short-desc"
14-306-30,"DeBakey Aortic Clamp",General Surgery,Tissue Forceps,yes,39,"short-desc"
14-378-27,"DeBakey Ligature Forceps",General Surgery,Tissue Forceps,yes,43,"short-desc"
14-392-01,"Forceps for Kidney-Pancreas",ENT,Ear & Nasal Forceps,yes,46,"short-desc"
28-216-13,"Dressing Jars / Cotton Containers",General Surgery,Tissue Forceps,yes,47,"short-desc"
24-374-11,"Ogura Skin grasping forceps",Orthopedic,Rasps & Files,yes,40,"short-desc"
24-354-01,"Cottle Alar Hooklet",Neurosurgery,Nerve Hooks,yes,41,"short-desc"
24-358-17,"Neivert Alar Hooklet",Neurosurgery,Nerve Hooks,yes,27,"short-desc"
24-322-01,"Maltz Nasal Rasp",Orthopedic,Rasps & Files,yes,31,"short-desc"
14-444-16,"DeBakey Anastomosis Clamp",General Surgery,Tissue Forceps,yes,46,"short-desc"
14-344-21,"Potts Anastomosis Clamp",Cardiovascular,Vascular Clamps,yes,44,"short-desc"
14-408-18,"Glover Aorta-Anastomosis Clamp",Cardiovascular,Vascular Clamps,yes,49,"short-desc"
14-382-24,"Weber Aorta Clamp",General Surgery,Clamps,yes,42,"short-desc"
14-368-30,"DeBakay Aortic Aneurysm Clamp",Cardiovascular,Vascular Clamps,yes,48,"short-desc"
14-264-09,"DeBakey-Satinsky Bulldog Clamp",General Surgery,Tissue Forceps,yes,48,"short-desc"
14-290-17,"Javid Carotid Shunt Clamp",General Surgery,Clamps,yes,34,"short-desc"
14-284-18,"Dale Peripheral vascular clamp",Cardiovascular,Vascular Clamps,yes,49,"short-desc"
28-216-14,"Dressing Jars / Cotton Containers",General Surgery,Tissue Forceps,yes,47,"short-desc"
24-372-15,"Aiach Columella suturing forceps",ENT,Ear & Nasal Forceps,yes,41,"short-desc"
24-336-19,"Aufricht Nasal retractor",General Surgery,Retractors,yes,43,"short-desc"
24-320-21,"Fomon Bone file",Orthopedic,Rasps & Files,yes,33,"short-desc"
24-296-17,"Joseph Nasal Saw",Orthopedic,Periosteal Elevators,yes,40,"short-desc"
15-420-02,"Penfield Dissector",ENT,Mouth & Throat,yes,39,"short-desc"
15-375-30,"Yasargil Galea Hook",Neurosurgery,Micro Instruments,yes,26,"short-desc"
15-381-18,"Freer Septum Elvator",Orthopedic,Periosteal Elevators,yes,42,"short-desc"
15-368-18,"Penfield Dura Dissector",Neurosurgery,Nerve Hooks,yes,40,"short-desc"
24-392-19,"Guilen Suction rasparatory",General Surgery,Suction Tubes,yes,33,"short-desc"
24-382-01,"Coakley Antrum Curette",Orthopedic,Bone Curettes,yes,37,"short-desc"
15-366-19,"Penfield Dura Dissector",Neurosurgery,Nerve Hooks,yes,40,"short-desc"
28-386-02,"Urinal Jug",Sterilization & Holloware,Containers,yes,40,"short-desc"
24-348-16,"Fomon button ended alar hooklet",Orthopedic,Rasps & Files,yes,38,"short-desc"
24-368-22,"Asch Septum straightening forceps",ENT,Ear & Nasal Forceps,yes,42,"short-desc"
15-356-01,"Gillies Nerve and Dura Hook",Neurosurgery,Nerve Hooks,yes,48,"short-desc"
24-290-18,"Silver Rhinoplastic Chisel",Orthopedic,Osteotomes & Chisels,yes,46,"short-desc"
28-386-03,"Urinal Jug",Sterilization & Holloware,Containers,yes,40,"short-desc"
15-427-15,"Cloward Lamina Spreader",Cardiovascular,Rib Spreaders,yes,38,"short-desc"
15-380-22,"Dissector / Elevator",Orthopedic,Periosteal Elevators,yes,27,"short-desc"
15-419-01,"Penfield Dissector",ENT,Mouth & Throat,yes,39,"short-desc"
15-373-24,"Olivecrona Dura dissector / elavator",Neurosurgery,Nerve Hooks,yes,43,"short-desc"
15-362-26,"Groningen Nerve and Dura Hook",Neurosurgery,Nerve Hooks,yes,38,"short-desc"
24-328-17,"Cottle Nasal Hooklet",Neurosurgery,Nerve Hooks,yes,34,"short-desc"
24-338-08,"Kilner Alar hooklet",Neurosurgery,Nerve Hooks,yes,32,"short-desc"
24-308-01,"Maltz Nasal Rasp",Orthopedic,Rasps & Files,yes,47,"short-desc"
24-294-17,"Joseph Nasal Saw",Orthopedic,Periosteal Elevators,yes,39,"short-desc"
24-292-18,"Parkes Osteotome",Orthopedic,Osteotomes & Chisels,yes,23,"short-desc"
24-278-01,"Walter Osteotome",Orthopedic,Osteotomes & Chisels,yes,29,"short-desc"
24-288-18,"Silver Rhinoplastic Chisel",Orthopedic,Osteotomes & Chisels,yes,45,"short-desc"
24-312-01,"Gallaher Antrum Rasp",Orthopedic,Rasps & Files,yes,48,"short-desc"
24-272-18,"Cottle Osteotome",Orthopedic,Osteotomes & Chisels,yes,32,"short-desc"
24-286-18,"Silver Rhinoplastic Chisel",Orthopedic,Osteotomes & Chisels,yes,49,"short-desc"
24-276-01,"Walter Gouge",Orthopedic,Osteotomes & Chisels,yes,25,"short-desc"
24-270-18,"Cottle Osteotome",Orthopedic,Osteotomes & Chisels,yes,32,"short-desc"
24-264-18,"Cottle Osteotome",Orthopedic,Osteotomes & Chisels,yes,39,"short-desc"
24-268-18,"Cottle Osteotome",Orthopedic,Osteotomes & Chisels,yes,31,"short-desc"
24-260-16,"Killian-Claus Septum Gouge",Orthopedic,Osteotomes & Chisels,yes,39,"short-desc"
24-258-16,"Killian Septum Gouge",Orthopedic,Osteotomes & Chisels,yes,33,"short-desc"
24-252-16,"Freer Septum Chisel",Orthopedic,Osteotomes & Chisels,yes,44,"short-desc"
24-282-01,"Cinelli Osteotome",Orthopedic,Osteotomes & Chisels,yes,31,"short-desc"
24-284-01,"Neivert-Anderson Osteotome",Orthopedic,Osteotomes & Chisels,yes,48,"short-desc"
24-280-01,"Fomon Chisel",Orthopedic,Osteotomes & Chisels,yes,25,"short-desc"
24-250-16,"Freer Septum Chisel",Orthopedic,Osteotomes & Chisels,yes,40,"short-desc"
24-228-20,"Pennington Septum Elevator",Orthopedic,Periosteal Elevators,yes,43,"short-desc"
24-202-01,"Ballenger Swivel Knife",General Surgery,Sponge Forceps,yes,37,"short-desc"
24-130-12,"Weill Ethmoid Bone Forceps",ENT,Ear & Nasal Forceps,yes,49,"short-desc"
24-212-16,"Joseph Septum elevator",Orthopedic,Periosteal Elevators,yes,37,"short-desc"
24-148-20,"Middleton-Jansen Septum Forceps",General Surgery,Tissue Forceps,yes,38,"short-desc"
24-110-18,"Hartmann Nasal polypus forceps",ENT,Ear & Nasal Speculums,yes,39,"short-desc"
15-429-17,"Inge Lamina Spreader",Cardiovascular,Rib Spreaders,yes,33,"short-desc"
19-172-50,"Millin Bladder Retractor",Surgical,Liver.GallBladde.KidneyandUrology,yes,144,"generic-category"
24-204-01,"Ballenger Swivel Knife",General Surgery,Sponge Forceps,yes,35,"short-desc"
24-190-15,"Joseph Rhinoplastic Knife",Orthopedic,Periosteal Elevators,yes,40,"short-desc"
24-128-12,"Ethmoid Bone Forceps",ENT,Ear & Nasal Forceps,yes,43,"short-desc"
24-218-19,"Freer Septum Elevator",Orthopedic,Periosteal Elevators,yes,41,"short-desc"
24-112-17,"Knight Septum Forceps",ENT,Ear & Nasal Forceps,yes,28,"short-desc"
15-428-13,"Cloward Lamina Spreader",Cardiovascular,Rib Spreaders,yes,40,"short-desc"
15-376-41,"Yasargil Galea Hook",Neurosurgery,Micro Instruments,yes,26,"short-desc"
19-172-51,"Fiber Optic Light Carrier",Surgical,Liver.GallBladde.KidneyandUrology,yes,82,"generic-category"
24-206-16,"Brunings Septum knife",Plastic Surgery,Dermatomes,yes,30,"short-desc"
24-186-15,"Joseph Rhinoplastic Knife",Orthopedic,Periosteal Elevators,yes,34,"short-desc"
24-232-23,"Cottle Septum Elevator",Orthopedic,Periosteal Elevators,yes,39,"short-desc"
04-656-26,"Bengolea Haemostatic Forceps",General Surgery,Hemostatic Forceps,yes,45,"short-desc"
24-114-17,"Graig Septum Forceps",ENT,Ear & Nasal Forceps,yes,27,"short-desc"
15-379-24,"Davis Dura Dissector",Neurosurgery,Nerve Hooks,yes,29,"short-desc"
15-422-04,"Penfield Dissector",ENT,Mouth & Throat,yes,39,"short-desc"
15-382-20,"Freer Septum Elvator",Orthopedic,Periosteal Elevators,yes,42,"short-desc"
24-240-19,"Masing Periosteal elevator",Orthopedic,Periosteal Elevators,yes,43,"short-desc"
24-210-16,"Halle Septum elevator",Orthopedic,Periosteal Elevators,yes,36,"short-desc"
11-272-19,"Mayo-Hegar Needle Holder",General Surgery,Scissors,yes,49,"short-desc"
24-200-18,"Freer Septum knife",Orthopedic,Periosteal Elevators,yes,27,"short-desc"
24-106-20,"Westmacott Nasal Tampon Forceps",ENT,Ear & Nasal Forceps,yes,38,"short-desc"
19-172-52,"Central Blade",Surgical,Liver.GallBladde.KidneyandUrology,yes,92,"generic-category"
15-430-16,"Inge Lamina Spreader",Cardiovascular,Rib Spreaders,yes,36,"short-desc"
15-421-00,"Nerve Hook",Neurosurgery,Nerve Hooks,yes,26,"short-desc"
15-424-00,"Spine probe",General Surgery,Probes,yes,27,"short-desc"
24-234-18,"Killian Septum Elevator",Orthopedic,Periosteal Elevators,yes,38,"short-desc"
15-384-16,"Dorsey Dura Separator",Neurosurgery,Nerve Hooks,yes,44,"short-desc"
15-404-00,"Micro nerve hook",Neurosurgery,Nerve Hooks,yes,23,"short-desc"
24-216-19,"Freer Septum Elevator",Orthopedic,Periosteal Elevators,yes,41,"short-desc"
24-198-19,"Freer Septum knife",Orthopedic,Periosteal Elevators,yes,25,"short-desc"
24-118-01,"Luc Ethmoid Bone Forceps",ENT,Ear & Nasal Forceps,yes,39,"short-desc"
15-367-00,"Penfield Dura Dissector",Neurosurgery,Nerve Hooks,yes,40,"short-desc"
23-562-18,"Lempert Ear Periosteal Elevator",Orthopedic,Rongeurs,yes,44,"short-desc"
15-377-24,"Toennis Dura Dissector",Neurosurgery,Nerve Hooks,yes,29,"short-desc"
15-374-20,"Sachs Dura Dissector",Neurosurgery,Nerve Hooks,yes,29,"short-desc"
24-238-18,"Joseph Periosteal elevator",Orthopedic,Periosteal Elevators,yes,41,"short-desc"
24-194-16,"Fomon Rhinoplastic Knife",Orthopedic,Rasps & Files,yes,33,"short-desc"
24-226-20,"McKenty Septum Elevator",Orthopedic,Periosteal Elevators,yes,40,"short-desc"
15-343-19,"Cushing Nerve and Dura Hook",General Surgery,Tissue Forceps,yes,48,"short-desc"
24-108-18,"Lubet-Barbon Nasal Tampon Forceps",ENT,Ear & Nasal Forceps,yes,42,"short-desc"
19-172-91,"Lateral blades",Surgical,Liver.GallBladde.KidneyandUrology,yes,83,"generic-category"
15-378-21,"Davis Dura Dissector",Neurosurgery,Nerve Hooks,yes,36,"short-desc"
15-352-13,"Frazier Nerve and Dura Hook",General Surgery,Suction Tubes,yes,34,"short-desc"
24-192-15,"Joseph Rhinoplastic Knife",Orthopedic,Periosteal Elevators,yes,40,"short-desc"
15-372-24,"Olivecrona Dura Dissectors / Elavator",Neurosurgery,Nerve Hooks,yes,44,"short-desc"
15-360-17,"Brom Vein Hook",Cardiovascular,Vein Strippers,yes,21,"short-desc"
15-341-14,"Crile Nerve and Dura Hook",General Surgery,Hemostatic Forceps,yes,34,"short-desc"
15-351-16,"Hartmann Nerve and Dura Hook",Neurosurgery,Nerve Hooks,yes,42,"short-desc"
15-322-26,"Curette",Orthopedic,Bone Curettes,yes,33,"short-desc"
15-284-23,"Fisch Micro Hook",Neurosurgery,Nerve Hooks,yes,30,"short-desc"
15-317-26,"Curette (rigid)",Orthopedic,Bone Curettes,yes,30,"short-desc"
15-303-19,"Yasargil Micro Hand Instrument",Neurosurgery,Micro Instruments,yes,37,"short-desc"
15-298-19,"Yasargil Micro Hand Instrument",Neurosurgery,Micro Instruments,yes,37,"short-desc"
15-273-18,"Yasargil-Type Raspatories",Orthopedic,Rasps & Files,yes,32,"short-desc"
24-224-21,"Freer Septum Elevator",Orthopedic,Periosteal Elevators,yes,36,"short-desc"
24-222-18,"Freer Septum Elevator",Orthopedic,Periosteal Elevators,yes,36,"short-desc"
24-196-16,"Freer Muscosa knife / Septum knife",Orthopedic,Periosteal Elevators,yes,43,"short-desc"
15-364-17,"Penfield Dura Dissector",Neurosurgery,Nerve Hooks,yes,40,"short-desc"
24-120-01,"Brunings Septum Forceps",ENT,Ear & Nasal Forceps,yes,40,"short-desc"
24-116-01,"Septum Forceps",ENT,Ear & Nasal Forceps,yes,36,"short-desc"
24-184-14,"Cottle Rhinoplastic Knife",Plastic Surgery,Dermatomes,yes,32,"short-desc"
23-566-01,"Lempert Ear scoop",Orthopedic,Rongeurs,yes,41,"short-desc"
24-102-15,"Troltsch Nasal Tampon Forceps",ENT,Ear & Nasal Forceps,yes,38,"short-desc"
23-560-20,"Lempert Ear Periosteal Elevator",Orthopedic,Rongeurs,yes,46,"short-desc"
23-534-19,"Lucae Tympanum Needle",General Surgery,Tissue Forceps,yes,28,"short-desc"
23-532-18,"Lucae Tympanum Needle",General Surgery,Tissue Forceps,yes,28,"short-desc"
23-530-18,"Lucae Tympanum Needle",General Surgery,Tissue Forceps,yes,28,"short-desc"
24-100-14,"Troltsch Nasal Tampon Forceps",ENT,Ear & Nasal Forceps,yes,38,"short-desc"
15-370-18,"Olivecrona Dura Dissectors / Elavator",Neurosurgery,Nerve Hooks,yes,44,"short-desc"
23-500-16,"Jansen Ear spoon",General Surgery,Tissue Forceps,yes,30,"short-desc"
23-484-13,"Langenbeck Ear curette",General Surgery,Retractors,yes,36,"short-desc"
23-360-16,"Jansen Ear Forceps",General Surgery,Tissue Forceps,yes,25,"short-desc"
23-354-11,"Troeltsch (Wilde) Ear Forceps",ENT,Ear & Nasal Forceps,yes,36,"short-desc"
23-304-11,"Hartmann Tuning Fork",ENT,Ear & Nasal Speculums,yes,28,"short-desc"
23-284-01,"Lucae Tuning Fork",General Surgery,Tissue Forceps,yes,24,"short-desc"
23-274-02,"Hartmann Tuning Fork",ENT,Ear & Nasal Speculums,yes,28,"short-desc"
23-266-04,"Hartmann Tuning Fork",ENT,Ear & Nasal Speculums,yes,27,"short-desc"
15-335-20,"Dandy Nerve Hook",Neurosurgery,Nerve Hooks,yes,31,"short-desc"
23-212-16,"Rosen Lancet knife",Plastic Surgery,Dermatomes,yes,30,"short-desc"
23-164-03,"Micro ear hook",Neurosurgery,Nerve Hooks,yes,34,"short-desc"
23-130-15,"Plester Flap Knife",Plastic Surgery,Dermatomes,yes,25,"short-desc"
15-371-20,"Olivecrona Dura Dissectors / Elavator",Neurosurgery,Nerve Hooks,yes,44,"short-desc"
15-361-21,"Milligan Dura Dissector",Neurosurgery,Nerve Hooks,yes,32,"short-desc"
15-348-20,"Adson Nerve and Dura Hook",General Surgery,Tissue Forceps,yes,45,"short-desc"
23-170-15,"Fisch Micro dissectors",ENT,Mouth & Throat,yes,46,"short-desc"
23-502-01,"Lucae Ear Hooklet",General Surgery,Tissue Forceps,yes,32,"short-desc"
23-336-03,"Snare wire",ENT,Mouth & Throat,yes,34,"short-desc"
23-174-15,"Fisch Micro dissectors",ENT,Mouth & Throat,yes,48,"short-desc"
23-302-10,"Hartmann Tuning Fork",ENT,Ear & Nasal Speculums,yes,45,"short-desc"
23-282-06,"Hartmann Tuning Fork",ENT,Ear & Nasal Speculums,yes,29,"short-desc"
23-272-01,"Hartmann Tuning Fork",ENT,Ear & Nasal Speculums,yes,27,"short-desc"
23-248-01,"Hartmann Ear Speculum",ENT,Ear & Nasal Speculums,yes,38,"short-desc"
23-148-05,"Barbara micro ear hook",Neurosurgery,Nerve Hooks,yes,37,"short-desc"
23-188-16,"Plester Raspatory",Orthopedic,Rasps & Files,yes,32,"short-desc"
15-369-18,"Watson-Cheyne Dissector",ENT,Mouth & Throat,yes,30,"short-desc"
15-334-22,"Hoen Nerve Hook",Neurosurgery,Nerve Hooks,yes,29,"short-desc"
15-365-19,"Penfield Dura Dissector",Neurosurgery,Nerve Hooks,yes,40,"short-desc"
15-363-26,"Groningen Nerve and Dura Hook",Neurosurgery,Nerve Hooks,yes,38,"short-desc"
23-358-12,"Grunwald Ear Forceps",ENT,Ear & Nasal Forceps,yes,29,"short-desc"
15-349-20,"Sachs Nerve and Dura Hook",Neurosurgery,Nerve Hooks,yes,45,"short-desc"
23-506-01,"Day Ear Hooklet",Neurosurgery,Nerve Hooks,yes,30,"short-desc"
23-408-75,"Micro Ear Forceps",ENT,Ear & Nasal Forceps,yes,47,"short-desc"
23-312-00,"Konig Tuning Fork",ENT,Diagnostics,yes,42,"short-desc"
23-292-05,"Lucae Tuning Fork",General Surgery,Tissue Forceps,yes,26,"short-desc"
23-276-03,"Hartmann Tuning Fork",ENT,Ear & Nasal Speculums,yes,28,"short-desc"
23-268-05,"Hartmann Tuning Fork",ENT,Ear & Nasal Speculums,yes,28,"short-desc"
23-262-02,"French Tuning Fork",ENT,Diagnostics,yes,25,"short-desc"
23-246-00,"Boucheron Ear Speculum",ENT,Ear & Nasal Speculums,yes,39,"short-desc"
23-162-03,"Micro ear hook",Neurosurgery,Nerve Hooks,yes,34,"short-desc"
23-142-03,"Barbara micro ear hook",Neurosurgery,Nerve Hooks,yes,42,"short-desc"
15-358-01,"Wagener Nerve and Dura Hook",Neurosurgery,Nerve Hooks,yes,42,"short-desc"
15-357-02,"Gillies Nerve and Dura Hook",Neurosurgery,Nerve Hooks,yes,48,"short-desc"
06-258-22,"Kocher Retractor",General Surgery,Hemostatic Forceps,yes,30,"short-desc"
15-340-17,"Sachs Nerve and Dura Hook",Neurosurgery,Nerve Hooks,yes,32,"short-desc"
23-444-02,"Beyer Mastoid Rongeur",Orthopedic,Rongeurs,yes,47,"short-desc"
23-186-16,"Plester Raspatory",Orthopedic,Rasps & Files,yes,24,"short-desc"
23-376-11,"Buck Foreign body lever",Diagnostic,Reflex Hammers,yes,32,"short-desc"
11-304-14,"Mathieu Needle Holder",General Surgery,Needle Holders,yes,28,"short-desc"
23-128-15,"Tabb Mucosa Knife",Plastic Surgery,Dermatomes,yes,26,"short-desc"
23-488-13,"Gross Ear scoop / hook",General Surgery,Sponge Forceps,yes,49,"short-desc"
23-392-85,"Strumpel Ear Polypus Forceps",ENT,Ear & Nasal Forceps,yes,48,"short-desc"
23-352-10,"Troeltsch (Wilde) Ear Forceps",ENT,Ear & Nasal Forceps,yes,38,"short-desc"
23-294-06,"Lucae Tuning Fork",General Surgery,Tissue Forceps,yes,26,"short-desc"
23-288-03,"Lucae Tuning Fork",General Surgery,Tissue Forceps,yes,25,"short-desc"
23-260-01,"French Tuning Fork",ENT,Diagnostics,yes,25,"short-desc"
23-220-16,"Rosen Discision knife curved",Plastic Surgery,Dermatomes,yes,45,"short-desc"
23-210-16,"Rosen Tympanum knife",Plastic Surgery,Dermatomes,yes,32,"short-desc"
23-166-20,"Shea exploring hook",Neurosurgery,Nerve Hooks,yes,46,"short-desc"
15-350-20,"Kilner Nerve and Dura Hook",Neurosurgery,Nerve Hooks,yes,40,"short-desc"
15-344-23,"Blalock Nerve and Dura Hook",Neurosurgery,Nerve Hooks,yes,34,"short-desc"
15-329-21,"Nicola Raspatory",Orthopedic,Rasps & Files,yes,35,"short-desc"
23-504-01,"Wagener Ear Hooklet",Neurosurgery,Nerve Hooks,yes,34,"short-desc"
23-132-01,"Rosen circular cut knife",Plastic Surgery,Dermatomes,yes,49,"short-desc"
23-440-02,"Citelli Mastoid Rongeur",Orthopedic,Rongeurs,yes,49,"short-desc"
23-330-01,"Hartmann Ear Catheters",ENT,Ear & Nasal Speculums,yes,37,"short-desc"
23-298-10,"Lucae Tuning Fork",General Surgery,Tissue Forceps,yes,42,"short-desc"
23-278-04,"Hartmann Tuning Fork",ENT,Ear & Nasal Speculums,yes,29,"short-desc"
23-218-16,"Rosen Sickle knife",Plastic Surgery,Dermatomes,yes,42,"short-desc"
23-172-15,"Fisch Micro dissectors",ENT,Mouth & Throat,yes,45,"short-desc"
23-208-16,"Rosen Circular cutting knife ? 1",Plastic Surgery,Dermatomes,yes,49,"short-desc"
23-202-16,"Shambaugh 45? Hook",Neurosurgery,Nerve Hooks,yes,33,"short-desc"
23-356-12,"Troeltsch (Wilde) Ear Forceps",ENT,Ear & Nasal Forceps,yes,38,"short-desc"
15-347-20,"Adson Nerve and Dura Hook",General Surgery,Tissue Forceps,yes,45,"short-desc"
15-325-04,"Hardy Curette",Orthopedic,Bone Curettes,yes,41,"short-desc"
15-337-20,"Dandy Nerve Hook",Neurosurgery,Nerve Hooks,yes,31,"short-desc"
23-446-02,"Beyer Mastoid Rongeur",Orthopedic,Rongeurs,yes,47,"short-desc"
23-126-15,"Wullstein Sickle Knife",Plastic Surgery,Dermatomes,yes,31,"short-desc"
23-370-75,"Littauer Ear polypus forceps",General Surgery,Scissors,yes,48,"short-desc"
23-176-15,"Fisch Micro dissectors",ENT,Mouth & Throat,yes,47,"short-desc"
23-290-04,"Lucae Tuning Fork",General Surgery,Tissue Forceps,yes,26,"short-desc"
23-280-05,"Hartmann Tuning Fork",ENT,Ear & Nasal Speculums,yes,29,"short-desc"
23-264-03,"Hartmann Tuning Fork",ENT,Ear & Nasal Speculums,yes,26,"short-desc"
23-332-18,"Krause Polypus Snare",ENT,Mouth & Throat,yes,39,"short-desc"
23-194-16,"Plester Dissector",ENT,Mouth & Throat,yes,45,"short-desc"
23-192-16,"Plester Dissector",ENT,Mouth & Throat,yes,46,"short-desc"
15-336-20,"Dandy Nerve Hook",Neurosurgery,Nerve Hooks,yes,31,"short-desc"
15-346-19,"PBI Nerve and Dura Hook",Neurosurgery,Nerve Hooks,yes,30,"short-desc"
15-332-29,"Smithwick Dura Dissector",Neurosurgery,Nerve Hooks,yes,31,"short-desc"
15-319-26,"Landolt-Reulen Blunt Hook",Neurosurgery,Nerve Hooks,yes,47,"short-desc"
23-146-03,"Barbara micro ear hook",Neurosurgery,Nerve Hooks,yes,42,"short-desc"
15-312-26,"Landolt Curette",Orthopedic,Bone Curettes,yes,35,"short-desc"
23-144-03,"Barbara micro ear hook",Neurosurgery,Nerve Hooks,yes,42,"short-desc"
23-396-01,"McGee wire bending forceps",ENT,Ear & Nasal Forceps,yes,49,"short-desc"
23-334-18,"Krause-Voss Polypus Snare",ENT,Mouth & Throat,yes,46,"short-desc"
23-286-02,"Lucae Tuning Fork",General Surgery,Tissue Forceps,yes,25,"short-desc"
23-244-01,"Politzer Ear Speculum",ENT,Ear & Nasal Speculums,yes,36,"short-desc"
23-182-01,"House Micro curette",Orthopedic,Bone Curettes,yes,49,"short-desc"
23-214-16,"Rosen Tympanum knife",Plastic Surgery,Dermatomes,yes,27,"short-desc"
23-124-14,"Schuknecht Sickle knife",Plastic Surgery,Dermatomes,yes,32,"short-desc"
21-142-40,"Kielland-Luikart Obstetrical Forceps",ENT,Ear & Nasal Forceps,yes,43,"short-desc"
21-102-33,"Collin Pelvimeter",Gynecology,Vaginal Speculums,yes,41,"short-desc"
20-492-05,"Sims Uterine Curette",General Surgery,Scissors,yes,49,"short-desc"
20-520-03,"Suction Curette",General Surgery,Suction Tubes,yes,30,"short-desc"
09-304-01,"Frazier Suction Tube",General Surgery,Suction Tubes,yes,35,"short-desc"
15-300-19,"Jacobson Micro Hand Instrument",Gynecology,Uterine Forceps,yes,37,"short-desc"
09-306-01,"Frazier Suction Tube",General Surgery,Suction Tubes,yes,35,"short-desc"
15-316-26,"Landolt-Reulen Raspatories (rigid)",Orthopedic,Rasps & Files,yes,49,"short-desc"
15-305-19,"Yasargil Micro Hand Instrument",Neurosurgery,Micro Instruments,yes,37,"short-desc"
21-172-31,"Braun Obstetrical Hook",General Surgery,Scissors,yes,29,"short-desc"
06-256-20,"Kocher Retractor",General Surgery,Hemostatic Forceps,yes,32,"short-desc"
21-264-08,"Kane Umbilical Cord Clamp",General Surgery,Scissors,yes,33,"short-desc"
20-316-15,"Lahey Uterine Tenaculum Forceps",ENT,Ear & Nasal Forceps,yes,49,"short-desc"
15-283-23,"Fisch Micro Hook",Neurosurgery,Nerve Hooks,yes,30,"short-desc"
21-140-41,"Kielland Obstetrical Forceps",ENT,Ear & Nasal Forceps,yes,35,"short-desc"
21-206-22,"Luer Haemorrhoidal Forceps",Orthopedic,Rongeurs,yes,33,"short-desc"
20-360-23,"Emmett Fistula Hook",Neurosurgery,Nerve Hooks,yes,34,"short-desc"
15-342-19,"Cushing Nerve and Dura Hook",General Surgery,Tissue Forceps,yes,48,"short-desc"
15-314-26,"Blunt Hook (malleable)",General Surgery,Retractors,yes,29,"short-desc"
15-304-19,"Yasargil Micro Hand Instrument",Neurosurgery,Micro Instruments,yes,37,"short-desc"
15-293-19,"Yasargil Micro Hand Instrument",Neurosurgery,Micro Instruments,yes,37,"short-desc"
20-304-26,"Uterine Tenaculum Forceps",ENT,Ear & Nasal Forceps,yes,45,"short-desc"
21-246-32,"Sellheim Obstetrical Lever",Gynecology,Obstetric Forceps,yes,33,"short-desc"
21-196-29,"Boer Ovum Forceps",ENT,Ear & Nasal Forceps,yes,24,"short-desc"
21-132-28,"Wrigley Obstetrical Forceps",ENT,Ear & Nasal Forceps,yes,34,"short-desc"
20-528-27,"Uterine Secretion Scoop",Gynecology,Dilators & Sounds,yes,30,"short-desc"
20-506-30,"Collin Uterine Curette",Orthopedic,Bone Curettes,yes,29,"short-desc"
20-500-10,"Greene Uterine Curette",Orthopedic,Bone Curettes,yes,36,"short-desc"
20-416-23,"Tischler Uterine Biopsy Forceps",ENT,Ear & Nasal Forceps,yes,48,"short-desc"
20-382-27,"Munchen uterine biopsy curette",Orthopedic,Bone Curettes,yes,47,"short-desc"
20-318-31,"Kelly Uterine Polypus Forceps",General Surgery,Hemostatic Forceps,yes,38,"short-desc"
15-280-23,"Caspar Dissectors",Neurosurgery,Pituitary Rongeurs,yes,32,"short-desc"
15-313-26,"Curette (malleable)",General Surgery,Retractors,yes,26,"short-desc"
15-271-18,"Yasargil-Type Raspatories",Orthopedic,Rasps & Files,yes,32,"short-desc"
15-302-19,"Yasargil Micro Hand Instrument",Neurosurgery,Micro Instruments,yes,37,"short-desc"
15-294-19,"Yasargil Micro Hand Instrument",Neurosurgery,Micro Instruments,yes,37,"short-desc"
15-275-23,"Yasargil-Type Raspatories",Orthopedic,Rasps & Files,yes,32,"short-desc"
21-224-27,"Sanger Polypus and Ovum Forceps",ENT,Ear & Nasal Forceps,yes,46,"short-desc"
21-238-26,"Gauss Scalp Flap Forceps",ENT,Ear & Nasal Forceps,yes,31,"short-desc"
21-138-44,"Piper Obstetrical Forceps",ENT,Ear & Nasal Forceps,yes,34,"short-desc"
21-190-01,"Winter Placenta Forceps",ENT,Ear & Nasal Forceps,yes,48,"short-desc"
15-266-21,"Dissectors",ENT,Mouth & Throat,yes,32,"short-desc"
20-495-01,"Bumm Uterine Curette",Orthopedic,Bone Curettes,yes,49,"short-desc"
20-548-28,"RAMATHIBODI Uterine Elevator",Orthopedic,Periosteal Elevators,yes,35,"short-desc"
21-195-24,"Lewkowiz Ovum Forceps",ENT,Ear & Nasal Forceps,yes,38,"short-desc"
15-315-26,"Hosobuchi fork Spatula",Neurosurgery,Micro Instruments,yes,36,"short-desc"
15-296-19,"Yasargil Micro Hand Instrument",Neurosurgery,Micro Instruments,yes,37,"short-desc"
15-295-19,"Yasargil Micro Hand Instrument",Neurosurgery,Micro Instruments,yes,37,"short-desc"
15-278-23,"Caspar Dissectors",Neurosurgery,Pituitary Rongeurs,yes,32,"short-desc"
15-276-23,"Caspar Dissectors",Neurosurgery,Pituitary Rongeurs,yes,32,"short-desc"
21-266-08,"Collin Umbilical Cord Clamp",General Surgery,Scissors,yes,35,"short-desc"
09-196-21,"Nuboer Suction Tube",General Surgery,Suction Tubes,yes,48,"short-desc"
21-220-22,"Green-Armytage Uterine Clamp",Gynecology,Dilators & Sounds,yes,35,"short-desc"
21-136-36,"Simpson Obstetrical Forceps",ENT,Ear & Nasal Forceps,yes,36,"short-desc"
20-504-01,"Thomas Uterine Curette",Orthopedic,Bone Curettes,yes,44,"short-desc"
20-510-04,"Milan Uterine Curette",Orthopedic,Bone Curettes,yes,34,"short-desc"
15-299-19,"Jacobson Micro Hand Instrument",Gynecology,Uterine Forceps,yes,37,"short-desc"
15-282-18,"Vessel Knife",Plastic Surgery,Dermatomes,yes,21,"short-desc"
21-192-01,"Winter Placenta Forceps",ENT,Ear & Nasal Forceps,yes,46,"short-desc"
21-134-30,"Simpson Obstetrical Forceps",ENT,Ear & Nasal Forceps,yes,36,"short-desc"
20-540-30,"Rotocrette Biopsy Curette",Orthopedic,Bone Curettes,yes,32,"short-desc"
21-236-18,"Willett Scalp Flap Forceps",ENT,Ear & Nasal Forceps,yes,35,"short-desc"
15-279-23,"Caspar Dissectors",Neurosurgery,Pituitary Rongeurs,yes,32,"short-desc"
15-301-19,"Yasargil Micro Hand Instrument",Neurosurgery,Micro Instruments,yes,37,"short-desc"
15-297-19,"Yasargil Micro Hand Instrument",Neurosurgery,Micro Instruments,yes,37,"short-desc"
15-286-18,"Fisch Micro Hook",Neurosurgery,Nerve Hooks,yes,44,"short-desc"
15-270-18,"Yasargil-Type Raspatories",Orthopedic,Rasps & Files,yes,32,"short-desc"
15-268-23,"Dissectors",ENT,Mouth & Throat,yes,32,"short-desc"
15-251-18,"Raspatories",Orthopedic,Rasps & Files,yes,20,"short-desc"
22-100-17,"Trowel knife",Plastic Surgery,Dermatomes,yes,31,"short-desc"
21-144-40,"Tarnier Obstetrical Forceps",ENT,Ear & Nasal Forceps,yes,34,"short-desc"
21-146-42,"Braun Cranioclast",General Surgery,Scissors,yes,24,"short-desc"
09-246-01,"Zoellner Suction Cannula",General Surgery,Suction Tubes,yes,47,"short-desc"
21-104-35,"Collin Pelvimeter",Gynecology,Vaginal Speculums,yes,41,"short-desc"
21-194-24,"Lewkowiz Ovum Forceps",ENT,Ear & Nasal Forceps,yes,40,"short-desc"
20-346-26,"Strassmann uterine elevating forceps",ENT,Ear & Nasal Forceps,yes,43,"short-desc"
20-322-26,"Heywood-Smith Uterine Polypus Forceps",ENT,Ear & Nasal Forceps,yes,44,"short-desc"
20-320-27,"Noto Uterine Polypus Forceps",ENT,Ear & Nasal Forceps,yes,35,"short-desc"
20-302-21,"Barun Uterine Tenaculum Forceps",ENT,Ear & Nasal Forceps,yes,49,"short-desc"
20-296-22,"Herff Puncturing Forceps",ENT,Ear & Nasal Forceps,yes,44,"short-desc"
04-536-11,"Glover Bulldog Clamp",Cardiovascular,Vascular Clamps,yes,49,"short-desc"
21-210-28,"Bumm Polypus and Ovum Forceps",ENT,Ear & Nasal Forceps,yes,36,"short-desc"
09-222-18,"Gorney Suction Dissector",General Surgery,Suction Tubes,yes,31,"short-desc"
20-170-18,"Braun Vaginal Retractor",General Surgery,Scissors,yes,42,"short-desc"
20-260-25,"Schroder Uterine Tenaculum Forceps",ENT,Ear & Nasal Forceps,yes,43,"short-desc"
19-158-14,"Spermatic Cord fixation clamp",General Surgery,Clamps,yes,38,"short-desc"
19-136-26,"Kocher Bladder retractors",General Surgery,Hemostatic Forceps,yes,45,"short-desc"
19-126-22,"Young Prostatic Retractor",General Surgery,Retractors,yes,32,"short-desc"
19-114-21,"Mayo-Blake Gall Stone Forceps",General Surgery,Scissors,yes,46,"short-desc"
13-259-10,"Chisels",Orthopedic,Osteotomes & Chisels,yes,25,"short-desc"
20-122-01,"Semm Vaginal Speculum",ENT,Ear & Nasal Speculums,yes,37,"short-desc"
20-244-26,"Sims Uterine Depressor",General Surgery,Scissors,yes,29,"short-desc"
20-128-00,"Sims Vaginal Speculum",General Surgery,Scissors,yes,31,"short-desc"
20-114-01,"Trelat Vaginal Speculum",ENT,Ear & Nasal Speculums,yes,43,"short-desc"
19-210-08,"Stockmann Penis clamp",General Surgery,Clamps,yes,27,"short-desc"
19-150-24,"Millin Ligature carrying forceps",ENT,Ear & Nasal Forceps,yes,39,"short-desc"
19-142-24,"Millin Capsule Forceps",ENT,Ear & Nasal Forceps,yes,43,"short-desc"
19-130-21,"Young Prostatic Retractor",General Surgery,Retractors,yes,34,"short-desc"
18-292-17,"Barr Rectal Speculum",ENT,Ear & Nasal Speculums,yes,39,"short-desc"
20-252-33,"Sims Uterine Sound",General Surgery,Scissors,yes,36,"short-desc"
09-200-20,"Adson Suction Tube",General Surgery,Tissue Forceps,yes,33,"short-desc"
20-224-34,"Goodell Uterine Dilator",Gynecology,Dilators & Sounds,yes,30,"short-desc"
19-106-01,"Elsasser Nephrostomy Forceps",ENT,Ear & Nasal Forceps,yes,43,"short-desc"
20-126-01,"Guttmann Vaginal Speculum",ENT,Ear & Nasal Speculums,yes,37,"short-desc"
20-102-01,"Collin Vaginal Speculum",ENT,Ear & Nasal Speculums,yes,38,"short-desc"
20-136-01,"Jackson Vaginal Retractor",General Surgery,Retractors,yes,45,"short-desc"
19-166-00,"Judd-Masson Bladder Retractor",General Surgery,Retractors,yes,47,"short-desc"
19-134-27,"Legueu Bladder spatula",Neurosurgery,Micro Instruments,yes,42,"short-desc"
19-154-24,"Ureter forceps",ENT,Ear & Nasal Forceps,yes,21,"short-desc"
18-288-15,"Smith-Buie Rectal Speculum",ENT,Ear & Nasal Speculums,yes,45,"short-desc"
18-284-22,"Czerny Rectal Speculum",General Surgery,Retractors,yes,47,"short-desc"
20-248-29,"Valleix Uterine Sound",Gynecology,Dilators & Sounds,yes,30,"short-desc"
04-544-15,"Spencer-Wells Haemostatic Forceps",ENT,Ear & Nasal Forceps,yes,48,"short-desc"
20-104-01,"Collin Vaginal Speculum",ENT,Ear & Nasal Speculums,yes,43,"short-desc"
19-196-33,"Mayo Gall duct probe",General Surgery,Scissors,yes,46,"short-desc"
20-158-01,"Kallmorgen Vaginal Retractor",General Surgery,Retractors,yes,48,"short-desc"
20-120-01,"Pederson Vaginal Speculum",ENT,Ear & Nasal Speculums,yes,46,"short-desc"
19-144-22,"Millin Capsule Forceps",ENT,Ear & Nasal Forceps,yes,43,"short-desc"
19-152-24,"Czerny Gall stone forceps",General Surgery,Retractors,yes,34,"short-desc"
19-120-01,"Desjardins Gall Stone Forceps",ENT,Ear & Nasal Forceps,yes,44,"short-desc"
19-118-21,"Mixter Gall Stone Forceps",General Surgery,Hemostatic Forceps,yes,32,"short-desc"
19-100-01,"Randall Kidney Stone Forceps",ENT,Ear & Nasal Forceps,yes,43,"short-desc"
06-248-04,"Retractor",General Surgery,Retractors,yes,34,"short-desc"
18-286-01,"Brinkerhoff Rectal Speculum",ENT,Ear & Nasal Speculums,yes,49,"short-desc"
18-338-16,"Buie Fistula probe",General Surgery,Probes,yes,25,"short-desc"
04-544-20,"Spencer-Wells Haemostatic Forceps",ENT,Ear & Nasal Forceps,yes,48,"short-desc"
04-562-23,"Collin Intestinal grasping forceps",Orthopedic,Rasps & Files,yes,41,"short-desc"
09-238-01,"Nasal Suction Tube",General Surgery,Suction Tubes,yes,37,"short-desc"
19-212-11,"Strauss Penis clamp",General Surgery,Clamps,yes,26,"short-desc"
20-193-25,"Doyen Vaginal Retractor",General Surgery,Retractors,yes,42,"short-desc"
20-124-01,"Seyffert Vaginal Speculum",ENT,Ear & Nasal Speculums,yes,45,"short-desc"
19-206-08,"Circumcision Gomco Clamp",General Surgery,Clamps,yes,32,"short-desc"
19-164-29,"Legueu Bladder Retractor",General Surgery,Retractors,yes,49,"short-desc"
19-148-22,"Millin Capsule Forceps",ENT,Ear & Nasal Forceps,yes,34,"short-desc"
19-116-21,"Mayo-Blake Gall Stone Forceps",General Surgery,Scissors,yes,44,"short-desc"
18-350-01,"Rectal Biopsy Forceps",ENT,Ear & Nasal Forceps,yes,49,"short-desc"
13-259-14,"Chisels",Orthopedic,Osteotomes & Chisels,yes,25,"short-desc"
20-246-27,"Braun Uterine Depressor",General Surgery,Scissors,yes,30,"short-desc"
19-214-20,"Mathieu Foreign Body Forceps",General Surgery,Needle Holders,yes,49,"short-desc"
20-220-24,"Kogan Endocervical speculum",ENT,Ear & Nasal Speculums,yes,36,"short-desc"
20-180-20,"Scherbak Handle for Vaginal Speculum",ENT,Ear & Nasal Speculums,yes,43,"short-desc"
20-156-01,"Kallmorgen Vaginal Speculum",ENT,Ear & Nasal Speculums,yes,47,"short-desc"
20-132-01,"Kristeller Vaginal Speculum",ENT,Ear & Nasal Speculums,yes,46,"short-desc"
19-208-07,"Mogen Circumcision Clamp",General Surgery,Clamps,yes,32,"short-desc"
09-198-24,"Frazier Suction Tube",General Surgery,Suction Tubes,yes,47,"short-desc"
19-162-29,"Millin Bladder neck spreader",Cardiovascular,Rib Spreaders,yes,44,"short-desc"
19-146-24,"Millin Capsule Forceps",ENT,Ear & Nasal Forceps,yes,31,"short-desc"
19-128-22,"Young Prostatic Retractor",General Surgery,Retractors,yes,32,"short-desc"
18-348-30,"Norwood Rectal polypus snare",ENT,Mouth & Throat,yes,35,"short-desc"
18-334-19,"McGinvey Hemorrhoidal grasping forceps",Orthopedic,Rasps & Files,yes,45,"short-desc"
18-274-15,"Sims Rectal Speculum",General Surgery,Scissors,yes,48,"short-desc"
20-118-01,"Graves Vaginal Speculum",ENT,Ear & Nasal Speculums,yes,44,"short-desc"
19-110-21,"Blake Gall Stone Forceps",ENT,Ear & Nasal Forceps,yes,41,"short-desc"
19-188-36,"Guyon Catheter guide (introducer)",Urology,Urethral Sounds,yes,42,"short-desc"
20-168-18,"Braun Vaginal Speculum",General Surgery,Scissors,yes,41,"short-desc"
20-130-01,"Jackson Vaginal Retractor",General Surgery,Retractors,yes,37,"short-desc"
20-100-01,"Collin Vaginal Speculum",ENT,Ear & Nasal Speculums,yes,49,"short-desc"
09-180-24,"Poole Suction Tube",General Surgery,Suction Tubes,yes,44,"short-desc"
19-138-26,"Kocher Bladder retractors",General Surgery,Hemostatic Forceps,yes,45,"short-desc"
19-132-23,"Young Prostatic Retractor",General Surgery,Retractors,yes,32,"short-desc"
18-346-30,"Weston Rectal polypus snare",ENT,Mouth & Throat,yes,34,"short-desc"
18-336-01,"Pratt Crypt Hook",Neurosurgery,Nerve Hooks,yes,33,"short-desc"
19-112-21,"Blake Gall Stone Forceps",ENT,Ear & Nasal Forceps,yes,39,"short-desc"
14-232-20,"Bailey-Gibbon Rib Contractor",Cardiovascular,Rib Spreaders,yes,47,"short-desc"
15-285-18,"Fisch Micro Hook",Neurosurgery,Nerve Hooks,yes,44,"short-desc"
15-281-18,"Sharp Dissectors",ENT,Mouth & Throat,yes,25,"short-desc"
15-265-23,"Dissectors",ENT,Mouth & Throat,yes,32,"short-desc"
14-334-07,"Glover Bulldog Clamp",Cardiovascular,Vascular Clamps,yes,48,"short-desc"
15-253-18,"Raspatories",Orthopedic,Rasps & Files,yes,20,"short-desc"
15-218-18,"Ligature Hook",Neurosurgery,Nerve Hooks,yes,22,"short-desc"
14-380-27,"DeBakey Ligature Forceps",General Surgery,Tissue Forceps,yes,43,"short-desc"
15-213-24,"Insulated Hook",Neurosurgery,Nerve Hooks,yes,23,"short-desc"
09-190-36,"Cooley Suction Tube",General Surgery,Suction Tubes,yes,34,"short-desc"
14-398-01,"Harken Auricle Clamp",General Surgery,Clamps,yes,41,"short-desc"
14-302-24,"Wylie Aortic Clamp",General Surgery,Clamps,yes,37,"short-desc"
14-270-07,"Santulli Bulldog Clamp",Cardiovascular,Vascular Clamps,yes,40,"short-desc"
14-266-10,"DeBakey-Satinsky Bulldog Clamp",General Surgery,Tissue Forceps,yes,49,"short-desc"
15-274-21,"Yasargil-Type Raspatories",Orthopedic,Rasps & Files,yes,32,"short-desc"
14-236-29,"Lung Spatula",Cardiovascular,Thoracic Instruments,yes,21,"short-desc"
15-272-18,"Yasargil-Type Raspatories",Orthopedic,Rasps & Files,yes,32,"short-desc"
15-219-18,"Ligature Hook",Neurosurgery,Nerve Hooks,yes,22,"short-desc"
15-222-18,"Nerve Hook",Neurosurgery,Nerve Hooks,yes,19,"short-desc"
14-370-25,"Cooley Aortic Ligature Forceps",Cardiovascular,Vascular Clamps,yes,49,"short-desc"
14-366-28,"DeBakay Aortic Aneurysm Clamp",Cardiovascular,Vascular Clamps,yes,48,"short-desc"
14-342-20,"Potts Coarctation Clamp",Cardiovascular,Vascular Clamps,yes,44,"short-desc"
14-276-22,"Ochsner Aortic Clamp",General Surgery,Hemostatic Forceps,yes,39,"short-desc"
14-268-06,"Glover Bulldog Clamp",Cardiovascular,Vascular Clamps,yes,40,"short-desc"
14-250-20,"Lovelace Lung Grasping Forceps",Orthopedic,Rasps & Files,yes,49,"short-desc"
14-346-22,"Potts Anastomosis Clamp",Cardiovascular,Vascular Clamps,yes,42,"short-desc"
09-182-25,"Poole Suction Tube",General Surgery,Suction Tubes,yes,41,"short-desc"
18-254-17,"Morris Sigmoid Anastomosis Forceps",ENT,Ear & Nasal Forceps,yes,43,"short-desc"
18-260-16,"Hopfner Multi-Purpose Clamp",General Surgery,Clamps,yes,34,"short-desc"
15-277-20,"Caspar Dissectors",Neurosurgery,Pituitary Rongeurs,yes,32,"short-desc"
14-374-24,"DeBakey Ligature Forceps",General Surgery,Tissue Forceps,yes,45,"short-desc"
15-267-21,"Dissectors",ENT,Mouth & Throat,yes,32,"short-desc"
15-264-23,"Dissectors",ENT,Mouth & Throat,yes,32,"short-desc"
15-215-24,"Insulated Hook",Neurosurgery,Nerve Hooks,yes,23,"short-desc"
15-244-23,"Tumor Knife",Plastic Surgery,Dermatomes,yes,39,"short-desc"
15-223-18,"Vessel Hook",Neurosurgery,Nerve Hooks,yes,20,"short-desc"
14-388-27,"Calne Forceps For Vena Cava",ENT,Ear & Nasal Forceps,yes,46,"short-desc"
14-292-18,"Javid Carotid Shunt Clamp",General Surgery,Clamps,yes,34,"short-desc"
14-348-19,"DeBakey Dissecting and Ligature Forceps",General Surgery,Tissue Forceps,yes,46,"short-desc"
14-226-20,"Sellors Rib Contractor",Cardiovascular,Rib Spreaders,yes,47,"short-desc"
18-266-23,"Mixter Multi-Purpose Clamp",General Surgery,Hemostatic Forceps,yes,33,"short-desc"
15-269-23,"Dissectors",ENT,Mouth & Throat,yes,32,"short-desc"
15-214-24,"Insulated Hook",Neurosurgery,Nerve Hooks,yes,23,"short-desc"
15-250-23,"Raspatories",Orthopedic,Rasps & Files,yes,18,"short-desc"
15-224-18,"Ligature Hook",Neurosurgery,Nerve Hooks,yes,22,"short-desc"
15-216-24,"Insulated Hook",Neurosurgery,Nerve Hooks,yes,23,"short-desc"
14-376-24,"DeBakey Aortic Forceps",General Surgery,Tissue Forceps,yes,43,"short-desc"
14-330-07,"DeBakey Bulldog Clamp",General Surgery,Tissue Forceps,yes,49,"short-desc"
14-122-32,"Brunner Rib Shear",Cardiovascular,Rib Spreaders,yes,40,"short-desc"
14-308-18,"Vascular Measuring Device",Cardiovascular,Vascular Clamps,yes,32,"short-desc"
14-304-27,"Wylie Aortic Clamp",General Surgery,Clamps,yes,37,"short-desc"
14-336-06,"Glover Bulldog Clamp",Cardiovascular,Vascular Clamps,yes,48,"short-desc"
14-278-22,"Diethrich Aortic Clamp",General Surgery,Clamps,yes,41,"short-desc"
14-240-22,"Price-Thomas Bronchus Clamp",General Surgery,Clamps,yes,34,"short-desc"
14-228-15,"Bailey-Baby Rib Contractor",Cardiovascular,Rib Spreaders,yes,35,"short-desc"
18-264-24,"Finochietto Multi-Purpose Clamp",Cardiovascular,Rib Spreaders,yes,40,"short-desc"
15-221-18,"Nerve Hook",Neurosurgery,Nerve Hooks,yes,19,"short-desc"
15-212-24,"Exploration Hook",Neurosurgery,Nerve Hooks,yes,25,"short-desc"
04-640-16,"Pean Haemostatic Forceps",General Surgery,Hemostatic Forceps,yes,41,"short-desc"
04-642-17,"Pean Haemostatic Forceps",General Surgery,Hemostatic Forceps,yes,41,"short-desc"
14-288-13,"Gregory Profunda Clamp",General Surgery,Clamps,yes,43,"short-desc"
14-248-24,"Semb Bronchus Clamp",General Surgery,Clamps,yes,36,"short-desc"
14-120-24,"Lebsche Sternum Chisel",Orthopedic,Osteotomes & Chisels,yes,31,"short-desc"
14-118-20,"Killian Rib Shear",Cardiovascular,Rib Spreaders,yes,24,"short-desc"
14-106-19,"Collin Rib Shear",Cardiovascular,Rib Spreaders,yes,25,"short-desc"
15-252-18,"Raspatories",Orthopedic,Rasps & Files,yes,20,"short-desc"
15-243-23,"Tumor Knife",Plastic Surgery,Dermatomes,yes,39,"short-desc"
14-262-07,"DeBakey-Satinsky Bulldog Clamp",General Surgery,Tissue Forceps,yes,48,"short-desc"
14-246-25,"Semb Bronchus Clamp",General Surgery,Clamps,yes,34,"short-desc"
14-230-20,"Bailey Rib Contractor",Cardiovascular,Rib Spreaders,yes,41,"short-desc"
14-114-24,"Giertz-Stille Rib Shear",Orthopedic,Bone Cutters,yes,32,"short-desc"
14-112-26,"Sauerbruch Rib Shear",Cardiovascular,Rib Spreaders,yes,27,"short-desc"
14-104-21,"Gluck Rib Shear",Cardiovascular,Rib Spreaders,yes,35,"short-desc"
15-217-18,"Ligature Hook",Neurosurgery,Nerve Hooks,yes,22,"short-desc"
18-246-28,"Resano Sigmoid Anastomosis Forceps",ENT,Ear & Nasal Forceps,yes,41,"short-desc"
18-258-27,"Kersting Sigmoid Anastomosis Forceps",ENT,Ear & Nasal Forceps,yes,43,"short-desc"
18-242-25,"Veidenheimer Sigmoid Anastomosis Forceps",ENT,Ear & Nasal Forceps,yes,47,"short-desc"
27-132-17,"Obwegesser Swallowtail Raspatory",Orthopedic,Rasps & Files,yes,49,"short-desc"
25-396-17,"Hargis mandibular body retractor",General Surgery,Retractors,yes,41,"short-desc"
24-356-14,"Cottle Nasal retractor",General Surgery,Retractors,yes,29,"short-desc"
14-102-23,"Rib Shears",Cardiovascular,Rib Spreaders,yes,17,"short-desc"
15-220-18,"Ligature Hook",Neurosurgery,Nerve Hooks,yes,22,"short-desc"
14-116-34,"Bethune Rib Shear",Cardiovascular,Rib Spreaders,yes,26,"short-desc"
08-275-40,"ENT Diagnostic Set",Diagnostic,Diagnostic Sets,yes,34,"short-desc"
18-244-24,"Fehland Sigmoid Anastomosis Forceps",ENT,Ear & Nasal Forceps,yes,42,"short-desc"
24-266-01,"Cottle Osteotome",Orthopedic,Osteotomes & Chisels,yes,31,"short-desc"
06-124-16,"Cottle Nasal Hook",Neurosurgery,Nerve Hooks,yes,31,"short-desc"
13-958-17,"Cleveland Bone Cutting Forceps",ENT,Ear & Nasal Forceps,yes,37,"short-desc"
08-270-30,"ENT Diagnostic Set",Diagnostic,Diagnostic Sets,yes,41,"short-desc"
13-939-03,"Bone Rongeur",Orthopedic,Rongeurs,yes,33,"short-desc"
07-130-11,"Probe",General Surgery,Probes,yes,20,"short-desc"
07-106-16,"Nelaton Grooved Director",General Surgery,Probes,yes,31,"short-desc"
06-648-28,"Reverdin Abdominal Spatula",Neurosurgery,Micro Instruments,yes,35,"short-desc"
07-110-16,"Lockhart-Mummery Fistula Probe",General Surgery,Probes,yes,39,"short-desc"
08-108-20,"Berliner Hammer",Orthopedic,Mallets,yes,22,"short-desc"
06-582-14,"DeBakey Retractor",General Surgery,Tissue Forceps,yes,42,"short-desc"
06-576-18,"Gelpi Retractor",General Surgery,Retractors,yes,22,"short-desc"
13-967-26,"Liston-Key (Horsley) Bone Cutting Forceps",Orthopedic,Bone Cutters,yes,48,"short-desc"
06-572-15,"Joll Thyroid and Vaginal Retractor",General Surgery,Retractors,yes,43,"short-desc"
13-968-13,"Radolf Nail Extracting Forceps",ENT,Ear & Nasal Forceps,yes,39,"short-desc"
13-952-14,"Liston Bone Cutting Forceps",Orthopedic,Bone Cutters,yes,42,"short-desc"
08-265-20,"ENT Diagnostic Set",Diagnostic,Diagnostic Sets,yes,42,"short-desc"
13-954-14,"Bone Cutting Forceps",ENT,Ear & Nasal Forceps,yes,40,"short-desc"
07-158-02,"Vollmar Ring Stripper",Cardiovascular,Vein Strippers,yes,36,"short-desc"
06-536-10,"Plester Retractor",General Surgery,Retractors,yes,49,"short-desc"
08-260-10,"ENT Diagnostic Set",Diagnostic,Diagnostic Sets,yes,48,"short-desc"
13-955-17,"Bone Cutting Forceps",ENT,Ear & Nasal Forceps,yes,38,"short-desc"
07-150-14,"Spatula",Neurosurgery,Micro Instruments,yes,16,"short-desc"
06-700-01,"Austin Retractor",General Surgery,Retractors,yes,16,"short-desc"
07-118-19,"Grooved director with wire loop",General Surgery,Probes,yes,49,"short-desc"
07-124-13,"Myrtle Leaf Probe",General Surgery,Probes,yes,32,"short-desc"
06-578-18,"Gelpi Retractor",General Surgery,Retractors,yes,24,"short-desc"
06-526-16,"Mayo-Adams Retractor",General Surgery,Scissors,yes,45,"short-desc"
13-966-24,"Semb Bone Cutting Forceps",ENT,Ear & Nasal Forceps,yes,34,"short-desc"
07-142-16,"Killian Probe",General Surgery,Probes,yes,22,"short-desc"
13-957-14,"Bohler Bone Cutting Forceps",Orthopedic,Bone Cutters,yes,36,"short-desc"
13-926-05,"Bone Rongeur",Orthopedic,Rongeurs,yes,40,"short-desc"
08-210-20,"Ophthalmoscope",Diagnostic,Diagnostic Sets,yes,23,"short-desc"
08-102-20,"Dejerine Hammer",Orthopedic,Mallets,yes,22,"short-desc"
07-148-13,"Bowman Lacrimal Probe",General Surgery,Probes,yes,28,"short-desc"
07-120-13,"Probe",General Surgery,Probes,yes,30,"short-desc"
07-100-13,"Grooved Director",General Surgery,Probes,yes,23,"short-desc"
07-116-16,"Lockhart-Mummery Fistula Probe",General Surgery,Probes,yes,39,"short-desc"
06-108-13,"Rollet Hook",Neurosurgery,Nerve Hooks,yes,36,"short-desc"
13-962-26,"Bone Cutting Forceps",ENT,Ear & Nasal Forceps,yes,42,"short-desc"
06-538-13,"Perkins Retractor",General Surgery,Retractors,yes,40,"short-desc"
13-964-24,"Liston Bone Cutting Forceps",Orthopedic,Bone Cutters,yes,42,"short-desc"
13-953-19,"Bone Cutting Forceps",ENT,Ear & Nasal Forceps,yes,38,"short-desc"
08-215-40,"Ophthalmoscope",Diagnostic,Diagnostic Sets,yes,40,"short-desc"
08-112-24,"Troemner Percussion Hammer",Orthopedic,Mallets,yes,35,"short-desc"
07-146-18,"Seiffert Probe",General Surgery,Probes,yes,21,"short-desc"
07-138-01,"Probe",General Surgery,Probes,yes,22,"short-desc"
07-114-16,"Lockhart-Mummery Fistula Probe",General Surgery,Probes,yes,39,"short-desc"
07-128-13,"Probe",General Surgery,Probes,yes,22,"short-desc"
06-642-20,"Tuffier Abdominal Spatula",Cardiovascular,Rib Spreaders,yes,43,"short-desc"
08-106-20,"Taylor",Diagnostic,Reflex Hammers,yes,30,"short-desc"
13-951-14,"Liston Bone Cutting Forceps",Orthopedic,Bone Cutters,yes,44,"short-desc"
13-963-18,"Bone Cutting Forceps",ENT,Ear & Nasal Forceps,yes,36,"short-desc"
08-104-21,"Dejerine Hammer",Orthopedic,Mallets,yes,35,"short-desc"
07-126-11,"Probe",General Surgery,Probes,yes,22,"short-desc"
07-152-14,"Spatula",Neurosurgery,Micro Instruments,yes,16,"short-desc"
06-610-00,"Hertzler Retractor",General Surgery,Retractors,yes,37,"short-desc"
06-574-13,"Gelpi Retractor",General Surgery,Retractors,yes,22,"short-desc"
06-612-00,"Balfour-Baby Retractor",General Surgery,Retractors,yes,49,"short-desc"
07-166-14,"Buck cotton applicator",Diagnostic,Reflex Hammers,yes,48,"short-desc"
13-908-04,"Stille Bone Rongeur",Orthopedic,Bone Cutters,yes,34,"short-desc"
13-868-17,"Bane-Hartmann Bone Rongeur",Orthopedic,Rongeurs,yes,49,"short-desc"
13-924-03,"Bone Rongeur",Orthopedic,Rongeurs,yes,32,"short-desc"
13-922-20,"Bone Rongeur",Orthopedic,Rongeurs,yes,38,"short-desc"
13-918-10,"Bone Rongeur",Orthopedic,Rongeurs,yes,39,"short-desc"
13-916-24,"Bone Rongeur",Orthopedic,Rongeurs,yes,25,"short-desc"
13-902-06,"Stille-Ruskin Bone Rongeur",Orthopedic,Bone Cutters,yes,39,"short-desc"
13-937-03,"Bone Rongeur",Orthopedic,Rongeurs,yes,31,"short-desc"
13-950-15,"Bone Cutting Forceps",ENT,Ear & Nasal Forceps,yes,34,"short-desc"
13-928-03,"Bone Rongeur",Orthopedic,Rongeurs,yes,35,"short-desc"
13-914-22,"Bone Rongeur",Orthopedic,Rongeurs,yes,49,"short-desc"
13-910-06,"Leksell-Stille Bone Rongeur",Orthopedic,Bone Cutters,yes,40,"short-desc"
13-900-24,"Rottgen-Ruskin Bone Rongeur",Orthopedic,Bone Cutters,yes,40,"short-desc"
13-888-06,"Luer Bone Rongeur",Orthopedic,Rongeurs,yes,40,"short-desc"
13-886-08,"Luer Bone Rongeur",Orthopedic,Rongeurs,yes,40,"short-desc"
13-884-06,"Luer Bone Rongeur",Orthopedic,Rongeurs,yes,42,"short-desc"
13-882-03,"Lempert Bone Rongeur",Orthopedic,Rongeurs,yes,41,"short-desc"
13-880-02,"Lempert Bone Rongeur",Orthopedic,Rongeurs,yes,43,"short-desc"
13-876-18,"Beyer Bone Rongeur",Orthopedic,Rongeurs,yes,31,"short-desc"
13-874-16,"Mead Bone Rongeur",Orthopedic,Rongeurs,yes,32,"short-desc"
13-872-16,"Mead Bone Rongeur",Orthopedic,Rongeurs,yes,32,"short-desc"
13-870-14,"Alexander Bone Rongeur",Orthopedic,Rongeurs,yes,35,"short-desc"
13-904-02,"Echlin Bone Rongeur",Orthopedic,Rongeurs,yes,32,"short-desc"
13-466-20,"Periosteal Elevator",Orthopedic,Periosteal Elevators,yes,43,"short-desc"
13-810-33,"Lane Bone Holding Forceps",Orthopedic,Bone Clamps,yes,49,"short-desc"
19-190-08,"Desjardins Probes and catch",Surgical,Liver.GallBladde.KidneyandUrology,yes,64,"generic-category"
13-778-18,"Patella Forceps",ENT,Ear & Nasal Forceps,yes,24,"short-desc"
13-764-17,"Reill Repositioning forceps",ENT,Ear & Nasal Forceps,yes,42,"short-desc"
13-748-15,"Tendon interlacing forceps",ENT,Ear & Nasal Forceps,yes,42,"short-desc"
13-680-02,"Neff Meniscus Knife",Plastic Surgery,Dermatomes,yes,34,"short-desc"
13-668-17,"Smillie Meniscus Knife",Plastic Surgery,Dermatomes,yes,41,"short-desc"
13-890-06,"Luer Bone Rongeur",Orthopedic,Rongeurs,yes,38,"short-desc"
13-636-25,"Hohmann Bone Lever",Orthopedic,Orthopedic Retractors,yes,43,"short-desc"
13-564-26,"Blount Knee Retractor",General Surgery,Retractors,yes,44,"short-desc"
13-540-16,"Micro Elevator",Orthopedic,Periosteal Elevators,yes,21,"short-desc"
13-524-25,"Bone File",Orthopedic,Rasps & Files,yes,48,"short-desc"
13-505-20,"Quervain Elevator",Orthopedic,Periosteal Elevators,yes,24,"short-desc"
13-503-19,"Cushing Raspatory",General Surgery,Tissue Forceps,yes,31,"short-desc"
13-474-18,"Periosteal Elevator",Orthopedic,Periosteal Elevators,yes,32,"short-desc"
13-892-04,"Olivecrona Bone Rongeur",Orthopedic,Rongeurs,yes,46,"short-desc"
13-470-18,"Periosteal Elevator",Orthopedic,Periosteal Elevators,yes,32,"short-desc"
13-784-17,"Kern Bone Holding Forceps",Orthopedic,Bone Clamps,yes,32,"short-desc"
13-894-03,"Marquartd Bone Rongeur",Orthopedic,Rongeurs,yes,43,"short-desc"
13-781-20,"Sequestrum forceps",ENT,Ear & Nasal Forceps,yes,33,"short-desc"
13-844-01,"Synovcetomy Rongeur",Orthopedic,Rongeurs,yes,47,"short-desc"
13-734-15,"Brand Tendon Tunnelling Forceps",ENT,Ear & Nasal Forceps,yes,49,"short-desc"
13-678-01,"Neff Meniscus Knife",Plastic Surgery,Dermatomes,yes,34,"short-desc"
13-670-17,"Smillie Meniscus Knife",Plastic Surgery,Dermatomes,yes,38,"short-desc"
13-640-18,"Humeral Head Retractor",General Surgery,Retractors,yes,44,"short-desc"
13-608-25,"Lange-Hohmann Bone Lever",Orthopedic,Orthopedic Retractors,yes,31,"short-desc"
13-556-05,"Langenbeck Elevator",General Surgery,Retractors,yes,39,"short-desc"
13-554-17,"Adson Elevator",General Surgery,Tissue Forceps,yes,21,"short-desc"
19-190-09,"Desjardins Probes and catch",Surgical,Liver.GallBladde.KidneyandUrology,yes,64,"generic-category"
13-534-19,"Miller Alveotomy file",Anaesthesia,Laryngoscopes,yes,39,"short-desc"
13-508-17,"Adson Raspatory",General Surgery,Tissue Forceps,yes,38,"short-desc"
13-496-21,"Alexander Periosteal Elevator",Orthopedic,Osteotomes & Chisels,yes,36,"short-desc"
13-437-21,"Bone Curette",Orthopedic,Bone Curettes,yes,33,"short-desc"
13-750-14,"Bone holding forceps",Orthopedic,Bone Clamps,yes,29,"short-desc"
13-566-26,"Blount Knee Retractor",General Surgery,Retractors,yes,44,"short-desc"
13-442-01,"Molt Bone Curette",Orthopedic,Bone Curettes,yes,32,"short-desc"
13-802-14,"Kern-Lane Bone Holding Forceps",Orthopedic,Bone Clamps,yes,37,"short-desc"
13-796-20,"Bone Holding Forceps",Orthopedic,Bone Clamps,yes,27,"short-desc"
13-780-20,"Sequestrum forceps",ENT,Ear & Nasal Forceps,yes,35,"short-desc"
13-694-40,"Tendon Stripper",Cardiovascular,Vein Strippers,yes,46,"short-desc"
13-686-21,"Salenius Meniscus Knife",Plastic Surgery,Dermatomes,yes,47,"short-desc"
13-820-17,"Verbrugge Bone Holding Forceps",Orthopedic,Bone Clamps,yes,39,"short-desc"
13-646-25,"Capsule Retractor",General Surgery,Retractors,yes,47,"short-desc"
13-550-17,"Adson Elevator",General Surgery,Tissue Forceps,yes,23,"short-desc"
13-542-16,"Phalangeal elevator",Orthopedic,Periosteal Elevators,yes,26,"short-desc"
13-526-28,"Bone File",Orthopedic,Rasps & Files,yes,48,"short-desc"
13-507-17,"Adson Elevator",General Surgery,Tissue Forceps,yes,27,"short-desc"
13-504-19,"Cushing Raspatory",General Surgery,Tissue Forceps,yes,31,"short-desc"
13-468-19,"Periosteal Elevator",Orthopedic,Periosteal Elevators,yes,41,"short-desc"
13-420-01,"Lempert Bone Curette",Orthopedic,Rongeurs,yes,37,"short-desc"
13-476-18,"Periosteal Elevator",Orthopedic,Periosteal Elevators,yes,33,"short-desc"
13-546-21,"Alderdyce Dissector",ENT,Mouth & Throat,yes,40,"short-desc"
13-790-21,"Langenbeck Bone Holding Forceps",General Surgery,Retractors,yes,38,"short-desc"
13-772-13,"Repositioning Forceps",ENT,Ear & Nasal Forceps,yes,44,"short-desc"
13-846-01,"Synovcetomy Rongeur",Orthopedic,Rongeurs,yes,47,"short-desc"
13-692-01,"Bunnell Tendon Stripper",Cardiovascular,Vein Strippers,yes,48,"short-desc"
13-742-11,"Tendon Holding Forceps",ENT,Ear & Nasal Forceps,yes,31,"short-desc"
13-682-21,"Wagner Meniscus Knife",Plastic Surgery,Dermatomes,yes,30,"short-desc"
13-604-21,"Lane Trethowan Bone Lever",Orthopedic,Bone Clamps,yes,47,"short-desc"
13-620-44,"Verbrugge-Muller Bone Lever",Orthopedic,Bone Clamps,yes,41,"short-desc"
13-808-33,"Lane Bone Holding Forceps",Orthopedic,Bone Clamps,yes,46,"short-desc"
13-700-28,"Tendon Stripper",Cardiovascular,Vein Strippers,yes,24,"short-desc"
13-552-17,"Adson Elevator",General Surgery,Tissue Forceps,yes,23,"short-desc"
13-644-25,"Capsule Retractor",General Surgery,Retractors,yes,47,"short-desc"
13-501-06,"Key Raspatory",Orthopedic,Periosteal Elevators,yes,26,"short-desc"
13-482-16,"Williger Periosteal Elevator",Orthopedic,Periosteal Elevators,yes,48,"short-desc"
13-506-19,"Elevator",Orthopedic,Periosteal Elevators,yes,42,"short-desc"
13-848-14,"Bone Rongeur",Orthopedic,Rongeurs,yes,25,"short-desc"
13-766-20,"Repositioning forceps",ENT,Ear & Nasal Forceps,yes,30,"short-desc"
13-684-21,"Salenius Meniscus Knife",Plastic Surgery,Dermatomes,yes,46,"short-desc"
13-806-30,"Hey Groves Bone Holding Forceps",Orthopedic,Bone Clamps,yes,40,"short-desc"
13-562-01,"Taylor Spinal Retractor",General Surgery,Retractors,yes,42,"short-desc"
13-732-16,"Steinmann Tendon Holding Forceps",ENT,Ear & Nasal Forceps,yes,39,"short-desc"
13-511-08,"Cobb Elevator",Orthopedic,Osteotomes & Chisels,yes,26,"short-desc"
13-850-14,"Luer-Friedmann Bone Rongeur",Orthopedic,Rongeurs,yes,42,"short-desc"
13-509-17,"Adson Raspatory",General Surgery,Tissue Forceps,yes,36,"short-desc"
13-480-16,"Williger Periosteal Elevator",Orthopedic,Periosteal Elevators,yes,48,"short-desc"
13-443-19,"Molt Bone Curette",Orthopedic,Bone Curettes,yes,38,"short-desc"
13-548-17,"Adson Elevator",General Surgery,Tissue Forceps,yes,21,"short-desc"
13-422-01,"Bone Curette",Orthopedic,Bone Curettes,yes,47,"short-desc"
13-438-12,"Volkmann Bone Curette",General Surgery,Retractors,yes,44,"short-desc"
13-854-17,"Stellbrink Synovcetomy Rongeur",Orthopedic,Rongeurs,yes,45,"short-desc"
13-800-26,"Farabeuf-Lambotte Bone Holding Forceps",General Surgery,Retractors,yes,45,"short-desc"
13-758-18,"Dingmann Cartilage Seizing Forceps",ENT,Ear & Nasal Forceps,yes,43,"short-desc"
13-424-01,"Bone Curette",Orthopedic,Bone Curettes,yes,45,"short-desc"
13-740-11,"Carroll Tendon Holding Forceps",ENT,Ear & Nasal Forceps,yes,39,"short-desc"
13-676-17,"Meniscus Knife",Plastic Surgery,Dermatomes,yes,23,"short-desc"
13-654-23,"Bennett Bone Lever",Orthopedic,Orthopedic Retractors,yes,42,"short-desc"
13-638-23,"Hohmann Bone Lever",Orthopedic,Orthopedic Retractors,yes,45,"short-desc"
13-610-26,"Lange-Hohmann Bone Lever",Orthopedic,Orthopedic Retractors,yes,33,"short-desc"
13-558-07,"Langenbeck Elevator",General Surgery,Retractors,yes,34,"short-desc"
13-774-13,"Setter Bone Holding Forceps",Orthopedic,Bone Clamps,yes,36,"short-desc"
13-532-19,"Miller Alveotomy file",Anaesthesia,Laryngoscopes,yes,39,"short-desc"
13-502-19,"Cushing Elevator",General Surgery,Tissue Forceps,yes,29,"short-desc"
13-560-17,"Blount Knee retractor",General Surgery,Retractors,yes,30,"short-desc"
13-840-00,"Amputation Retractor",General Surgery,Retractors,yes,39,"short-desc"
13-464-22,"Sedillot Periosteal Elevator",Orthopedic,Periosteal Elevators,yes,35,"short-desc"
13-426-01,"Bushe Bone Curette",Orthopedic,Bone Curettes,yes,31,"short-desc"
13-798-23,"Farabeuf Bone Holding Forceps",General Surgery,Retractors,yes,36,"short-desc"
13-788-18,"Frosch Bone Holding Forceps",Orthopedic,Bone Clamps,yes,34,"short-desc"
13-698-31,"Fischer Tendon Stripper",Cardiovascular,Vein Strippers,yes,37,"short-desc"
13-656-34,"Murphy-Lane Luxation Lever",Orthopedic,Bone Clamps,yes,40,"short-desc"
13-544-18,"McDonald Dissector",ENT,Mouth & Throat,yes,41,"short-desc"
13-672-17,"Smillie Meniscus Knife",Plastic Surgery,Dermatomes,yes,37,"short-desc"
13-624-27,"Hohmann-Aldinger Bone Lever",Orthopedic,Orthopedic Retractors,yes,41,"short-desc"
13-602-01,"Bennett Bone Lever",Orthopedic,Orthopedic Retractors,yes,32,"short-desc"
13-878-02,"Jansen Bone Rongeur",General Surgery,Tissue Forceps,yes,32,"short-desc"
13-594-15,"Buck-Gramcko Bone Lever",Diagnostic,Reflex Hammers,yes,45,"short-desc"
13-498-10,"Lambotte Periosteal Elevator",Orthopedic,Osteotomes & Chisels,yes,44,"short-desc"
13-818-01,"Verbrugge Bone Holding Forceps",Orthopedic,Bone Clamps,yes,37,"short-desc"
13-472-18,"Periosteal Elevator",Orthopedic,Periosteal Elevators,yes,32,"short-desc"
13-510-17,"Adson Raspatory",General Surgery,Tissue Forceps,yes,36,"short-desc"
13-331-06,"Hibbs Gouge",Orthopedic,Osteotomes & Chisels,yes,34,"short-desc"
13-261-08,"Gouges",Orthopedic,Osteotomes & Chisels,yes,21,"short-desc"
13-330-06,"Hibbs Gouge",Orthopedic,Osteotomes & Chisels,yes,36,"short-desc"
13-319-03,"Lambotte-Mini Osteotome",Orthopedic,Osteotomes & Chisels,yes,46,"short-desc"
13-279-04,"Lucas Chisel",Orthopedic,Osteotomes & Chisels,yes,25,"short-desc"
13-304-10,"Lexer Gouge",Orthopedic,Osteotomes & Chisels,yes,35,"short-desc"
13-296-05,"Lexer Gouge",Orthopedic,Osteotomes & Chisels,yes,34,"short-desc"
13-266-04,"Alexander Chisel",Orthopedic,Osteotomes & Chisels,yes,38,"short-desc"
13-273-13,"Scaphoid gouge",Orthopedic,Osteotomes & Chisels,yes,49,"short-desc"
13-257-04,"Bone Chisel",Orthopedic,Osteotomes & Chisels,yes,24,"short-desc"
07-122-13,"Myrtle Leaf Probe",General Surgery,Probes,yes,34,"short-desc"
07-104-14,"Doyen Grooved Director",General Surgery,Probes,yes,31,"short-desc"
06-646-01,"Abdominal Spatula",Neurosurgery,Micro Instruments,yes,42,"short-desc"
08-100-18,"Buck Hammer",Orthopedic,Mallets,yes,43,"short-desc"
07-184-01,"Varady Phlebodissector",ENT,Mouth & Throat,yes,29,"short-desc"
19-102-24,"Randall Kidney Stone Forceps",Surgical,Liver.GallBladde.KidneyandUrology,yes,71,"generic-category"
13-333-30,"Putti Bone Rasp",Orthopedic,Rasps & Files,yes,42,"short-desc"
13-325-09,"Smith-Petersen Gouge",Orthopedic,Osteotomes & Chisels,yes,43,"short-desc"
13-317-08,"Wagner Raspatory",Orthopedic,Rasps & Files,yes,29,"short-desc"
13-270-16,"Freer Chisel",Orthopedic,Osteotomes & Chisels,yes,35,"short-desc"
13-310-03,"Caspar Curette",Orthopedic,Bone Curettes,yes,29,"short-desc"
13-299-07,"Lexer Osteotome",Orthopedic,Osteotomes & Chisels,yes,28,"short-desc"
13-278-03,"Partsch Gouge",Orthopedic,Osteotomes & Chisels,yes,26,"short-desc"
13-288-10,"Stille Gouge",Orthopedic,Bone Cutters,yes,38,"short-desc"
13-286-10,"Stille Chisel",Orthopedic,Bone Cutters,yes,39,"short-desc"
13-264-02,"Partsch Gouge",Orthopedic,Osteotomes & Chisels,yes,28,"short-desc"
06-528-13,"Weitlaner-Baby Retractor",General Surgery,Retractors,yes,49,"short-desc"
19-104-17,"Heiming Kidney Stone Forceps",Surgical,Liver.GallBladde.KidneyandUrology,yes,57,"generic-category"
06-392-26,"Mikulicz Retractor",General Surgery,Retractors,yes,37,"short-desc"
13-323-06,"Smith-Petersen Osteotome",Orthopedic,Osteotomes & Chisels,yes,47,"short-desc"
13-338-21,"Hajek Mallet",Orthopedic,Mallets,yes,37,"short-desc"
13-326-03,"Hoke Osteotome",Orthopedic,Osteotomes & Chisels,yes,27,"short-desc"
13-271-16,"Freer Chisel",Orthopedic,Osteotomes & Chisels,yes,33,"short-desc"
13-303-10,"Lexer Osteotome",Orthopedic,Osteotomes & Chisels,yes,39,"short-desc"
13-291-28,"Cobb gouge",Orthopedic,Osteotomes & Chisels,yes,33,"short-desc"
13-276-15,"Mannerfelt Gouge",Orthopedic,Osteotomes & Chisels,yes,31,"short-desc"
13-316-27,"Raspatory",Orthopedic,Rasps & Files,yes,25,"short-desc"
13-262-02,"Partsch Chisel",Orthopedic,Osteotomes & Chisels,yes,29,"short-desc"
13-268-10,"Haase tamper and osteotome",Orthopedic,Osteotomes & Chisels,yes,41,"short-desc"
13-309-04,"Caspar Curette",Orthopedic,Bone Curettes,yes,36,"short-desc"
06-460-07,"Finsen Wound Spreader",Cardiovascular,Rib Spreaders,yes,39,"short-desc"
19-120-02,"Desjardins Gall Stone Forceps",ENT,Ear & Nasal Forceps,yes,44,"short-desc"
06-390-01,"Mikulicz Liver Retractor",General Surgery,Retractors,yes,44,"short-desc"
06-382-01,"Deaver Retractor",General Surgery,Retractors,yes,30,"short-desc"
06-336-26,"Kelly Retractor",General Surgery,Hemostatic Forceps,yes,34,"short-desc"
06-372-01,"Brunner Retractor",General Surgery,Retractors,yes,38,"short-desc"
06-404-31,"Kummel Abdominal Spatula",Neurosurgery,Micro Instruments,yes,38,"short-desc"
13-346-23,"Bergmann Bone Mallet",Orthopedic,Mallets,yes,38,"short-desc"
13-318-02,"Lambotte-Mini Osteotome",Orthopedic,Osteotomes & Chisels,yes,48,"short-desc"
13-308-22,"Tessier Curette",Orthopedic,Bone Curettes,yes,28,"short-desc"
13-321-15,"Lambotte Osteotome",Orthopedic,Osteotomes & Chisels,yes,40,"short-desc"
13-300-07,"Lexer Gouge",Orthopedic,Osteotomes & Chisels,yes,24,"short-desc"
13-267-04,"Alexander Gouge",Orthopedic,Osteotomes & Chisels,yes,37,"short-desc"
13-302-05,"Lexer Gouge",Orthopedic,Osteotomes & Chisels,yes,24,"short-desc"
13-256-04,"Bone Chisel",Orthopedic,Osteotomes & Chisels,yes,24,"short-desc"
13-282-04,"Lambotte Osteotome",Orthopedic,Osteotomes & Chisels,yes,33,"short-desc"
06-456-05,"Finsen Wound Spreader",Cardiovascular,Rib Spreaders,yes,39,"short-desc"
06-482-10,"Retractor",General Surgery,Retractors,yes,44,"short-desc"
06-330-01,"Richardson Retractor",General Surgery,Retractors,yes,41,"short-desc"
06-432-00,"Roux Retractor",General Surgery,Retractors,yes,24,"short-desc"
06-426-14,"Roux-Mini Retractor",General Surgery,Retractors,yes,48,"short-desc"
06-350-01,"Kocher Retractor",General Surgery,Hemostatic Forceps,yes,35,"short-desc"
06-354-01,"Meyerding Retractor",General Surgery,Retractors,yes,38,"short-desc"
06-300-19,"Lahey Retractor",General Surgery,Retractors,yes,35,"short-desc"
06-376-29,"Polloson Retractor",General Surgery,Retractors,yes,32,"short-desc"
13-344-24,"Bergmann Bone Mallet",Orthopedic,Mallets,yes,38,"short-desc"
13-327-06,"Hibbs Osteotome",Orthopedic,Osteotomes & Chisels,yes,30,"short-desc"
13-322-06,"Smith-Petersen Osteotome",Orthopedic,Osteotomes & Chisels,yes,49,"short-desc"
13-313-03,"Caspar Curette",Orthopedic,Bone Curettes,yes,47,"short-desc"
13-311-12,"Caspar Curette",Orthopedic,Bone Curettes,yes,30,"short-desc"
13-301-04,"Lexer-Mini Osteotome",Orthopedic,Osteotomes & Chisels,yes,33,"short-desc"
13-287-10,"Stille Osteotome",Orthopedic,Bone Cutters,yes,42,"short-desc"
13-297-04,"Lexer-Mini Osteotome",Orthopedic,Osteotomes & Chisels,yes,33,"short-desc"
06-344-01,"Middeldorpf Retractor",General Surgery,Retractors,yes,40,"short-desc"
13-269-03,"Passow Hemostatic Chisel",General Surgery,Hemostatic Forceps,yes,39,"short-desc"
13-277-03,"Partsch Chisel",Orthopedic,Osteotomes & Chisels,yes,27,"short-desc"
06-462-07,"Finsen Wound Spreader",Cardiovascular,Rib Spreaders,yes,39,"short-desc"
06-408-01,"Rochard Abdominal Retractor",General Surgery,Retractors,yes,46,"short-desc"
06-358-01,"Simon Aorta Retractor",General Surgery,Retractors,yes,41,"short-desc"
06-348-23,"Kocher Retractor",General Surgery,Hemostatic Forceps,yes,37,"short-desc"
13-324-09,"Smith-Petersen Gouge",Orthopedic,Osteotomes & Chisels,yes,45,"short-desc"
13-312-03,"Caspar Curette",Orthopedic,Bone Curettes,yes,39,"short-desc"
13-295-05,"Lexer Gouge",Orthopedic,Osteotomes & Chisels,yes,36,"short-desc"
13-328-06,"Hibbs Chisel",Orthopedic,Osteotomes & Chisels,yes,27,"short-desc"
13-289-10,"Stille Osteotome",Orthopedic,Bone Cutters,yes,40,"short-desc"
13-306-26,"Chisel 16 mm",Orthopedic,Osteotomes & Chisels,yes,29,"short-desc"
13-281-05,"Alexander Gouge",Orthopedic,Osteotomes & Chisels,yes,28,"short-desc"
13-292-28,"Cobb gouge",Orthopedic,Osteotomes & Chisels,yes,23,"short-desc"
06-316-01,"Dockhorn Retractor",General Surgery,Retractors,yes,37,"short-desc"
13-272-15,"Freer Gouge",Orthopedic,Osteotomes & Chisels,yes,24,"short-desc"
06-406-01,"Kader Abdominal Spatula",Neurosurgery,Micro Instruments,yes,37,"short-desc"
06-430-15,"Roux Retractor",General Surgery,Retractors,yes,21,"short-desc"
06-398-25,"Leriche Retractor",General Surgery,Retractors,yes,33,"short-desc"
06-378-26,"Polloson Retractor",General Surgery,Retractors,yes,32,"short-desc"
06-352-24,"Doyen Retractor",General Surgery,Retractors,yes,34,"short-desc"
06-318-20,"Buchs Retractor",General Surgery,Retractors,yes,36,"short-desc"
06-338-01,"Hosel Retractor",General Surgery,Retractors,yes,34,"short-desc"
13-332-27,"Putti Bone Rasp / Straight",Orthopedic,Rasps & Files,yes,41,"short-desc"
13-305-24,"Chisel 20 mm",Orthopedic,Osteotomes & Chisels,yes,21,"short-desc"
13-315-02,"Sypert Curette",Orthopedic,Bone Curettes,yes,48,"short-desc"
13-298-04,"Lexer-Mini Gouge",Orthopedic,Osteotomes & Chisels,yes,29,"short-desc"
13-293-28,"Cobb gouge",Orthopedic,Osteotomes & Chisels,yes,23,"short-desc"
13-280-03,"Lucas Gouge",Orthopedic,Osteotomes & Chisels,yes,24,"short-desc"
13-275-04,"Mannerfelt Osteotome",Orthopedic,Osteotomes & Chisels,yes,35,"short-desc"
13-259-08,"Chisels",Orthopedic,Osteotomes & Chisels,yes,24,"short-desc"
04-667-16,"Rochester Ochsner Forceps Curved",General Surgery,Hemostatic Forceps,yes,39,"short-desc"
13-144-15,"Wire Twisting Forceps",ENT,Ear & Nasal Forceps,yes,36,"short-desc"
11-302-15,"Crile Needle Holder",General Surgery,Hemostatic Forceps,yes,26,"short-desc"
12-162-26,"Stille plaster shear",Orthopedic,Bone Cutters,yes,27,"short-desc"
11-644-13,"Collin Clip Applying Forceps",ENT,Ear & Nasal Forceps,yes,37,"short-desc"
11-424-13,"Kalt Needle Holder",General Surgery,Needle Holders,yes,33,"short-desc"
11-303-14,"Mathieu Needle Holder",General Surgery,Needle Holders,yes,38,"short-desc"
11-312-16,"Micro Needle Holder",General Surgery,Needle Holders,yes,46,"short-desc"
11-290-27,"Johnson Needle Holder",General Surgery,Needle Holders,yes,28,"short-desc"
12-212-23,"Quattro Plaster Spreader",Cardiovascular,Rib Spreaders,yes,31,"short-desc"
12-138-18,"Lister Bandage Scissors",General Surgery,Scissors,yes,36,"short-desc"
12-110-24,"Bruns plaster scissors",Orthopedic,Bone Curettes,yes,29,"short-desc"
11-646-14,"Richter Clip Applying Forceps",ENT,Ear & Nasal Forceps,yes,48,"short-desc"
11-632-12,"Hegenbarth Clip Applying Forceps",ENT,Ear & Nasal Forceps,yes,39,"short-desc"
11-434-13,"Halsey Needle Holder",General Surgery,Needle Holders,yes,45,"short-desc"
11-311-12,"Lichtenberg Needle Holder",General Surgery,Needle Holders,yes,32,"short-desc"
11-300-18,"Toennis Needle Holder",General Surgery,Needle Holders,yes,30,"short-desc"
11-340-18,"Jaboma Needle Holder",General Surgery,Needle Holders,yes,48,"short-desc"
11-317-16,"Micro Needle Holder",General Surgery,Needle Holders,yes,36,"short-desc"
12-164-23,"Stille plaster shear",Orthopedic,Bone Cutters,yes,27,"short-desc"
11-638-17,"variatione Approximation Forceps",ENT,Ear & Nasal Forceps,yes,35,"short-desc"
13-130-09,"Lowman Bone Holding Clamp",Orthopedic,Bone Clamps,yes,49,"short-desc"
11-448-14,"Mayo-Hegar (Heaney) Needle Holder",General Surgery,Scissors,yes,46,"short-desc"
11-436-13,"Halsey Needle Holder",General Surgery,Needle Holders,yes,47,"short-desc"
11-314-23,"Micro Needle Holder",General Surgery,Needle Holders,yes,46,"short-desc"
11-286-25,"Masson-Luethy Needle Holder",General Surgery,Needle Holders,yes,36,"short-desc"
11-292-14,"Olsen-Hegar Needle Holder",General Surgery,Needle Holders,yes,32,"short-desc"
13-148-20,"Wire Twisting Forceps",ENT,Ear & Nasal Forceps,yes,34,"short-desc"
12-172-24,"Stille plaster shear",Orthopedic,Bone Cutters,yes,27,"short-desc"
12-102-14,"Lister Bandage Scissors",General Surgery,Scissors,yes,32,"short-desc"
13-140-15,"Wire Twisting Forceps",ENT,Ear & Nasal Forceps,yes,36,"short-desc"
12-194-20,"Hopkins Plaster Knife",Plastic Surgery,Dermatomes,yes,48,"short-desc"
11-426-16,"Diethrich Ryder Needle Holder",General Surgery,Needle Holders,yes,42,"short-desc"
12-168-37,"Stille plaster shear",Orthopedic,Bone Cutters,yes,27,"short-desc"
12-210-28,"Hennig Plaster Spreader",Cardiovascular,Rib Spreaders,yes,30,"short-desc"
12-100-24,"Lorenz Bandage scissors",General Surgery,Scissors,yes,45,"short-desc"
11-630-12,"Michel Clip Applying Forceps",ENT,Ear & Nasal Forceps,yes,35,"short-desc"
11-418-13,"Webster Needle Holder",General Surgery,Needle Holders,yes,46,"short-desc"
11-284-26,"Masson Needle Holder",General Surgery,Needle Holders,yes,44,"short-desc"
11-294-16,"Gillies Needle Holder",General Surgery,Needle Holders,yes,28,"short-desc"
13-142-15,"Wire Twisting Forceps",ENT,Ear & Nasal Forceps,yes,36,"short-desc"
13-100-24,"Langenbeck Amputation Saw",General Surgery,Retractors,yes,32,"short-desc"
12-140-23,"Bruns plaster scissors",Orthopedic,Bone Curettes,yes,37,"short-desc"
11-634-12,"Wachenfeldt Clip Applying Forceps",ENT,Ear & Nasal Forceps,yes,40,"short-desc"
11-428-12,"Webster Needle Holder",General Surgery,Needle Holders,yes,46,"short-desc"
11-420-14,"Kilner Needle Holder",General Surgery,Needle Holders,yes,49,"short-desc"
19-156-02,"Lurz Ureter colculus forceps",ENT,Ear & Nasal Forceps,yes,43,"short-desc"
11-264-13,"Kilner Needle Holder",General Surgery,Needle Holders,yes,29,"short-desc"
11-308-12,"Boynton Needle Holder",General Surgery,Needle Holders,yes,30,"short-desc"
11-296-12,"Schoemaker-Loth Needle Holder",General Surgery,Needle Holders,yes,38,"short-desc"
11-288-26,"Finochietto Needle Holder",General Surgery,Needle Holders,yes,34,"short-desc"
11-313-23,"Micro Needle Holder",General Surgery,Needle Holders,yes,48,"short-desc"
11-248-13,"Webster Needle Holder",General Surgery,Needle Holders,yes,41,"short-desc"
12-160-36,"Stille plaster shear",Orthopedic,Bone Cutters,yes,27,"short-desc"
13-146-19,"Wire Twisting Forceps",ENT,Ear & Nasal Forceps,yes,49,"short-desc"
12-190-18,"Esmarch Plaster Knife",Plastic Surgery,Dermatomes,yes,28,"short-desc"
11-636-12,"Wachenfeldt Clip Applying Forceps",ENT,Ear & Nasal Forceps,yes,40,"short-desc"
11-422-12,"Derf Needle Holder",General Surgery,Needle Holders,yes,45,"short-desc"
11-460-15,"Schwedisches Modell Needle Holder",General Surgery,Needle Holders,yes,46,"short-desc"
11-298-23,"Stratte Needle Holder",General Surgery,Needle Holders,yes,28,"short-desc"
11-282-26,"Wangensteen Needle Holder",General Surgery,Needle Holders,yes,34,"short-desc"
19-156-01,"Lurz Ureter colculus forceps",ENT,Ear & Nasal Forceps,yes,43,"short-desc"
19-100-02,"Randall Kidney Stone Forceps",ENT,Ear & Nasal Forceps,yes,43,"short-desc"
11-270-14,"Mayo-Hegar Needle Holder",General Surgery,Scissors,yes,31,"short-desc"
11-256-12,"Converse Needle Holder",General Surgery,Needle Holders,yes,31,"short-desc"
11-198-16,"Arruga Needle Holder",General Surgery,Needle Holders,yes,35,"short-desc"
11-162-13,"Arruga Needle Holder",General Surgery,Needle Holders,yes,39,"short-desc"
06-278-23,"Ollier Retractor",General Surgery,Retractors,yes,42,"short-desc"
06-402-25,"Mikulicz Abdominal Intestinal Spatula",Neurosurgery,Micro Instruments,yes,44,"short-desc"
06-394-01,"Kelly Retractor",General Surgery,Hemostatic Forceps,yes,37,"short-desc"
06-366-25,"Sauerbruch Retractor",General Surgery,Retractors,yes,42,"short-desc"
06-360-01,"Coryllos Retractor",General Surgery,Retractors,yes,37,"short-desc"
06-314-21,"Caspar Retractor",General Surgery,Retractors,yes,35,"short-desc"
06-334-01,"Morris Retractor",General Surgery,Retractors,yes,37,"short-desc"
06-380-01,"Harrington Retractor",General Surgery,Retractors,yes,42,"short-desc"
06-388-01,"Mikulicz Retractor",General Surgery,Retractors,yes,37,"short-desc"
06-276-24,"Ollier Retractor",General Surgery,Retractors,yes,44,"short-desc"
19-100-03,"Randall Kidney Stone Forceps",ENT,Ear & Nasal Forceps,yes,43,"short-desc"
06-298-22,"Langenbeck Retractor",General Surgery,Retractors,yes,41,"short-desc"
11-180-13,"Barraquer Needle Holder",General Surgery,Needle Holders,yes,32,"short-desc"
06-458-05,"Finsen Wound Spreader",Cardiovascular,Rib Spreaders,yes,39,"short-desc"
06-280-20,"Wassmund Retractor",General Surgery,Retractors,yes,39,"short-desc"
06-452-17,"Czerny Retractor",General Surgery,Retractors,yes,44,"short-desc"
06-412-01,"Doyen Abdominal Retractor",General Surgery,Retractors,yes,44,"short-desc"
06-326-01,"Middeldorpf Retractor",General Surgery,Retractors,yes,40,"short-desc"
06-346-00,"Fritsch Retractor",General Surgery,Retractors,yes,38,"short-desc"
06-370-01,"Brunner Retractor",General Surgery,Retractors,yes,38,"short-desc"
06-236-08,"Cushing Saddle Hook",General Surgery,Tissue Forceps,yes,34,"short-desc"
19-100-04,"Randall Kidney Stone Forceps",ENT,Ear & Nasal Forceps,yes,45,"short-desc"
11-258-14,"Hegar-Baumgartner Needle Holder",General Surgery,Needle Holders,yes,38,"short-desc"
11-208-14,"Castroviejo Needle Holder",General Surgery,Needle Holders,yes,42,"short-desc"
06-198-12,"Williger Retractor",General Surgery,Retractors,yes,39,"short-desc"
11-156-13,"Kalt Needle Holder",General Surgery,Needle Holders,yes,27,"short-desc"
06-242-01,"Brom Vein hook",Cardiovascular,Vein Strippers,yes,29,"short-desc"
06-296-21,"Langenbeck Retractor",General Surgery,Retractors,yes,39,"short-desc"
06-266-01,"Volkmann Retractor",General Surgery,Retractors,yes,41,"short-desc"
06-214-01,"Retractor",General Surgery,Retractors,yes,23,"short-desc"
06-216-16,"Retractor",General Surgery,Retractors,yes,28,"short-desc"
06-332-24,"Richardson Retractor",General Surgery,Retractors,yes,39,"short-desc"
06-294-01,"Langenbeck Retractor",General Surgery,Retractors,yes,39,"short-desc"
06-320-23,"Kocher Retractor",General Surgery,Hemostatic Forceps,yes,35,"short-desc"
06-260-22,"Volkmann Retractor",General Surgery,Retractors,yes,32,"short-desc"
06-172-22,"Emmet Fistula hook",Neurosurgery,Nerve Hooks,yes,32,"short-desc"
06-192-20,"Schoenborn Retractor",General Surgery,Retractors,yes,38,"short-desc"
11-250-13,"Halsey Needle Holder",General Surgery,Needle Holders,yes,42,"short-desc"
11-182-13,"Castroviejo-Fine Needle Holder",General Surgery,Needle Holders,yes,37,"short-desc"
06-264-21,"Retractor",General Surgery,Retractors,yes,25,"short-desc"
06-274-01,"Kocher Retractor",General Surgery,Hemostatic Forceps,yes,39,"short-desc"
06-230-01,"Cushing Saddle Hook",General Surgery,Tissue Forceps,yes,40,"short-desc"
06-178-23,"Lange Fistula hook",Neurosurgery,Nerve Hooks,yes,25,"short-desc"
06-210-20,"Cushing Retractor",General Surgery,Tissue Forceps,yes,26,"short-desc"
06-232-20,"Saddle Hook",Neurosurgery,Nerve Hooks,yes,43,"short-desc"
06-302-20,"Little Retractor",General Surgery,Retractors,yes,37,"short-desc"
06-234-01,"Cushing Saddle Hook",General Surgery,Tissue Forceps,yes,38,"short-desc"
06-150-18,"Wound &#8211; Trachea Retractor",General Surgery,Retractors,yes,48,"short-desc"
11-192-14,"Castroviejo Needle Holder",General Surgery,Needle Holders,yes,44,"short-desc"
06-254-01,"Volkmann Retractor",General Surgery,Retractors,yes,43,"short-desc"
06-275-01,"Kocher Retractor",General Surgery,Hemostatic Forceps,yes,44,"short-desc"
06-250-04,"Retractor",General Surgery,Retractors,yes,34,"short-desc"
06-224-14,"Masing Saddle Hook",Neurosurgery,Nerve Hooks,yes,36,"short-desc"
06-148-18,"Wound &#8211; Trachea Retractor",General Surgery,Retractors,yes,39,"short-desc"
19-100-06,"Randall Kidney Stone Forceps",ENT,Ear & Nasal Forceps,yes,43,"short-desc"
06-140-08,"Kilner Alar hooklet",Neurosurgery,Nerve Hooks,yes,43,"short-desc"
06-174-22,"Simon Fistula hook",Neurosurgery,Nerve Hooks,yes,32,"short-desc"
06-128-13,"Jaegar Hook",Neurosurgery,Nerve Hooks,yes,27,"short-desc"
06-182-02,"Tendon Hook",Neurosurgery,Nerve Hooks,yes,38,"short-desc"
06-190-01,"Langenbeck-Green Retractor",General Surgery,Retractors,yes,44,"short-desc"
06-120-15,"Muller Hook",Neurosurgery,Nerve Hooks,yes,25,"short-desc"
11-244-12,"Derf Needle Holder",General Surgery,Needle Holders,yes,46,"short-desc"
11-255-20,"Bozemann Needle Holder",General Surgery,Needle Holders,yes,49,"short-desc"
11-160-10,"Barraquer-Troutman Needle Holder",General Surgery,Needle Holders,yes,49,"short-desc"
11-194-14,"Castroviejo Needle Holder",General Surgery,Needle Holders,yes,42,"short-desc"
06-270-01,"Volkmann Retractor",General Surgery,Retractors,yes,46,"short-desc"
06-272-01,"Kocher Retractor",General Surgery,Hemostatic Forceps,yes,39,"short-desc"
06-238-08,"Cushing Saddle Hook",General Surgery,Tissue Forceps,yes,32,"short-desc"
06-222-01,"Kocher Retractor",General Surgery,Hemostatic Forceps,yes,37,"short-desc"
06-202-01,"Senn-Green Retractor",General Surgery,Retractors,yes,46,"short-desc"
06-226-14,"Cottle Saddle Hook",Neurosurgery,Nerve Hooks,yes,37,"short-desc"
06-126-16,"Cottle Nasal Hook",Neurosurgery,Nerve Hooks,yes,31,"short-desc"
06-116-16,"Kilner Skin hooklet",Neurosurgery,Nerve Hooks,yes,33,"short-desc"
06-118-15,"Freer Mucosa hooklet",Orthopedic,Periosteal Elevators,yes,34,"short-desc"
06-106-13,"Rollet Hook",Neurosurgery,Nerve Hooks,yes,34,"short-desc"
06-102-12,"Graefe Micro Hooklet",Neurosurgery,Nerve Hooks,yes,36,"short-desc"
11-196-16,"Arruga Needle Holder",General Surgery,Needle Holders,yes,37,"short-desc"
11-164-13,"Arruga Needle Holder",General Surgery,Needle Holders,yes,37,"short-desc"
06-262-22,"Volkmann Retractor",General Surgery,Retractors,yes,32,"short-desc"
06-268-01,"Volkmann Retractor",General Surgery,Retractors,yes,41,"short-desc"
06-252-01,"Volkmann Retractor",General Surgery,Retractors,yes,43,"short-desc"
06-220-17,"Cushing-Kocher Retractor",General Surgery,Tissue Forceps,yes,45,"short-desc"
06-176-22,"Simon Fistula hook",Neurosurgery,Nerve Hooks,yes,32,"short-desc"
06-196-12,"Williger Retractor",General Surgery,Retractors,yes,38,"short-desc"
06-100-12,"Graefe Micro Hooklet",Neurosurgery,Nerve Hooks,yes,36,"short-desc"
06-170-14,"Fomon Alar hooklet",Orthopedic,Rasps & Files,yes,34,"short-desc"
06-146-18,"Wound &#8211; Trachea Retractor",General Surgery,Retractors,yes,39,"short-desc"
06-132-00,"Joseph Mucosa Hooklet",Orthopedic,Periosteal Elevators,yes,46,"short-desc"
06-122-15,"Muller Hook",Neurosurgery,Nerve Hooks,yes,25,"short-desc"
06-114-15,"T?nnis Dura Hook",Neurosurgery,Nerve Hooks,yes,30,"short-desc"
06-110-13,"Rollet Hook",Neurosurgery,Nerve Hooks,yes,36,"short-desc"
06-144-14,"Bergmann Wound Retractor",General Surgery,Retractors,yes,44,"short-desc"
05-122-21,"Emmet Dressing Forceps",General Surgery,Tissue Forceps,yes,29,"short-desc"
11-316-22,"Micro Needle Holder",General Surgery,Needle Holders,yes,36,"short-desc"
11-314-19,"Micro Needle Holder",General Surgery,Needle Holders,yes,46,"short-desc"
05-136-18,"Rampley Spong Forceps",General Surgery,Sponge Forceps,yes,38,"short-desc"
11-317-22,"Micro Needle Holder",General Surgery,Needle Holders,yes,34,"short-desc"
11-320-15,"Webster Needle Holder",General Surgery,Needle Holders,yes,31,"short-desc"
28-220-07,"Gallipot",Sterilization & Holloware,Containers,yes,29,"short-desc"
04-676-18,"Adson-Baby Dissecting &#038; ligature forceps",General Surgery,Tissue Forceps,yes,47,"short-desc"
19-106-02,"Elsasser Nephrostomy Forceps",ENT,Ear & Nasal Forceps,yes,43,"short-desc"
04-694-24,"Crafoord Forceps",ENT,Ear & Nasal Forceps,yes,33,"short-desc"
04-696-02,"Crafoord-Sellors Forceps",ENT,Ear & Nasal Forceps,yes,47,"short-desc"
04-696-03,"Crafoord-Sellors Forceps",ENT,Ear & Nasal Forceps,yes,47,"short-desc"
05-124-25,"Collin Dressing Forceps",General Surgery,Tissue Forceps,yes,30,"short-desc"
05-148-25,"Bozemann Uterine Dressing Forceps",General Surgery,Tissue Forceps,yes,40,"short-desc"
04-706-02,"Overholt Dissecting / Ligature Forceps",General Surgery,Hemostatic Forceps,yes,47,"short-desc"
04-716-17,"Mixter Dissecting / Ligature Forceps",General Surgery,Hemostatic Forceps,yes,45,"short-desc"
04-718-18,"O?Shaugnessy Dissecting / Ligature Forceps",ENT,Ear & Nasal Forceps,yes,49,"short-desc"
04-718-20,"O?Shaugnessy Dissecting / Ligature Forceps",ENT,Ear & Nasal Forceps,yes,49,"short-desc"
05-118-26,"Bozemann Dressing Forceps",General Surgery,Tissue Forceps,yes,49,"short-desc"
05-138-24,"Bergmann Spong Forceps",ENT,Ear & Nasal Forceps,yes,29,"short-desc"
04-724-02,"Zenker Dissecting / Ligature Forceps",ENT,Ear & Nasal Forceps,yes,45,"short-desc"
04-726-28,"Mixter Dissecting / Ligature Forceps",General Surgery,Hemostatic Forceps,yes,43,"short-desc"
04-728-24,"Wickstr?m Dissecting / Ligature Forceps",ENT,Ear & Nasal Forceps,yes,48,"short-desc"
04-734-22,"Lahey Bile duct clamp",General Surgery,Clamps,yes,30,"short-desc"
04-740-02,"Uro-Tangential Tangential Forceps",ENT,Ear & Nasal Forceps,yes,47,"short-desc"
04-742-24,"Guyon Kidney pedicle clamp",Urology,Urethral Sounds,yes,33,"short-desc"
04-746-21,"Guyon Kidney pedicle clamp",Urology,Urethral Sounds,yes,35,"short-desc"
04-746-24,"Guyon Kidney pedicle clamp",Urology,Urethral Sounds,yes,35,"short-desc"
04-768-21,"Heaney Haemostatic forceps",ENT,Ear & Nasal Forceps,yes,43,"short-desc"
04-768-24,"Heaney Haemostatic forceps",ENT,Ear & Nasal Forceps,yes,41,"short-desc"
04-770-21,"Heaney Haemostatic forceps",ENT,Ear & Nasal Forceps,yes,43,"short-desc"
04-770-24,"Heaney Haemostatic forceps",ENT,Ear & Nasal Forceps,yes,41,"short-desc"
04-772-02,"Rogers Haemostatic Forceps",ENT,Ear & Nasal Forceps,yes,41,"short-desc"
05-142-25,"Forster Spong Forceps",ENT,Ear & Nasal Forceps,yes,36,"short-desc"
06-104-12,"Guthrie Skin Hook",Neurosurgery,Nerve Hooks,yes,33,"short-desc"
04-774-02,"Rogers Haemostatic Forceps",ENT,Ear & Nasal Forceps,yes,41,"short-desc"
04-772-04,"Rogers Haemostatic Forceps",ENT,Ear & Nasal Forceps,yes,43,"short-desc"
04-774-03,"Rogers Haemostatic Forceps",ENT,Ear & Nasal Forceps,yes,43,"short-desc"
04-808-09,"Backhaus Towel Clamp",General Surgery,Towel Clamps,yes,33,"short-desc"
04-808-10,"Backhaus Towel Clamp",General Surgery,Towel Clamps,yes,34,"short-desc"
04-802-08,"Jones Towel Clamp",General Surgery,Towel Clamps,yes,32,"short-desc"
04-808-11,"Backhaus Towel Clamp",General Surgery,Towel Clamps,yes,34,"short-desc"
04-808-13,"Backhaus Towel Clamp",General Surgery,Towel Clamps,yes,34,"short-desc"
04-808-15,"Backhaus Towel Clamp",General Surgery,Towel Clamps,yes,34,"short-desc"
04-808-16,"Backhaus Towel Clamp",General Surgery,Towel Clamps,yes,34,"short-desc"
04-814-11,"Ball + Socket Towel Clamp",General Surgery,Towel Clamps,yes,32,"short-desc"
04-814-13,"Ball + Socket Towel Clamp",General Surgery,Towel Clamps,yes,32,"short-desc"
04-814-15,"Ball + Socket Towel Clamp",General Surgery,Towel Clamps,yes,32,"short-desc"
04-820-19,"Tubing Clamps Roller Forceps",ENT,Ear & Nasal Forceps,yes,35,"short-desc"
04-820-20,"Tubing Clamps Roller Forceps",ENT,Ear & Nasal Forceps,yes,37,"short-desc"
05-140-25,"Forster Spong Forceps",ENT,Ear & Nasal Forceps,yes,38,"short-desc"
05-146-26,"Pelkmann Uterine Dressing Forceps",General Surgery,Tissue Forceps,yes,48,"short-desc"
05-120-13,"Lister Sinus Froceps",General Surgery,Scissors,yes,37,"short-desc"
05-120-16,"Lister Sinus Froceps",General Surgery,Scissors,yes,37,"short-desc"
05-120-18,"Lister Sinus Froceps",General Surgery,Scissors,yes,39,"short-desc"
05-136-20,"Rampley Spong Forceps",General Surgery,Sponge Forceps,yes,38,"short-desc"
05-102-26,"Ulrich Dressing Forceps",General Surgery,Tissue Forceps,yes,40,"short-desc"
05-126-25,"Cheron Dressing Forceps",General Surgery,Tissue Forceps,yes,30,"short-desc"
05-106-28,"Sims-Maier Dressing Forceps",General Surgery,Scissors,yes,42,"short-desc"
05-100-22,"Ulrich Dressing Forceps",General Surgery,Tissue Forceps,yes,42,"short-desc"
04-828-18,"Gunnar-Hey Roller forceps",ENT,Ear & Nasal Forceps,yes,32,"short-desc"
05-116-39,"Tunneling Forceps",ENT,Ear & Nasal Forceps,yes,34,"short-desc"
05-104-28,"Sims-Maier Dressing Forceps",General Surgery,Scissors,yes,44,"short-desc"
05-102-22,"Ulrich Dressing Forceps",General Surgery,Tissue Forceps,yes,40,"short-desc"
04-824-16,"Tubing Clamps Roller Forceps",ENT,Ear & Nasal Forceps,yes,49,"short-desc"
04-820-15,"Tubing Clamps Roller Forceps",ENT,Ear & Nasal Forceps,yes,37,"short-desc"
04-816-11,"Peers Towel Clamp",General Surgery,Towel Clamps,yes,45,"short-desc"
04-800-09,"Schadel Towel Clamp",General Surgery,Towel Clamps,yes,32,"short-desc"
04-780-26,"Wertheim Haemostatic Forceps",ENT,Ear & Nasal Forceps,yes,35,"short-desc"
04-810-13,"Roeder Towel Clamp",General Surgery,Towel Clamps,yes,27,"short-desc"
04-602-12,"Dunhill Haemostatic Forceps",ENT,Ear & Nasal Forceps,yes,46,"short-desc"
04-618-16,"Crile-Rankin Haemostatic Forceps",General Surgery,Hemostatic Forceps,yes,47,"short-desc"
04-746-19,"Guyon Kidney pedicle clamp",Urology,Urethral Sounds,yes,35,"short-desc"
04-744-24,"Guyon Kidney pedicle clamp",Urology,Urethral Sounds,yes,33,"short-desc"
04-694-18,"Crafoord Forceps",ENT,Ear & Nasal Forceps,yes,33,"short-desc"
04-569-14,"Martel Scalp Flap Forceps",ENT,Ear & Nasal Forceps,yes,32,"short-desc"
04-536-07,"Glover Bulldog Clamp",Cardiovascular,Vascular Clamps,yes,48,"short-desc"
04-470-06,"Dieffenbach Bulldog Clamp",Cardiovascular,Vascular Clamps,yes,31,"short-desc"
04-626-14,"Crile Haemostatic Forceps",General Surgery,Hemostatic Forceps,yes,42,"short-desc"
04-776-23,"Moynihan Haemostatic Forceps",ENT,Ear & Nasal Forceps,yes,35,"short-desc"
04-726-22,"Mixter Dissecting / Ligature Forceps",General Surgery,Hemostatic Forceps,yes,45,"short-desc"
04-706-01,"Overholt Dissecting / Ligature Forceps",General Surgery,Hemostatic Forceps,yes,47,"short-desc"
04-696-01,"Crafoord-Sellors Forceps",ENT,Ear & Nasal Forceps,yes,47,"short-desc"
04-642-13,"Pean Haemostatic Forceps",General Surgery,Hemostatic Forceps,yes,39,"short-desc"
04-566-15,"Pratt Forceps",ENT,Ear & Nasal Forceps,yes,20,"short-desc"
04-614-19,"Obwegeser Haemostatic Forceps",ENT,Ear & Nasal Forceps,yes,44,"short-desc"
04-560-14,"Collin Organ grasping forceps",Orthopedic,Rasps & Files,yes,36,"short-desc"
04-472-03,"Dieffenbach Bulldog Clamp",Cardiovascular,Vascular Clamps,yes,33,"short-desc"
04-608-16,"Kelly-Rankin Haemostatic Forceps",General Surgery,Hemostatic Forceps,yes,47,"short-desc"
04-734-19,"Lahey Bile duct clamp",General Surgery,Clamps,yes,30,"short-desc"
04-770-19,"Heaney Haemostatic forceps",ENT,Ear & Nasal Forceps,yes,43,"short-desc"
04-676-14,"Adson-Baby Dissecting &#038; ligature forceps",General Surgery,Tissue Forceps,yes,49,"short-desc"
04-625-14,"Crile Haemostatic Forceps",General Surgery,Hemostatic Forceps,yes,44,"short-desc"
04-468-06,"Dieffenbach Bulldog Clamp",Cardiovascular,Vascular Clamps,yes,31,"short-desc"
04-548-10,"Hartmann Haemostatic Forceps",ENT,Ear & Nasal Speculums,yes,43,"short-desc"
04-558-15,"Pennington Haemostatic Forceps",ENT,Ear & Nasal Forceps,yes,39,"short-desc"
04-510-10,"Bulldog Clamp",Cardiovascular,Vascular Clamps,yes,28,"short-desc"
28-310-02,"Catheter Tray with Cover",Dental,Restorative,yes,42,"short-desc"
04-568-13,"Martel-Rees Face lift forceps",ENT,Ear & Nasal Forceps,yes,38,"short-desc"
04-606-16,"Kelly-Rankin Haemostatic Forceps",General Surgery,Hemostatic Forceps,yes,49,"short-desc"
04-772-01,"Rogers Haemostatic Forceps",ENT,Ear & Nasal Forceps,yes,43,"short-desc"
04-728-21,"Wickstr?m Dissecting / Ligature Forceps",ENT,Ear & Nasal Forceps,yes,46,"short-desc"
04-718-15,"O?Shaugnessy Dissecting / Ligature Forceps",ENT,Ear & Nasal Forceps,yes,49,"short-desc"
04-688-22,"Roberts Forceps",ENT,Ear & Nasal Forceps,yes,30,"short-desc"
04-640-13,"Pean Haemostatic Forceps",General Surgery,Hemostatic Forceps,yes,43,"short-desc"
04-552-25,"Organ grasping forceps",Orthopedic,Rasps & Files,yes,41,"short-desc"
04-512-10,"Bulldog Clamp",Cardiovascular,Vascular Clamps,yes,28,"short-desc"
04-540-14,"Pean Haemostatic Forceps",General Surgery,Hemostatic Forceps,yes,43,"short-desc"
04-598-14,"Kelly Haemostatic Forceps",General Surgery,Hemostatic Forceps,yes,42,"short-desc"
04-762-28,"Lawrence Dissecting &#038; ligature forceps",ENT,Ear & Nasal Forceps,yes,45,"short-desc"
04-736-21,"Desjardins Bile duct clamp",Sterilization & Holloware,Jars,yes,33,"short-desc"
04-724-01,"Zenker Dissecting / Ligature Forceps",ENT,Ear & Nasal Forceps,yes,45,"short-desc"
04-692-24,"Sarot Forceps",ENT,Ear & Nasal Forceps,yes,30,"short-desc"
04-660-21,"Bengolea Haemostatic Forceps",General Surgery,Hemostatic Forceps,yes,45,"short-desc"
04-610-16,"Lovelace Haemostatic Forceps",Cardiovascular,Thoracic Instruments,yes,45,"short-desc"
04-478-38,"Johns-Hopkins Bulldog Clamp",Cardiovascular,Vascular Clamps,yes,43,"short-desc"
04-544-13,"Spencer-Wells Haemostatic Forceps",ENT,Ear & Nasal Forceps,yes,48,"short-desc"
04-524-09,"DeBakey-Satinsky Bulldog Clamp",General Surgery,Tissue Forceps,yes,48,"short-desc"
04-472-05,"Dieffenbach Bulldog Clamp",Cardiovascular,Vascular Clamps,yes,31,"short-desc"
04-562-20,"Collin Intestinal grasping forceps",Orthopedic,Rasps & Files,yes,41,"short-desc"
04-616-16,"Crile-Rankin Haemostatic Forceps",General Surgery,Hemostatic Forceps,yes,49,"short-desc"
06-104-13,"Guthrie Skin Hook",Neurosurgery,Nerve Hooks,yes,31,"short-desc"
04-748-28,"Meeker Dissecting &#038; ligature forceps",ENT,Ear & Nasal Forceps,yes,43,"short-desc"
04-756-21,"Wertheim-Cullen Vaginal clamp",General Surgery,Clamps,yes,36,"short-desc"
04-690-25,"Sarot Forceps",ENT,Ear & Nasal Forceps,yes,30,"short-desc"
04-594-15,"Leriche Haemostatic Forceps",ENT,Ear & Nasal Forceps,yes,44,"short-desc"
04-474-03,"Dieffenbach Bulldog Clamp",Cardiovascular,Vascular Clamps,yes,33,"short-desc"
04-538-06,"Glover Bulldog Clamp",Cardiovascular,Vascular Clamps,yes,48,"short-desc"
04-600-14,"Kelly Haemostatic Forceps",General Surgery,Hemostatic Forceps,yes,40,"short-desc"
04-604-18,"Dunhill Haemostatic Forceps",ENT,Ear & Nasal Forceps,yes,44,"short-desc"
11-316-20,"Micro Needle Holder",General Surgery,Needle Holders,yes,36,"short-desc"
04-760-20,"Negus Haemostatic forceps",ENT,Ear & Nasal Forceps,yes,40,"short-desc"
04-742-23,"Guyon Kidney pedicle clamp",Urology,Urethral Sounds,yes,33,"short-desc"
04-686-22,"Roberts Forceps",ENT,Ear & Nasal Forceps,yes,34,"short-desc"
04-656-21,"Bengolea Haemostatic Forceps",General Surgery,Hemostatic Forceps,yes,47,"short-desc"
04-646-14,"Pean-Nippon Haemostatic Forceps",General Surgery,Hemostatic Forceps,yes,46,"short-desc"
04-476-38,"Johns-Hopkins Bulldog Clamp",Cardiovascular,Vascular Clamps,yes,45,"short-desc"
04-590-15,"Leriche Haemostatic Forceps",ENT,Ear & Nasal Forceps,yes,46,"short-desc"
04-551-20,"Schwartz Bulldog applying forceps",Cardiovascular,Vascular Clamps,yes,40,"short-desc"
04-474-05,"Dieffenbach Bulldog Clamp",Cardiovascular,Vascular Clamps,yes,31,"short-desc"
04-522-07,"DeBakey-Satinsky Bulldog Clamp",General Surgery,Tissue Forceps,yes,48,"short-desc"
03-366-15,"Micro Forceps",Neurosurgery,Micro Instruments,yes,49,"short-desc"
03-538-17,"Cushing Dissecting Forceps",General Surgery,Tissue Forceps,yes,49,"short-desc"
03-500-14,"Standard Dissecting Forceps",ENT,Ear & Nasal Forceps,yes,42,"short-desc"
03-528-17,"Gerald Tissue Forceps",General Surgery,Tissue Forceps,yes,45,"short-desc"
03-506-15,"Wangensteen Tissue Forceps",General Surgery,Tissue Forceps,yes,39,"short-desc"
03-450-09,"Beer Cilia forceps",ENT,Ear & Nasal Forceps,yes,24,"short-desc"
03-412-11,"Jeweler Type Forceps",ENT,Ear & Nasal Forceps,yes,35,"short-desc"
03-544-16,"Obwegeser Dissecting Forceps",ENT,Ear & Nasal Forceps,yes,41,"short-desc"
03-556-18,"Jaboma Dissecting Forceps",ENT,Ear & Nasal Forceps,yes,38,"short-desc"
03-516-12,"Adson-Brown Tissue Forceps",General Surgery,Tissue Forceps,yes,48,"short-desc"
03-522-15,"Gillies Tissue Forceps",General Surgery,Tissue Forceps,yes,46,"short-desc"
03-430-10,"Stieglitz Splinter forceps",General Surgery,Tissue Forceps,yes,45,"short-desc"
03-448-09,"Littauer Cilia forceps",General Surgery,Scissors,yes,28,"short-desc"
03-410-12,"Jeweler Type Forceps",ENT,Ear & Nasal Forceps,yes,35,"short-desc"
03-275-17,"Gerald Tissue Forceps",General Surgery,Tissue Forceps,yes,48,"short-desc"
03-246-18,"Stille-Barraya Tissue Forceps",General Surgery,Tissue Forceps,yes,47,"short-desc"
03-558-18,"Jaboma Tissue Forceps",General Surgery,Tissue Forceps,yes,45,"short-desc"
03-546-18,"Obwegeser Dissecting Forceps",ENT,Ear & Nasal Forceps,yes,41,"short-desc"
03-532-17,"Bonney Dissecting Forceps",General Surgery,Tissue Forceps,yes,40,"short-desc"
03-510-12,"Adson Tissue Forceps",General Surgery,Tissue Forceps,yes,44,"short-desc"
03-436-15,"Ralk Splinter forceps",General Surgery,Tissue Forceps,yes,38,"short-desc"
03-444-10,"Saupe Cilia forceps",ENT,Ear & Nasal Forceps,yes,28,"short-desc"
03-411-11,"Jeweler Type Forceps",ENT,Ear & Nasal Forceps,yes,35,"short-desc"
03-298-20,"Hunt Tumor-and vessel forceps",ENT,Ear & Nasal Forceps,yes,44,"short-desc"
03-530-15,"Potts-Smith Dissecting Forceps",General Surgery,Scissors,yes,43,"short-desc"
03-526-17,"Gerald Dissecting Forceps",General Surgery,Tissue Forceps,yes,38,"short-desc"
03-417-11,"Jeweler Type Forceps",ENT,Ear & Nasal Forceps,yes,27,"short-desc"
03-414-12,"Jeweler Type Forceps",ENT,Ear & Nasal Forceps,yes,43,"short-desc"
03-446-09,"Schaaf Foreign body forceps",ENT,Ear & Nasal Forceps,yes,35,"short-desc"
03-256-12,"Mini-Adson Tissue Forceps",General Surgery,Tissue Forceps,yes,43,"short-desc"
03-274-17,"Gerald Tissue Forceps",General Surgery,Tissue Forceps,yes,47,"short-desc"
03-300-20,"Hunt Tumor-and vessel forceps",ENT,Ear & Nasal Forceps,yes,45,"short-desc"
03-250-17,"Bonney Tissue Forceps",General Surgery,Tissue Forceps,yes,41,"short-desc"
04-322-10,"Yasargil Xtended Aneurysm Clip",Neurosurgery,Micro Instruments,yes,47,"short-desc"
04-266-10,"Yasargil Xtended Aneurysm Clip",Neurosurgery,Micro Instruments,yes,47,"short-desc"
04-250-10,"Yasargil Xtended Aneurysm Clip",Neurosurgery,Micro Instruments,yes,47,"short-desc"
03-548-00,"Meriem Dissecting Forceps",ENT,Ear & Nasal Forceps,yes,31,"short-desc"
03-554-15,"DeBakey Tissue Forceps",General Surgery,Tissue Forceps,yes,35,"short-desc"
03-534-17,"Bonney Tissue Forceps",General Surgery,Tissue Forceps,yes,47,"short-desc"
03-438-14,"Ralk Splinter forceps",General Surgery,Tissue Forceps,yes,36,"short-desc"
03-419-15,"Micro tying forceps",ENT,Ear & Nasal Forceps,yes,40,"short-desc"
03-262-12,"Adson-Brown Tissue Forceps",General Surgery,Tissue Forceps,yes,44,"short-desc"
03-254-19,"Denis-Browne Intestinal forceps",ENT,Ear & Nasal Forceps,yes,38,"short-desc"
04-252-10,"Yasargil Xtended Aneurysm Clip",Neurosurgery,Micro Instruments,yes,47,"short-desc"
03-502-14,"Standard Tissue Forceps",General Surgery,Tissue Forceps,yes,49,"short-desc"
03-550-18,"Potts-Nevins Dissecting Forceps",Cardiovascular,Vascular Clamps,yes,44,"short-desc"
03-452-09,"Douglas Cilia forceps",ENT,Ear & Nasal Forceps,yes,27,"short-desc"
03-413-12,"Jeweler Type Forceps",ENT,Ear & Nasal Forceps,yes,35,"short-desc"
03-524-15,"McIndoe Dissecting Forceps",ENT,Ear & Nasal Forceps,yes,39,"short-desc"
03-432-10,"Stieglitz Splinter forceps",General Surgery,Tissue Forceps,yes,43,"short-desc"
03-242-15,"Stone Tissue Forceps",General Surgery,Tissue Forceps,yes,38,"short-desc"
03-244-15,"Lerche Tissue Forceps",General Surgery,Tissue Forceps,yes,39,"short-desc"
03-252-18,"Singley-Tuttle Tissue Forceps",General Surgery,Tissue Forceps,yes,36,"short-desc"
03-552-15,"DeBakey Tissue Forceps",General Surgery,Tissue Forceps,yes,35,"short-desc"
03-536-18,"Cushing Dissecting Forceps",General Surgery,Tissue Forceps,yes,49,"short-desc"
03-512-12,"Micro Adson Dissecting Forceps",General Surgery,Tissue Forceps,yes,43,"short-desc"
03-508-12,"Adson Dissecting Forceps",General Surgery,Tissue Forceps,yes,37,"short-desc"
03-434-12,"Peet Splinter forceps",General Surgery,Tissue Forceps,yes,28,"short-desc"
03-416-18,"Jeweler Type Forceps",ENT,Ear & Nasal Forceps,yes,27,"short-desc"
03-415-12,"Jeweler Type Forceps",ENT,Ear & Nasal Forceps,yes,27,"short-desc"
06-180-01,"Retractor",General Surgery,Retractors,yes,32,"short-desc"
06-182-03,"Tendon Hook",Neurosurgery,Nerve Hooks,yes,39,"short-desc"
06-180-02,"Retractor",General Surgery,Retractors,yes,32,"short-desc"
06-190-02,"Langenbeck-Green Retractor",General Surgery,Retractors,yes,44,"short-desc"
06-202-02,"Senn-Green Retractor",General Surgery,Retractors,yes,46,"short-desc"
06-214-03,"Retractor",General Surgery,Retractors,yes,23,"short-desc"
06-214-04,"Retractor",General Surgery,Retractors,yes,23,"short-desc"
06-218-02,"Konig Retractor",General Surgery,Retractors,yes,34,"short-desc"
06-222-02,"Kocher Retractor",General Surgery,Hemostatic Forceps,yes,37,"short-desc"
06-226-15,"Cottle Saddle Hook",Neurosurgery,Nerve Hooks,yes,32,"short-desc"
06-230-02,"Cushing Saddle Hook",General Surgery,Tissue Forceps,yes,40,"short-desc"
06-234-02,"Cushing Saddle Hook",General Surgery,Tissue Forceps,yes,38,"short-desc"
06-234-03,"Cushing Saddle Hook",General Surgery,Tissue Forceps,yes,38,"short-desc"
06-236-10,"Cushing Saddle Hook",General Surgery,Tissue Forceps,yes,35,"short-desc"
06-236-12,"Cushing Saddle Hook",General Surgery,Tissue Forceps,yes,35,"short-desc"
06-236-14,"Cushing Saddle Hook",General Surgery,Tissue Forceps,yes,35,"short-desc"
06-194-06,"Meyerding Hooklet",General Surgery,Retractors,yes,49,"short-desc"
06-214-02,"Retractor",General Surgery,Retractors,yes,23,"short-desc"
03-186-14,"Tr?eltsch Nasal tampon forceps",ENT,Ear & Nasal Forceps,yes,37,"short-desc"
03-190-12,"Tissue Forceps",General Surgery,Tissue Forceps,yes,32,"short-desc"
03-176-14,"Lucae Ear forceps",General Surgery,Tissue Forceps,yes,33,"short-desc"
03-238-23,"Nelson Lung dissecting forceps",Cardiovascular,Thoracic Instruments,yes,37,"short-desc"
03-232-14,"Durante Tissue Forceps",General Surgery,Tissue Forceps,yes,31,"short-desc"
03-224-20,"Brophy Tissue Forceps",General Surgery,Tissue Forceps,yes,47,"short-desc"
03-228-17,"Waugh Tissue Forceps",General Surgery,Tissue Forceps,yes,40,"short-desc"
03-222-11,"Tr?eltsch Tissue Forceps",General Surgery,Tissue Forceps,yes,42,"short-desc"
03-220-14,"Lucaeoe Tissue Forceps",General Surgery,Tissue Forceps,yes,49,"short-desc"
03-236-23,"Mayo Tissue Forceps",General Surgery,Scissors,yes,26,"short-desc"
03-218-15,"McIndoe Tissue Forceps",General Surgery,Tissue Forceps,yes,40,"short-desc"
03-216-15,"Adlerkreutz Tissue Forceps",General Surgery,Tissue Forceps,yes,46,"short-desc"
03-214-15,"Adlerkreutz Tissue Forceps",General Surgery,Tissue Forceps,yes,46,"short-desc"
03-212-12,"Semken Tissue Forceps",General Surgery,Tissue Forceps,yes,41,"short-desc"
03-208-11,"Graefe Tissue Forceps",General Surgery,Tissue Forceps,yes,39,"short-desc"
03-206-10,"Graefe Tissue Forceps",General Surgery,Tissue Forceps,yes,39,"short-desc"
03-204-15,"Gillies Tissue Forceps",General Surgery,Tissue Forceps,yes,42,"short-desc"
03-202-15,"Stille Tissue Forceps",General Surgery,Tissue Forceps,yes,39,"short-desc"
03-198-13,"Tissue Forceps",General Surgery,Tissue Forceps,yes,40,"short-desc"
03-196-13,"Tissue Forceps",General Surgery,Tissue Forceps,yes,40,"short-desc"
03-194-14,"Tissue Forceps",General Surgery,Tissue Forceps,yes,34,"short-desc"
03-192-14,"Tissue Forceps",General Surgery,Tissue Forceps,yes,34,"short-desc"
02-294-25,"Satinsky",Cardiovascular,Vascular Clamps,yes,36,"short-desc"
02-330-13,"Northbent Stitch Scissors",General Surgery,Scissors,yes,40,"short-desc"
02-430-12,"Micro Scissors",Neurosurgery,Micro Instruments,yes,36,"short-desc"
03-144-18,"Brophy Jaws Dissecting Forceps",ENT,Ear & Nasal Forceps,yes,39,"short-desc"
06-238-10,"Cushing Saddle Hook",General Surgery,Tissue Forceps,yes,33,"short-desc"
03-100-10,"Standard (Thumb) Dissecting Forceps",ENT,Ear & Nasal Forceps,yes,44,"short-desc"
02-424-20,"Jacobson Micro Scissors",Neurosurgery,Micro Instruments,yes,40,"short-desc"
03-140-17,"Gerald Dissecting Forceps",General Surgery,Tissue Forceps,yes,44,"short-desc"
02-524-14,"Operating Scissors T",General Surgery,Scissors,yes,49,"short-desc"
03-102-12,"Narrow (Thumb) Dissecting Forceps",ENT,Ear & Nasal Forceps,yes,40,"short-desc"
02-516-14,"Operating Scissors T",General Surgery,Scissors,yes,49,"short-desc"
02-431-12,"Micro Scissors",Neurosurgery,Micro Instruments,yes,38,"short-desc"
02-288-16,"Schmienden-Taylor",Diagnostic,Reflex Hammers,yes,41,"short-desc"
02-244-16,"Kelly",General Surgery,Hemostatic Forceps,yes,40,"short-desc"
02-414-18,"Micro Scissors",Neurosurgery,Micro Instruments,yes,29,"short-desc"
03-148-12,"English Dissecting Forceps",ENT,Ear & Nasal Forceps,yes,42,"short-desc"
03-168-17,"Gerald Atraumatic Dressing Forceps",General Surgery,Tissue Forceps,yes,43,"short-desc"
03-110-12,"Adson Dissecting Forceps",General Surgery,Tissue Forceps,yes,41,"short-desc"
02-606-16,"Cottle Nasal Scissors",Ophthalmology,Scissors,yes,36,"short-desc"
02-586-11,"Angled Scissors",Ophthalmology,Scissors,yes,28,"short-desc"
02-572-11,"Iris Scissors",General Surgery,Scissors,yes,36,"short-desc"
02-326-12,"Eiselsberg Ligature Scissors",Ophthalmology,Scissors,yes,45,"short-desc"
02-528-14,"Mayo Scissors",General Surgery,Scissors,yes,36,"short-desc"
03-130-20,"Brophy Dissecting Forceps",ENT,Ear & Nasal Forceps,yes,40,"short-desc"
02-532-14,"Joseph Scissors",Orthopedic,Periosteal Elevators,yes,38,"short-desc"
02-520-14,"Operating Scissors T",General Surgery,Scissors,yes,49,"short-desc"
02-433-09,"Micro Scissors",Neurosurgery,Micro Instruments,yes,37,"short-desc"
02-322-09,"Spencer Stitch Scissors",General Surgery,Scissors,yes,39,"short-desc"
03-188-10,"Standard (Tissue) Forceps",General Surgery,Tissue Forceps,yes,45,"short-desc"
02-351-12,"Eye Micro Scissor Straight",Neurosurgery,Micro Instruments,yes,33,"short-desc"
03-138-17,"Cushing Dissecting Forceps",General Surgery,Tissue Forceps,yes,43,"short-desc"
03-128-20,"Brophy Dissecting Forceps",ENT,Ear & Nasal Forceps,yes,42,"short-desc"
03-112-12,"Micro-Adson Dissecting Forceps",General Surgery,Tissue Forceps,yes,47,"short-desc"
02-602-16,"Kelly Nasal Scissors",General Surgery,Hemostatic Forceps,yes,41,"short-desc"
03-114-12,"Thorek Corneal forceps",ENT,Ear & Nasal Forceps,yes,29,"short-desc"
02-536-16,"Lexer Dissecting scissors",General Surgery,Scissors,yes,46,"short-desc"
02-530-14,"Joseph Scissors",Orthopedic,Periosteal Elevators,yes,40,"short-desc"
02-570-11,"Iris Scissors",General Surgery,Scissors,yes,38,"short-desc"
02-242-16,"Kelly",General Surgery,Hemostatic Forceps,yes,42,"short-desc"
02-368-15,"Micro Scissors",Neurosurgery,Micro Instruments,yes,47,"short-desc"
02-302-14,"Braun-Stadler",General Surgery,Scissors,yes,43,"short-desc"
03-142-18,"Gerald Dissecting Forceps",General Surgery,Tissue Forceps,yes,41,"short-desc"
03-134-15,"McIndoe Dissecting Forceps",ENT,Ear & Nasal Forceps,yes,33,"short-desc"
03-126-20,"Waugh Dissecting Forceps",ENT,Ear & Nasal Forceps,yes,31,"short-desc"
03-108-12,"Adson Dissecting Forceps",General Surgery,Tissue Forceps,yes,31,"short-desc"
02-574-23,"Sims Uterine Scissors",General Surgery,Scissors,yes,44,"short-desc"
02-526-14,"Mayo Scissors",General Surgery,Scissors,yes,38,"short-desc"
02-447-15,"Micro Scissors",Neurosurgery,Micro Instruments,yes,42,"short-desc"
02-324-14,"Littauer Stitch Scissors",General Surgery,Scissors,yes,41,"short-desc"
06-238-12,"Cushing Saddle Hook",General Surgery,Tissue Forceps,yes,33,"short-desc"
03-124-18,"Potts-Smith Dissecting Forceps",General Surgery,Scissors,yes,37,"short-desc"
03-136-17,"Cushing Dissecting Forceps",General Surgery,Tissue Forceps,yes,45,"short-desc"
03-104-13,"Narrow Dissecting Forceps",ENT,Ear & Nasal Forceps,yes,40,"short-desc"
02-582-25,"DeBakey Angled Scissors",General Surgery,Tissue Forceps,yes,41,"short-desc"
03-120-17,"Taylor Dissecting Forceps",ENT,Ear & Nasal Forceps,yes,32,"short-desc"
02-534-16,"Lexer Dissecting scissors",General Surgery,Scissors,yes,48,"short-desc"
02-576-23,"Sims Uterine Scissors",General Surgery,Scissors,yes,42,"short-desc"
02-432-10,"Micro Scissors",Neurosurgery,Micro Instruments,yes,38,"short-desc"
02-418-18,"Micro Scissors",Neurosurgery,Micro Instruments,yes,37,"short-desc"
02-348-21,"Dammschere Enterotomy Scissors",Ophthalmology,Scissors,yes,49,"short-desc"
02-228-14,"Fomon",Orthopedic,Rasps & Files,yes,45,"short-desc"
02-336-10,"Beebee Wire Cutting Scissors",Ophthalmology,Scissors,yes,43,"short-desc"
02-332-14,"Buck Stitch Scissors",General Surgery,Scissors,yes,39,"short-desc"
03-146-10,"English Dissecting Forceps",ENT,Ear & Nasal Forceps,yes,33,"short-desc"
02-448-15,"Micro Scissors",Neurosurgery,Micro Instruments,yes,40,"short-desc"
03-145-17,"Bonney Dissecting Forceps",General Surgery,Tissue Forceps,yes,34,"short-desc"
02-352-15,"Micro Scissors",Neurosurgery,Micro Instruments,yes,47,"short-desc"
03-118-15,"Schweden-Modell Dissecting Forceps",ENT,Ear & Nasal Forceps,yes,41,"short-desc"
02-598-12,"Ragnell Nasal Scissors",Ophthalmology,Scissors,yes,45,"short-desc"
03-132-20,"Brophy Dissecting Forceps",ENT,Ear & Nasal Forceps,yes,40,"short-desc"
02-412-20,"Micro Scissors",Neurosurgery,Micro Instruments,yes,31,"short-desc"
02-502-11,"Iris Scissors",General Surgery,Scissors,yes,45,"short-desc"
02-416-19,"Micro Scissors",Neurosurgery,Micro Instruments,yes,31,"short-desc"
02-334-10,"Beebee Wire Cutting Scissors",Ophthalmology,Scissors,yes,45,"short-desc"
02-346-21,"Dammschere Enterotomy Scissors",Ophthalmology,Scissors,yes,49,"short-desc"
03-152-15,"DeBakey Atraumatic Dressing Forceps",General Surgery,Tissue Forceps,yes,48,"short-desc"
03-141-17,"Gerald Dissecting Forceps",General Surgery,Tissue Forceps,yes,42,"short-desc"
02-420-18,"Micro Scissors",Neurosurgery,Micro Instruments,yes,39,"short-desc"
03-106-15,"Stille Dissecting Forceps",Orthopedic,Bone Cutters,yes,32,"short-desc"
02-600-16,"Kelly Nasal Scissors",General Surgery,Hemostatic Forceps,yes,43,"short-desc"
06-238-14,"Cushing Saddle Hook",General Surgery,Tissue Forceps,yes,33,"short-desc"
02-590-16,"Wire cutting scissors",Ophthalmology,Scissors,yes,34,"short-desc"
02-446-21,"Rhoton-Type Bayonet Micro Scissors",Neurosurgery,Micro Instruments,yes,49,"short-desc"
02-422-20,"Jacobson Micro Scissors",Neurosurgery,Micro Instruments,yes,42,"short-desc"
02-287-17,"Frazier",General Surgery,Suction Tubes,yes,29,"short-desc"
02-172-09,"Iris scissors",General Surgery,Scissors,yes,27,"short-desc"
02-184-20,"Sims Gynecology Scissors Curved",General Surgery,Scissors,yes,47,"short-desc"
02-196-18,"Doyen Gynecology Scissors",Ophthalmology,Scissors,yes,42,"short-desc"
06-238-18,"Cushing Saddle Hook",General Surgery,Tissue Forceps,yes,33,"short-desc"
02-144-15,"Mayo-Stille Dissecting Scissors",General Surgery,Scissors,yes,48,"short-desc"
02-114-14,"Deaver Scissors",General Surgery,Retractors,yes,30,"short-desc"
06-242-02,"Brom Vein hook",Cardiovascular,Vein Strippers,yes,27,"short-desc"
01-102-25,"Autopsy Knife",Surgical,Autopsy. Cartilage. Post Mortem Knives,yes,64,"generic-category"
02-178-14,"Joseph Operating scissors",General Surgery,Scissors,yes,44,"short-desc"
06-246-02,"Klapp Retractor",General Surgery,Retractors,yes,40,"short-desc"
06-246-04,"Klapp Retractor",General Surgery,Retractors,yes,41,"short-desc"
01-204-32,"Dermatomes",Plastic Surgery,Dermatomes,yes,46,"short-desc"
02-116-13,"Incision Scissor",Ophthalmology,Scissors,yes,33,"short-desc"
06-266-02,"Volkmann Retractor",General Surgery,Retractors,yes,41,"short-desc"
06-266-03,"Volkmann Retractor",General Surgery,Retractors,yes,41,"short-desc"
01-104-21,"Virchow knife",Surgical,Autopsy. Cartilage. Post Mortem Knives,yes,62,"generic-category"
02-112-14,"Deaver Scissors",General Surgery,Retractors,yes,34,"short-desc"
01-112-07,"Amputating knife",Surgical,Amputating. Cartilage. Autopsy Knives. Interosseous Knives,yes,51,"generic-category"
02-148-16,"Mayo-Noble Dissecting Scissors",General Surgery,Scissors,yes,49,"short-desc"
02-138-14,"Mayo Dissecting Scissors",General Surgery,Scissors,yes,41,"short-desc"
02-188-20,"Sims Gynecology Scissors Curved",General Surgery,Scissors,yes,47,"short-desc"
01-176-03,"Angled Scalpel Handle",Surgical,calpel Handle,yes,52,"generic-category"
02-198-14,"Wertheim Gynecology Scissors",Ophthalmology,Scissors,yes,45,"short-desc"
06-266-06,"Volkmann Retractor",General Surgery,Retractors,yes,41,"short-desc"
06-266-08,"Volkmann Retractor",General Surgery,Retractors,yes,41,"short-desc"
06-268-02,"Volkmann Retractor",General Surgery,Retractors,yes,41,"short-desc"
06-268-04,"Volkmann Retractor",General Surgery,Retractors,yes,41,"short-desc"
06-268-06,"Volkmann Retractor",General Surgery,Retractors,yes,41,"short-desc"
06-268-08,"Volkmann Retractor",General Surgery,Retractors,yes,41,"short-desc"
06-270-02,"Volkmann Retractor",General Surgery,Retractors,yes,46,"short-desc"
06-270-03,"Volkmann Retractor",General Surgery,Retractors,yes,46,"short-desc"
06-270-04,"Volkmann Retractor",General Surgery,Retractors,yes,46,"short-desc"
06-270-06,"Volkmann Retractor",General Surgery,Retractors,yes,46,"short-desc"
06-272-02,"Kocher Retractor",General Surgery,Hemostatic Forceps,yes,39,"short-desc"
01-110-05,"Amputating knife",Surgical,Amputating. Cartilage. Autopsy Knives. Interosseous Knives,yes,69,"generic-category"
06-268-03,"Volkmann Retractor",General Surgery,Retractors,yes,41,"short-desc"
06-272-04,"Kocher Retractor",General Surgery,Hemostatic Forceps,yes,39,"short-desc"
02-136-14,"Mayo Dissecting Scissors",General Surgery,Scissors,yes,43,"short-desc"
02-150-16,"Mayo-Noble Dissecting Scissors",General Surgery,Scissors,yes,47,"short-desc"
01-154-09,"Troutman-Chris Blade Holder / Blade Breaker",Surgical,Blade Holders / Blade Breakers,yes,69,"generic-category"
01-174-03,"Straight Scalpel Handle",Surgical,calpel Handle,yes,54,"generic-category"
01-206-32,"Dermatomes",Plastic Surgery,Dermatomes,yes,45,"short-desc"
02-192-24,"Sims-Siebold Gynecology Scissors",General Surgery,Scissors,yes,49,"short-desc"
06-272-06,"Kocher Retractor",General Surgery,Hemostatic Forceps,yes,39,"short-desc"
06-272-08,"Kocher Retractor",General Surgery,Hemostatic Forceps,yes,39,"short-desc"
06-274-02,"Kocher Retractor",General Surgery,Hemostatic Forceps,yes,39,"short-desc"
06-274-03,"Kocher Retractor",General Surgery,Hemostatic Forceps,yes,39,"short-desc"
06-274-06,"Kocher Retractor",General Surgery,Hemostatic Forceps,yes,39,"short-desc"
06-274-08,"Kocher Retractor",General Surgery,Hemostatic Forceps,yes,39,"short-desc"
06-275-02,"Kocher Retractor",General Surgery,Hemostatic Forceps,yes,44,"short-desc"
06-275-03,"Kocher Retractor",General Surgery,Hemostatic Forceps,yes,44,"short-desc"
06-275-04,"Kocher Retractor",General Surgery,Hemostatic Forceps,yes,44,"short-desc"
06-275-06,"Kocher Retractor",General Surgery,Hemostatic Forceps,yes,44,"short-desc"
06-292-02,"Langenbeck Retractor",General Surgery,Retractors,yes,39,"short-desc"
01-116-19,"Amputating knife",Surgical,Amputating. Cartilage. Autopsy Knives. Interosseous Knives,yes,53,"generic-category"
02-170-09,"Iris scissors",General Surgery,Scissors,yes,29,"short-desc"
02-176-12,"Wagner Operating scissors",General Surgery,Scissors,yes,40,"short-desc"
06-294-02,"Langenbeck Retractor",General Surgery,Retractors,yes,39,"short-desc"
02-124-15,"Jameson Dissecting Scissors",General Surgery,Scissors,yes,42,"short-desc"
01-160-13,"Castroviejo Blade Holder / Blade Breaker",Surgical,Blade Holders / Blade Breakers,yes,65,"generic-category"
02-194-18,"Doyen Gynecology Scissors",Ophthalmology,Scissors,yes,44,"short-desc"
06-292-04,"Langenbeck Retractor",General Surgery,Retractors,yes,39,"short-desc"
06-292-05,"Langenbeck Retractor",General Surgery,Retractors,yes,39,"short-desc"
06-294-03,"Langenbeck Retractor",General Surgery,Retractors,yes,39,"short-desc"
06-294-04,"Langenbeck Retractor",General Surgery,Retractors,yes,39,"short-desc"
06-294-05,"Langenbeck Retractor",General Surgery,Retractors,yes,39,"short-desc"
06-304-02,"Kocher Retractor",General Surgery,Hemostatic Forceps,yes,35,"short-desc"
06-304-03,"Kocher Retractor",General Surgery,Hemostatic Forceps,yes,35,"short-desc"
06-304-04,"Kocher Retractor",General Surgery,Hemostatic Forceps,yes,35,"short-desc"
06-304-05,"Kocher Retractor",General Surgery,Hemostatic Forceps,yes,35,"short-desc"
06-304-06,"Kocher Retractor",General Surgery,Hemostatic Forceps,yes,35,"short-desc"
06-304-07,"Kocher Retractor",General Surgery,Hemostatic Forceps,yes,35,"short-desc"
01-114-08,"Amputating knife",Surgical,Amputating. Cartilage. Autopsy Knives. Interosseous Knives,yes,50,"generic-category"
06-306-03,"Sauerbruch Retractor",General Surgery,Retractors,yes,41,"short-desc"
02-180-14,"Joseph Operating scissors",General Surgery,Scissors,yes,42,"short-desc"
06-304-01,"Kocher Retractor",General Surgery,Hemostatic Forceps,yes,35,"short-desc"
02-126-18,"Thorek Dissecting Scissors",General Surgery,Scissors,yes,43,"short-desc"
06-308-02,"Kocher-Langenbeck Retractor",General Surgery,Hemostatic Forceps,yes,47,"short-desc"
06-306-01,"Sauerbruch Retractor",General Surgery,Retractors,yes,41,"short-desc"
06-306-02,"Sauerbruch Retractor",General Surgery,Retractors,yes,41,"short-desc"
06-308-04,"Kocher-Langenbeck Retractor",General Surgery,Hemostatic Forceps,yes,48,"short-desc"
06-308-06,"Kocher-Langenbeck Retractor",General Surgery,Hemostatic Forceps,yes,48,"short-desc"
06-308-07,"Kocher-Langenbeck Retractor",General Surgery,Hemostatic Forceps,yes,48,"short-desc"
06-308-08,"Kocher-Langenbeck Retractor",General Surgery,Hemostatic Forceps,yes,48,"short-desc"
06-308-09,"Kocher-Langenbeck Retractor",General Surgery,Hemostatic Forceps,yes,48,"short-desc"
06-308-05,"Kocher-Langenbeck Retractor",General Surgery,Hemostatic Forceps,yes,48,"short-desc"
28-394-12,"Urinal Female",Urology,Catheters,yes,22,"short-desc"
28-390-00,"Male Urinal",Sterilization & Holloware,Containers,yes,11,"short-desc"
28-422-01,"Sterilizing Drum",Sterilization & Holloware,Containers,yes,30,"short-desc"
02-174-12,"Wagner Operating scissors",General Surgery,Scissors,yes,42,"short-desc"
02-146-15,"Mayo-Stille Dissecting Scissors",General Surgery,Scissors,yes,46,"short-desc"
06-308-01,"Kocher-Langenbeck Retractor",General Surgery,Hemostatic Forceps,yes,47,"short-desc"
02-120-10,"Dissecting Scissors",General Surgery,Scissors,yes,48,"short-desc"
02-164-12,"Olivecrona Trigeminal Scissors",Ophthalmology,Scissors,yes,37,"short-desc"
28-350-25,"Ointment Jar",Sterilization & Holloware,Jars,yes,34,"short-desc"
02-186-20,"Sims Gynecology Scissors Straight",General Surgery,Scissors,yes,49,"short-desc"
06-310-03,"Kocher-Langenbeck Retractor",General Surgery,Hemostatic Forceps,yes,48,"short-desc"
28-410-20,"Compartmental Tray",Dental,Restorative,yes,37,"short-desc"
01-124-29,"Liston",Surgical,Amputation. Operating. Cataract. Resection Knives,yes,53,"generic-category"
28-320-27,"Cheatle Sterilizing Forceps",ENT,Ear & Nasal Forceps,yes,34,"short-desc"
06-310-08,"Kocher-Langenbeck Retractor",General Surgery,Hemostatic Forceps,yes,48,"short-desc"
06-312-00,"Mini-Zenker Retractor",General Surgery,Retractors,yes,39,"short-desc"
06-310-07,"Kocher-Langenbeck Retractor",General Surgery,Hemostatic Forceps,yes,48,"short-desc"
06-312-02,"Mini-Zenker Retractor",General Surgery,Retractors,yes,37,"short-desc"
06-312-04,"Mini-Zenker Retractor",General Surgery,Retractors,yes,37,"short-desc"
06-312-05,"Mini-Zenker Retractor",General Surgery,Retractors,yes,38,"short-desc"
06-316-02,"Dockhorn Retractor",General Surgery,Retractors,yes,37,"short-desc"
06-310-01,"Kocher-Langenbeck Retractor",General Surgery,Hemostatic Forceps,yes,48,"short-desc"
06-324-01,"Kocher Retractor",General Surgery,Hemostatic Forceps,yes,35,"short-desc"
06-326-02,"Middeldorpf Retractor",General Surgery,Retractors,yes,40,"short-desc"
06-324-02,"Kocher Retractor",General Surgery,Hemostatic Forceps,yes,35,"short-desc"
06-326-03,"Middeldorpf Retractor",General Surgery,Retractors,yes,40,"short-desc"
06-330-03,"Richardson Retractor",General Surgery,Retractors,yes,39,"short-desc"
06-334-02,"Morris Retractor",General Surgery,Retractors,yes,37,"short-desc"
06-334-03,"Morris Retractor",General Surgery,Retractors,yes,37,"short-desc"
06-338-02,"Hosel Retractor",General Surgery,Retractors,yes,34,"short-desc"
06-312-01,"Mini-Zenker Retractor",General Surgery,Retractors,yes,34,"short-desc"
06-312-03,"Mini-Zenker Retractor",General Surgery,Retractors,yes,37,"short-desc"
06-324-03,"Kocher Retractor",General Surgery,Hemostatic Forceps,yes,35,"short-desc"
06-330-02,"Richardson Retractor",General Surgery,Retractors,yes,39,"short-desc"
28-318-00,"Thermometer Jar",Sterilization & Holloware,Jars,yes,30,"short-desc"
06-340-01,"Doyen-Stille Retractor",General Surgery,Retractors,yes,41,"short-desc"
06-340-03,"Doyen-Stille Retractor",General Surgery,Retractors,yes,42,"short-desc"
06-344-02,"Middeldorpf Retractor",General Surgery,Retractors,yes,40,"short-desc"
06-344-03,"Middeldorpf Retractor",General Surgery,Retractors,yes,40,"short-desc"
06-346-01,"Fritsch Retractor",General Surgery,Retractors,yes,36,"short-desc"
06-346-02,"Fritsch Retractor",General Surgery,Retractors,yes,36,"short-desc"
06-346-03,"Fritsch Retractor",General Surgery,Retractors,yes,36,"short-desc"
06-346-04,"Fritsch Retractor",General Surgery,Retractors,yes,38,"short-desc"
06-346-05,"Fritsch Retractor",General Surgery,Retractors,yes,38,"short-desc"
06-350-02,"Kocher Retractor",General Surgery,Hemostatic Forceps,yes,35,"short-desc"
06-352-25,"Doyen Retractor",General Surgery,Retractors,yes,34,"short-desc"
06-354-02,"Meyerding Retractor",General Surgery,Retractors,yes,38,"short-desc"
06-354-03,"Meyerding Retractor",General Surgery,Retractors,yes,40,"short-desc"
06-358-02,"Simon Aorta Retractor",General Surgery,Retractors,yes,41,"short-desc"
06-360-02,"Coryllos Retractor",General Surgery,Retractors,yes,38,"short-desc"
06-360-03,"Coryllos Retractor",General Surgery,Retractors,yes,38,"short-desc"
06-370-02,"Brunner Retractor",General Surgery,Retractors,yes,39,"short-desc"
06-370-03,"Brunner Retractor",General Surgery,Retractors,yes,39,"short-desc"
06-370-04,"Brunner Retractor",General Surgery,Retractors,yes,39,"short-desc"
06-338-05,"Hosel Retractor",General Surgery,Retractors,yes,35,"short-desc"
06-338-06,"Hosel Retractor",General Surgery,Retractors,yes,35,"short-desc"
28-340-08,"Buckets with Lid",Diagnostic,Reflex Hammers,yes,22,"short-desc"
06-382-02,"Deaver Retractor",General Surgery,Retractors,yes,32,"short-desc"
06-380-02,"Harrington Retractor",General Surgery,Retractors,yes,40,"short-desc"
06-382-08,"Deaver Retractor",General Surgery,Retractors,yes,32,"short-desc"
06-384-08,"Deaver Retractor",General Surgery,Retractors,yes,45,"short-desc"
06-384-04,"Deaver Retractor",General Surgery,Retractors,yes,45,"short-desc"
11-315-21,"Rhoton-Type Needle Holder",General Surgery,Needle Holders,yes,42,"short-desc"
06-370-07,"Brunner Retractor",General Surgery,Retractors,yes,39,"short-desc"
06-370-06,"Brunner Retractor",General Surgery,Retractors,yes,39,"short-desc"
27-294-19,"Marchac Suction Dissector",General Surgery,Suction Tubes,yes,32,"short-desc"
27-168-01,"Obwegesser Wire Twisting Forceps &#8211; TC GOLD",ENT,Ear & Nasal Forceps,yes,49,"short-desc"
06-382-07,"Deaver Retractor",General Surgery,Retractors,yes,30,"short-desc"
28-216-01,"Dressing Jars / Cotton Containers",General Surgery,Tissue Forceps,yes,45,"short-desc"
27-186-05,"Tessier Osteotome",Orthopedic,Osteotomes & Chisels,yes,38,"short-desc"
27-148-08,"Obwegesser Tuberosity Osteotome",Orthopedic,Osteotomes & Chisels,yes,44,"short-desc"
27-136-05,"Obwegesser ramus periosteal elevator",Orthopedic,Periosteal Elevators,yes,49,"short-desc"
27-126-21,"Obwegesser Periosteal Elevator",Orthopedic,Periosteal Elevators,yes,43,"short-desc"
27-184-02,"Tessier Osteotome",Orthopedic,Osteotomes & Chisels,yes,40,"short-desc"
06-382-09,"Deaver Retractor",General Surgery,Retractors,yes,32,"short-desc"
06-372-04,"Brunner Retractor",General Surgery,Retractors,yes,39,"short-desc"
06-372-02,"Brunner Retractor",General Surgery,Retractors,yes,39,"short-desc"
25-408-18,"Hargis Periform rim retractor",General Surgery,Retractors,yes,38,"short-desc"
25-398-18,"Hargis anterior border stripper",Cardiovascular,Vein Strippers,yes,40,"short-desc"
25-390-16,"Hargis lip and cheek retractor",General Surgery,Retractors,yes,37,"short-desc"
06-382-03,"Deaver Retractor",General Surgery,Retractors,yes,32,"short-desc"
24-256-01,"Ballenger Septum Gouge",General Surgery,Sponge Forceps,yes,35,"short-desc"
24-402-13,"Tieck &#8211; Halle Nasal Speculum",ENT,Ear & Nasal Speculums,yes,49,"short-desc"
24-254-16,"Freer Septum Gouge",Orthopedic,Osteotomes & Chisels,yes,31,"short-desc"
06-372-03,"Brunner Retractor",General Surgery,Retractors,yes,39,"short-desc"
06-382-04,"Deaver Retractor",General Surgery,Retractors,yes,32,"short-desc"
06-382-05,"Deaver Retractor",General Surgery,Retractors,yes,32,"short-desc"
06-384-10,"Deaver Retractor",General Surgery,Retractors,yes,46,"short-desc"
06-372-05,"Brunner Retractor",General Surgery,Retractors,yes,39,"short-desc"
06-382-10,"Deaver Retractor",General Surgery,Retractors,yes,30,"short-desc"
24-350-14,"Cottle-Neivert Alar Hooklet",Neurosurgery,Nerve Hooks,yes,36,"short-desc"
25-410-22,"Hargis Pterygoid osteotome",Orthopedic,Osteotomes & Chisels,yes,33,"short-desc"
25-382-04,"Epker Osteotome",Orthopedic,Osteotomes & Chisels,yes,45,"short-desc"
25-190-21,"Eckelt extra oral retractors",General Surgery,Retractors,yes,35,"short-desc"
25-180-17,"Collin Tongue holding forceps",ENT,Ear & Nasal Forceps,yes,36,"short-desc"
06-388-02,"Mikulicz Retractor",General Surgery,Retractors,yes,38,"short-desc"
06-406-02,"Kader Abdominal Spatula",Neurosurgery,Micro Instruments,yes,37,"short-desc"
06-408-03,"Rochard Abdominal Retractor",General Surgery,Retractors,yes,47,"short-desc"
06-408-05,"Rochard Abdominal Retractor",General Surgery,Retractors,yes,47,"short-desc"
06-412-02,"Doyen Abdominal Retractor",General Surgery,Retractors,yes,45,"short-desc"
06-372-06,"Brunner Retractor",General Surgery,Retractors,yes,39,"short-desc"
24-230-19,"Ballenger-Hajek Septum Elevator",General Surgery,Sponge Forceps,yes,46,"short-desc"
06-390-02,"Mikulicz Liver Retractor",General Surgery,Retractors,yes,44,"short-desc"
25-404-23,"Hargis Perisoteal elevator",Orthopedic,Periosteal Elevators,yes,49,"short-desc"
24-342-11,"Converse Alar hooklet",Neurosurgery,Nerve Hooks,yes,37,"short-desc"
06-394-02,"Kelly Retractor",General Surgery,Hemostatic Forceps,yes,35,"short-desc"
06-412-03,"Doyen Abdominal Retractor",General Surgery,Retractors,yes,45,"short-desc"
06-406-03,"Kader Abdominal Spatula",Neurosurgery,Micro Instruments,yes,37,"short-desc"
06-408-04,"Rochard Abdominal Retractor",General Surgery,Retractors,yes,47,"short-desc"
06-388-03,"Mikulicz Retractor",General Surgery,Retractors,yes,38,"short-desc"
06-540-25,"Henley Retractor",General Surgery,Retractors,yes,38,"short-desc"
24-248-21,"Joseph-Masing Periosteal Elevator",Orthopedic,Periosteal Elevators,yes,48,"short-desc"
23-482-16,"Jansen Ear curette",General Surgery,Tissue Forceps,yes,32,"short-desc"
24-310-01,"Joseph Bone file",Orthopedic,Periosteal Elevators,yes,34,"short-desc"
24-274-01,"Rubin Osteotome",Orthopedic,Osteotomes & Chisels,yes,31,"short-desc"
24-208-01,"McKenty Septum elevator",Orthopedic,Periosteal Elevators,yes,36,"short-desc"
25-182-15,"Young Tongue holding forceps",ENT,Ear & Nasal Forceps,yes,35,"short-desc"
23-480-01,"Shapleigh Ear curette",Orthopedic,Bone Curettes,yes,36,"short-desc"
23-442-02,"Citelli Mastoid Rongeur",Orthopedic,Rongeurs,yes,49,"short-desc"
24-188-16,"Converse Rhinoplastic Knife",Plastic Surgery,Dermatomes,yes,34,"short-desc"
23-512-16,"Buck Paracentesis Needle",Diagnostic,Reflex Hammers,yes,31,"short-desc"
23-498-16,"Hartmann Ear hooklet",Neurosurgery,Nerve Hooks,yes,27,"short-desc"
25-230-08,"Obwegeser Channel retractor",General Surgery,Retractors,yes,40,"short-desc"
22-116-01,"Bowman Lacrimal Probe / 000",General Surgery,Probes,yes,45,"short-desc"
20-254-33,"Sims Uterine Sound",General Surgery,Scissors,yes,32,"short-desc"
06-540-19,"Henley Retractor",General Surgery,Retractors,yes,38,"short-desc"
06-540-32,"Henley Retractor",General Surgery,Retractors,yes,38,"short-desc"
22-102-17,"Trowel knife",Plastic Surgery,Dermatomes,yes,32,"short-desc"
21-208-18,"Doyen Polypus and Ovum Forceps",ENT,Ear & Nasal Forceps,yes,39,"short-desc"
20-264-26,"Braun Uterine Tenaculum Forceps",General Surgery,Scissors,yes,38,"short-desc"
18-272-15,"Sims Rectal Speculum",General Surgery,Scissors,yes,48,"short-desc"
22-114-01,"Bowman Lacrimal Probe / 000",General Surgery,Probes,yes,45,"short-desc"
18-276-20,"Pratt Rectal Speculum",ENT,Ear & Nasal Speculums,yes,49,"short-desc"
11-426-18,"Diethrich Ryder Needle Holder",General Surgery,Needle Holders,yes,42,"short-desc"
11-426-26,"Diethrich Ryder Needle Holder",General Surgery,Needle Holders,yes,42,"short-desc"
21-170-30,"Smellie Obstetrical Hook",Neurosurgery,Nerve Hooks,yes,33,"short-desc"
20-268-28,"Duplay Uterine Tenaculum Forceps",ENT,Ear & Nasal Forceps,yes,39,"short-desc"
06-584-01,"Scoville-Richte Retractor",General Surgery,Retractors,yes,48,"short-desc"
06-584-03,"Scoville-Richte Retractor",General Surgery,Retractors,yes,48,"short-desc"
20-530-20,"Asch Uterine Secretion Scoop",Gynecology,Dilators & Sounds,yes,49,"short-desc"
20-276-26,"Iowa Uterine Tenaculum Forceps",ENT,Ear & Nasal Forceps,yes,48,"short-desc"
20-269-25,"Collin Uterine Tenaculum Forceps",ENT,Ear & Nasal Forceps,yes,39,"short-desc"
18-262-20,"Wikstroem Multi-Purpose Clamp",General Surgery,Clamps,yes,38,"short-desc"
18-172-16,"Allen Intestinal Clamp",General Surgery,Clamps,yes,40,"short-desc"
18-106-15,"Allis Intestinal Forceps",ENT,Ear & Nasal Forceps,yes,42,"short-desc"
06-584-04,"Scoville-Richte Retractor",General Surgery,Retractors,yes,48,"short-desc"
06-606-90,"Gosset Retractor",General Surgery,Retractors,yes,46,"short-desc"
06-596-01,"Ricard Abdominal Retractor",General Surgery,Retractors,yes,42,"short-desc"
07-100-14,"Grooved Director",General Surgery,Probes,yes,25,"short-desc"
06-646-03,"Abdominal Spatula",Neurosurgery,Micro Instruments,yes,42,"short-desc"
07-120-14,"Probe",General Surgery,Probes,yes,32,"short-desc"
07-122-16,"Myrtle Leaf Probe",General Surgery,Probes,yes,34,"short-desc"
07-124-14,"Myrtle Leaf Probe",General Surgery,Probes,yes,34,"short-desc"
07-124-18,"Myrtle Leaf Probe",General Surgery,Probes,yes,32,"short-desc"
07-126-14,"Probe",General Surgery,Probes,yes,22,"short-desc"
19-180-08,"Dittel Urethral bougies and dilating sound",Surgical,Liver.GallBladde.KidneyandUrology,yes,61,"generic-category"
15-345-19,"PBI Nerve and Dura Hook",Neurosurgery,Nerve Hooks,yes,41,"short-desc"
15-320-26,"Dissector",ENT,Mouth & Throat,yes,29,"short-desc"
15-158-06,"Caspar Nerve Root Retractor",General Surgery,Retractors,yes,42,"short-desc"
14-536-16,"Pediatric Vascular Clamp",Cardiovascular,Vascular Clamps,yes,45,"short-desc"
14-364-26,"DeBakay Aortic Aneurysm Clamp",Cardiovascular,Vascular Clamps,yes,48,"short-desc"
15-318-26,"Curette (rigid)",Orthopedic,Bone Curettes,yes,30,"short-desc"
13-978-20,"Bone Hook",Neurosurgery,Nerve Hooks,yes,30,"short-desc"
13-866-18,"Jansen Bone Rongeur",General Surgery,Tissue Forceps,yes,40,"short-desc"
07-100-16,"Grooved Director",General Surgery,Probes,yes,23,"short-desc"
06-646-02,"Abdominal Spatula",Neurosurgery,Micro Instruments,yes,42,"short-desc"
07-120-16,"Probe",General Surgery,Probes,yes,30,"short-desc"
07-122-14,"Myrtle Leaf Probe",General Surgery,Probes,yes,36,"short-desc"
07-124-16,"Myrtle Leaf Probe",General Surgery,Probes,yes,32,"short-desc"
07-124-20,"Myrtle Leaf Probe",General Surgery,Probes,yes,32,"short-desc"
07-126-13,"Probe",General Surgery,Probes,yes,20,"short-desc"
07-126-16,"Probe",General Surgery,Probes,yes,20,"short-desc"
07-126-20,"Probe",General Surgery,Probes,yes,20,"short-desc"
07-128-14,"Probe",General Surgery,Probes,yes,24,"short-desc"
07-128-18,"Probe",General Surgery,Probes,yes,22,"short-desc"
07-128-25,"Probe",General Surgery,Probes,yes,22,"short-desc"
07-130-13,"Probe",General Surgery,Probes,yes,20,"short-desc"
07-130-16,"Probe",General Surgery,Probes,yes,20,"short-desc"
07-130-20,"Probe",General Surgery,Probes,yes,20,"short-desc"
07-130-30,"Probe",General Surgery,Probes,yes,20,"short-desc"
13-858-15,"Luer Bone Rongeur",Orthopedic,Rongeurs,yes,32,"short-desc"
13-969-16,"Penner Nail Extracting Forceps",ENT,Ear & Nasal Forceps,yes,37,"short-desc"
13-956-14,"Bohler Bone Cutting Forceps",Orthopedic,Bone Cutters,yes,36,"short-desc"
07-130-18,"Probe",General Surgery,Probes,yes,20,"short-desc"
13-862-15,"Blumenthal Bone Rongeur",Orthopedic,Rongeurs,yes,38,"short-desc"
07-130-25,"Probe",General Surgery,Probes,yes,20,"short-desc"
07-138-03,"Probe",General Surgery,Probes,yes,22,"short-desc"
07-158-03,"Vollmar Ring Stripper",Cardiovascular,Vein Strippers,yes,36,"short-desc"
07-158-06,"Vollmar Ring Stripper",Cardiovascular,Vein Strippers,yes,36,"short-desc"
07-158-08,"Vollmar Ring Stripper",Cardiovascular,Vein Strippers,yes,36,"short-desc"
07-158-12,"Vollmar Ring Stripper",Cardiovascular,Vein Strippers,yes,37,"short-desc"
07-184-02,"Varady Phlebodissector",ENT,Mouth & Throat,yes,28,"short-desc"
07-184-04,"Varady Phlebodissector",ENT,Mouth & Throat,yes,29,"short-desc"
07-184-06,"Varady Phlebodissector",ENT,Mouth & Throat,yes,33,"short-desc"
13-770-18,"Lewin Bone Holding Forceps",Orthopedic,Bone Clamps,yes,33,"short-desc"
07-128-16,"Probe",General Surgery,Probes,yes,22,"short-desc"
07-128-20,"Probe",General Surgery,Probes,yes,22,"short-desc"
07-130-14,"Probe",General Surgery,Probes,yes,22,"short-desc"
07-158-14,"Vollmar Ring Stripper",Cardiovascular,Vein Strippers,yes,37,"short-desc"
07-158-04,"Vollmar Ring Stripper",Cardiovascular,Vein Strippers,yes,36,"short-desc"
13-860-15,"Blumenthal Bone Rongeur",Orthopedic,Rongeurs,yes,36,"short-desc"
07-158-10,"Vollmar Ring Stripper",Cardiovascular,Vein Strippers,yes,37,"short-desc"
07-184-03,"Varady Phlebodissector",ENT,Mouth & Throat,yes,28,"short-desc"
07-184-05,"Varady Phlebodissector",ENT,Mouth & Throat,yes,34,"short-desc"
07-158-07,"Vollmar Ring Stripper",Cardiovascular,Vein Strippers,yes,36,"short-desc"
13-856-15,"Luer Bone Rongeur",Orthopedic,Rongeurs,yes,30,"short-desc"
13-500-01,"Semb Periosteal Elevator",Orthopedic,Periosteal Elevators,yes,46,"short-desc"
13-744-15,"Tendon interlacing forceps",ENT,Ear & Nasal Forceps,yes,42,"short-desc"
13-852-17,"Stellbrink Synovcetomy Rongeur",Orthopedic,Rongeurs,yes,43,"short-desc"
13-350-18,"Heath Bone Mallet",Orthopedic,Mallets,yes,42,"short-desc"
13-294-28,"Cobb gouge",Orthopedic,Osteotomes & Chisels,yes,23,"short-desc"
13-348-24,"Ombredanne Bone Mallet",Orthopedic,Mallets,yes,38,"short-desc"
13-368-19,"Bone Mallet",Orthopedic,Mallets,yes,43,"short-desc"
09-210-02,"Yankauer Suction Tube",General Surgery,Suction Tubes,yes,41,"short-desc"
09-232-02,"Frazier Suction Cannula",General Surgery,Suction Tubes,yes,42,"short-desc"
11-280-23,"Jameson Needle Holder",General Surgery,Needle Holders,yes,28,"short-desc"
09-210-15,"Yankauer Suction Tube",General Surgery,Suction Tubes,yes,39,"short-desc"
09-225-05,"Fergusson Suction Cannula",General Surgery,Suction Tubes,yes,39,"short-desc"
09-232-03,"Frazier Suction Cannula",General Surgery,Suction Tubes,yes,40,"short-desc"
09-232-05,"Frazier Suction Cannula",General Surgery,Suction Tubes,yes,42,"short-desc"
11-252-13,"Crile-Wood Needle Holder",General Surgery,Hemostatic Forceps,yes,45,"short-desc"
09-210-01,"Yankauer Suction Tube",General Surgery,Suction Tubes,yes,31,"short-desc"
09-232-07,"Frazier Suction Cannula",General Surgery,Suction Tubes,yes,40,"short-desc"
11-278-20,"Heaney Needle Holder",General Surgery,Needle Holders,yes,29,"short-desc"
11-272-16,"Mayo-Hegar Needle Holder",General Surgery,Scissors,yes,49,"short-desc"
11-254-15,"Crile-Wood Needle Holder",General Surgery,Hemostatic Forceps,yes,31,"short-desc"
07-160-11,"Handle for Vollmar Ring Stripper",Cardiovascular,Vein Strippers,yes,41,"short-desc"
09-232-04,"Frazier Suction Cannula",General Surgery,Suction Tubes,yes,42,"short-desc"
09-238-02,"Nasal Suction Tube",General Surgery,Suction Tubes,yes,37,"short-desc"
09-304-04,"Frazier Suction Tube",General Surgery,Suction Tubes,yes,35,"short-desc"
09-306-03,"Frazier Suction Tube",General Surgery,Suction Tubes,yes,37,"short-desc"
09-232-01,"Frazier Suction Cannula",General Surgery,Suction Tubes,yes,40,"short-desc"
09-246-03,"Zoellner Suction Cannula",General Surgery,Suction Tubes,yes,47,"short-desc"
09-246-04,"Zoellner Suction Cannula",General Surgery,Suction Tubes,yes,47,"short-desc"
09-306-04,"Frazier Suction Tube",General Surgery,Suction Tubes,yes,35,"short-desc"
09-304-02,"Frazier Suction Tube",General Surgery,Suction Tubes,yes,37,"short-desc"
09-304-03,"Frazier Suction Tube",General Surgery,Suction Tubes,yes,37,"short-desc"
09-246-02,"Zoellner Suction Cannula",General Surgery,Suction Tubes,yes,47,"short-desc"
09-306-02,"Frazier Suction Tube",General Surgery,Suction Tubes,yes,37,"short-desc"
06-112-13,"Frazier Dura Hook",General Surgery,Suction Tubes,yes,31,"short-desc"
05-154-25,"Bozemann Uterine Dressing Forceps",General Surgery,Tissue Forceps,yes,48,"short-desc"
04-814-08,"Ball + Socket Towel Clamp",General Surgery,Towel Clamps,yes,31,"short-desc"
04-802-05,"Jones Towel Clamp",General Surgery,Towel Clamps,yes,32,"short-desc"
04-812-10,"Lorna Towel Clamp",General Surgery,Towel Clamps,yes,49,"short-desc"
04-778-23,"Moynihan Haemostatic Forceps",ENT,Ear & Nasal Forceps,yes,37,"short-desc"
04-740-01,"Uro-Tangential Tangential Forceps",ENT,Ear & Nasal Forceps,yes,47,"short-desc"
04-546-10,"Hartmann Haemostatic Forceps",ENT,Ear & Nasal Speculums,yes,45,"short-desc"
04-716-16,"Mixter Dissecting / Ligature Forceps",General Surgery,Hemostatic Forceps,yes,43,"short-desc"
04-564-17,"Collin Tumor grasping forceps",Orthopedic,Rasps & Files,yes,36,"short-desc"
04-426-10,"Yasargil Xtended Aneurysm Clip",Neurosurgery,Micro Instruments,yes,47,"short-desc"
03-200-15,"Stille Tissue Forceps",General Surgery,Tissue Forceps,yes,39,"short-desc"
03-542-14,"Oehler Tissue Forceps",General Surgery,Tissue Forceps,yes,45,"short-desc"
03-442-07,"Feilchenfeld Splinter forceps",General Surgery,Tissue Forceps,yes,37,"short-desc"
03-504-12,"Narrow Tissue Forceps",General Surgery,Tissue Forceps,yes,47,"short-desc"
03-440-10,"Hunter Splinter forceps",General Surgery,Tissue Forceps,yes,32,"short-desc"
03-260-12,"Micro-Adson Tissue Forceps",General Surgery,Tissue Forceps,yes,44,"short-desc"
04-362-10,"Yasargil Xtended Aneurysm Clip",Neurosurgery,Micro Instruments,yes,47,"short-desc"
04-342-10,"Yasargil Xtended Aneurysm Clip",Neurosurgery,Micro Instruments,yes,47,"short-desc"
04-338-10,"Yasargil Xtended Aneurysm Clip",Neurosurgery,Micro Instruments,yes,47,"short-desc"
03-170-20,"Gr?enwald Ear forceps",ENT,Ear & Nasal Forceps,yes,37,"short-desc"
25-402-23,"Hargis Perisoteal elevator",Orthopedic,Periosteal Elevators,yes,46,"short-desc"
18-248-31,"Lloyd-Davis Sigmoid Anastomosis Forceps",ENT,Ear & Nasal Forceps,yes,48,"short-desc"
11-266-18,"Adson Needle Holder",General Surgery,Tissue Forceps,yes,49,"short-desc"
03-210-12,"Adson Tissue Forceps",General Surgery,Tissue Forceps,yes,38,"short-desc"
06-292-01,"Langenbeck Retractor",General Surgery,Retractors,yes,39,"short-desc"
03-116-12,"Semken Dissecting Forceps",General Surgery,Tissue Forceps,yes,34,"short-desc"
04-758-19,"Negus Haemostatic forceps",ENT,Ear & Nasal Forceps,yes,42,"short-desc"
06-454-19,"Goelet Retractor",General Surgery,Retractors,yes,47,"short-desc"
13-864-18,"Jansen Bone Rongeur",General Surgery,Tissue Forceps,yes,42,"short-desc"
11-270-18,"Mayo-Hegar Needle Holder",General Surgery,Scissors,yes,31,"short-desc"
11-255-26,"Bozemann Needle Holder",General Surgery,Needle Holders,yes,47,"short-desc"
11-270-26,"Mayo-Hegar Needle Holder",General Surgery,Scissors,yes,31,"short-desc"
01-100-06,"Dissecting Knife",Surgical,Dissecting Knives,yes,63,"generic-category"
01-100-07,"Dissecting Knife",Surgical,Dissecting Knives,yes,63,"generic-category"
01-100-08,"Dissecting Knife",Surgical,Dissecting Knives,yes,63,"generic-category"
01-100-09,"Dissecting Knife",Surgical,Dissecting Knives,yes,63,"generic-category"
01-106-29,"Walb Knife",Surgical,Autopsy. Cartilage. Post Mortem Knives,yes,62,"generic-category"
01-106-31,"Walb Knife",Surgical,Autopsy. Cartilage. Post Mortem Knives,yes,62,"generic-category"
01-108-38,"Virchow knife. with hollow handle Cutting length : 160 mm",Surgical,Autopsy. Cartilage. Post Mortem Knives,yes,64,"generic-category"
01-124-32,"Liston",Surgical,Amputation. Operating. Cataract. Resection Knives,yes,53,"generic-category"
01-208-00,"Dermatomes",Plastic Surgery,Dermatomes,yes,30,"short-desc"
01-100-10,"Dissecting Knife",Surgical,Dissecting Knives,yes,64,"generic-category"
02-116-14,"Incision Scissor",Ophthalmology,Scissors,yes,35,"short-desc"
02-116-16,"Incision Scissor",Ophthalmology,Scissors,yes,35,"short-desc"
02-118-21,"Dissecting Scissors",General Surgery,Scissors,yes,43,"short-desc"
02-120-16,"Dissecting Scissors",General Surgery,Scissors,yes,41,"short-desc"
02-120-21,"Dissecting Scissors",General Surgery,Scissors,yes,41,"short-desc"
02-136-15,"Mayo Dissecting Scissors",General Surgery,Scissors,yes,41,"short-desc"
02-136-17,"Mayo Dissecting Scissors",General Surgery,Scissors,yes,41,"short-desc"
02-136-18,"Mayo Dissecting Scissors",General Surgery,Scissors,yes,41,"short-desc"
02-136-21,"Mayo Dissecting Scissors",General Surgery,Scissors,yes,43,"short-desc"
02-136-23,"Mayo Dissecting Scissors",General Surgery,Scissors,yes,43,"short-desc"
02-138-15,"Mayo Dissecting Scissors",General Surgery,Scissors,yes,39,"short-desc"
02-144-17,"Mayo-Stille Dissecting Scissors",General Surgery,Scissors,yes,48,"short-desc"
02-144-16,"Mayo-Stille Dissecting Scissors",General Surgery,Scissors,yes,48,"short-desc"
02-146-16,"Mayo-Stille Dissecting Scissors",General Surgery,Scissors,yes,46,"short-desc"
02-146-17,"Mayo-Stille Dissecting Scissors",General Surgery,Scissors,yes,46,"short-desc"
02-146-19,"Mayo-Stille Dissecting Scissors",General Surgery,Scissors,yes,48,"short-desc"
02-146-21,"Mayo-Stille Dissecting Scissors",General Surgery,Scissors,yes,48,"short-desc"
02-152-14,"Metzenbaum (Baby) Dissecting Scissors",General Surgery,Scissors,yes,49,"short-desc"
02-152-15,"Metzenbaum (Baby) Dissecting Scissors",General Surgery,Scissors,yes,49,"short-desc"
02-152-18,"Metzenbaum (Baby) Dissecting Scissors",General Surgery,Scissors,yes,47,"short-desc"
02-152-23,"Metzenbaum (Baby) Dissecting Scissors",General Surgery,Scissors,yes,47,"short-desc"
02-154-14,"Metzenbaum (Baby) Dissecting Scissors",General Surgery,Scissors,yes,47,"short-desc"
02-154-15,"Metzenbaum (Baby) Dissecting Scissors",General Surgery,Scissors,yes,47,"short-desc"
02-154-18,"Metzenbaum (Baby) Dissecting Scissors",General Surgery,Scissors,yes,45,"short-desc"
02-154-20,"Metzenbaum (Baby) Dissecting Scissors",General Surgery,Scissors,yes,45,"short-desc"
02-154-23,"Metzenbaum (Baby) Dissecting Scissors",General Surgery,Scissors,yes,45,"short-desc"
02-138-23,"Mayo Dissecting Scissors",General Surgery,Scissors,yes,41,"short-desc"
02-170-10,"Iris scissors",General Surgery,Scissors,yes,29,"short-desc"
02-170-11,"Iris scissors",General Surgery,Scissors,yes,32,"short-desc"
02-170-12,"Iris scissors",General Surgery,Scissors,yes,32,"short-desc"
02-172-10,"Iris scissors",General Surgery,Scissors,yes,28,"short-desc"
02-172-11,"Iris scissors",General Surgery,Scissors,yes,30,"short-desc"
02-172-12,"Iris scissors",General Surgery,Scissors,yes,30,"short-desc"
02-184-23,"Sims Gynecology Scissors Curved",General Surgery,Scissors,yes,47,"short-desc"
02-186-23,"Sims Gynecology Scissors Straight",General Surgery,Scissors,yes,49,"short-desc"
02-188-23,"Sims Gynecology Scissors Curved",General Surgery,Scissors,yes,47,"short-desc"
02-198-20,"Wertheim Gynecology Scissors",Ophthalmology,Scissors,yes,43,"short-desc"
02-198-23,"Wertheim Gynecology Scissors",Ophthalmology,Scissors,yes,42,"short-desc"
02-268-19,"Potts-Smith",General Surgery,Scissors,yes,42,"short-desc"
02-270-19,"Potts-Smith",General Surgery,Scissors,yes,42,"short-desc"
02-272-19,"Potts-Smith",General Surgery,Scissors,yes,42,"short-desc"
02-278-16,"DeBakey",General Surgery,Tissue Forceps,yes,38,"short-desc"
02-282-00,"Coronary Scissors",Ophthalmology,Scissors,yes,47,"short-desc"
02-286-00,"Coronary Scissors",Ophthalmology,Scissors,yes,46,"short-desc"
02-302-22,"Braun-Stadler",General Surgery,Scissors,yes,41,"short-desc"
02-322-12,"Spencer Stitch Scissors",General Surgery,Scissors,yes,40,"short-desc"
02-322-13,"Spencer Stitch Scissors",General Surgery,Scissors,yes,40,"short-desc"
02-332-18,"Buck Stitch Scissors",General Surgery,Scissors,yes,37,"short-desc"
02-362-15,"Micro Scissors",Neurosurgery,Micro Instruments,yes,48,"short-desc"
02-360-15,"Micro Scissors",Neurosurgery,Micro Instruments,yes,48,"short-desc"
02-370-15,"Micro Scissors",Neurosurgery,Micro Instruments,yes,47,"short-desc"
02-378-15,"Micro Scissors",Neurosurgery,Micro Instruments,yes,48,"short-desc"
02-390-15,"Micro Scissors",Neurosurgery,Micro Instruments,yes,49,"short-desc"
02-390-18,"Micro Scissors",Neurosurgery,Micro Instruments,yes,49,"short-desc"
02-404-18,"Micro Scissors",Neurosurgery,Micro Instruments,yes,49,"short-desc"
02-404-21,"Micro Scissors",Neurosurgery,Micro Instruments,yes,49,"short-desc"
02-426-20,"Jacobson Micro Scissors",Neurosurgery,Micro Instruments,yes,42,"short-desc"
02-428-20,"Jacobson Micro Scissors",Neurosurgery,Micro Instruments,yes,40,"short-desc"
02-446-23,"Rhoton-Type Bayonet Micro Scissors",Neurosurgery,Micro Instruments,yes,49,"short-desc"
02-526-23,"Mayo Scissors",General Surgery,Scissors,yes,36,"short-desc"
02-528-17,"Mayo Scissors",General Surgery,Scissors,yes,34,"short-desc"
02-528-23,"Mayo Scissors",General Surgery,Scissors,yes,34,"short-desc"
02-534-21,"Lexer Dissecting scissors",General Surgery,Scissors,yes,48,"short-desc"
02-536-21,"Lexer Dissecting scissors",General Surgery,Scissors,yes,46,"short-desc"
02-526-17,"Mayo Scissors",General Surgery,Scissors,yes,36,"short-desc"
02-582-45,"DeBakey Angled Scissors",General Surgery,Tissue Forceps,yes,43,"short-desc"
02-582-60,"DeBakey Angled Scissors",General Surgery,Tissue Forceps,yes,41,"short-desc"
02-584-45,"DeBakey Angled Scissors",General Surgery,Tissue Forceps,yes,41,"short-desc"
02-584-60,"DeBakey Angled Scissors",General Surgery,Tissue Forceps,yes,41,"short-desc"
03-100-11,"Standard (Thumb) Dissecting Forceps",ENT,Ear & Nasal Forceps,yes,44,"short-desc"
03-100-13,"Standard (Thumb) Dissecting Forceps",ENT,Ear & Nasal Forceps,yes,42,"short-desc"
03-100-14,"Standard (Thumb) Dissecting Forceps",ENT,Ear & Nasal Forceps,yes,44,"short-desc"
03-100-16,"Standard (Thumb) Dissecting Forceps",ENT,Ear & Nasal Forceps,yes,42,"short-desc"
03-100-18,"Standard (Thumb) Dissecting Forceps",ENT,Ear & Nasal Forceps,yes,42,"short-desc"
03-100-20,"Standard (Thumb) Dissecting Forceps",ENT,Ear & Nasal Forceps,yes,42,"short-desc"
03-100-23,"Standard (Thumb) Dissecting Forceps",ENT,Ear & Nasal Forceps,yes,42,"short-desc"
03-100-25,"Standard (Thumb) Dissecting Forceps",ENT,Ear & Nasal Forceps,yes,42,"short-desc"
03-100-30,"Standard (Thumb) Dissecting Forceps",ENT,Ear & Nasal Forceps,yes,44,"short-desc"
03-102-13,"Narrow (Thumb) Dissecting Forceps",ENT,Ear & Nasal Forceps,yes,40,"short-desc"
03-102-14,"Narrow (Thumb) Dissecting Forceps",ENT,Ear & Nasal Forceps,yes,42,"short-desc"
03-102-16,"Narrow (Thumb) Dissecting Forceps",ENT,Ear & Nasal Forceps,yes,40,"short-desc"
03-102-20,"Narrow (Thumb) Dissecting Forceps",ENT,Ear & Nasal Forceps,yes,40,"short-desc"
03-102-23,"Narrow (Thumb) Dissecting Forceps",ENT,Ear & Nasal Forceps,yes,40,"short-desc"
03-102-25,"Narrow (Thumb) Dissecting Forceps",ENT,Ear & Nasal Forceps,yes,40,"short-desc"
02-138-17,"Mayo Dissecting Scissors",General Surgery,Scissors,yes,39,"short-desc"
02-390-21,"Micro Scissors",Neurosurgery,Micro Instruments,yes,49,"short-desc"
03-112-15,"Micro-Adson Dissecting Forceps",General Surgery,Tissue Forceps,yes,47,"short-desc"
03-116-15,"Semken Dissecting Forceps",General Surgery,Tissue Forceps,yes,32,"short-desc"
03-118-17,"Schweden-Modell Dissecting Forceps",ENT,Ear & Nasal Forceps,yes,41,"short-desc"
03-118-20,"Schweden-Modell Dissecting Forceps",ENT,Ear & Nasal Forceps,yes,41,"short-desc"
03-124-21,"Potts-Smith Dissecting Forceps",General Surgery,Scissors,yes,37,"short-desc"
03-124-25,"Potts-Smith Dissecting Forceps",General Surgery,Scissors,yes,37,"short-desc"
03-124-30,"Potts-Smith Dissecting Forceps",General Surgery,Scissors,yes,37,"short-desc"
03-144-20,"Brophy Jaws Dissecting Forceps",ENT,Ear & Nasal Forceps,yes,37,"short-desc"
03-146-12,"English Dissecting Forceps",ENT,Ear & Nasal Forceps,yes,35,"short-desc"
03-146-15,"English Dissecting Forceps",ENT,Ear & Nasal Forceps,yes,33,"short-desc"
03-146-18,"English Dissecting Forceps",ENT,Ear & Nasal Forceps,yes,33,"short-desc"
03-146-20,"English Dissecting Forceps",ENT,Ear & Nasal Forceps,yes,33,"short-desc"
03-148-15,"English Dissecting Forceps",ENT,Ear & Nasal Forceps,yes,40,"short-desc"
03-148-18,"English Dissecting Forceps",ENT,Ear & Nasal Forceps,yes,40,"short-desc"
03-152-20,"DeBakey Atraumatic Dressing Forceps",General Surgery,Tissue Forceps,yes,48,"short-desc"
03-152-24,"DeBakey Atraumatic Dressing Forceps",General Surgery,Tissue Forceps,yes,48,"short-desc"
03-110-15,"Adson Dissecting Forceps",General Surgery,Tissue Forceps,yes,41,"short-desc"
03-188-13,"Standard (Tissue) Forceps",General Surgery,Tissue Forceps,yes,43,"short-desc"
03-188-14,"Standard (Tissue) Forceps",General Surgery,Tissue Forceps,yes,45,"short-desc"
03-188-16,"Standard (Tissue) Forceps",General Surgery,Tissue Forceps,yes,43,"short-desc"
03-188-18,"Standard (Tissue) Forceps",General Surgery,Tissue Forceps,yes,43,"short-desc"
03-188-20,"Standard (Tissue) Forceps",General Surgery,Tissue Forceps,yes,45,"short-desc"
03-188-23,"Standard (Tissue) Forceps",General Surgery,Tissue Forceps,yes,43,"short-desc"
03-188-25,"Standard (Tissue) Forceps",General Surgery,Tissue Forceps,yes,43,"short-desc"
03-188-30,"Standard (Tissue) Forceps",General Surgery,Tissue Forceps,yes,45,"short-desc"
03-190-13,"Tissue Forceps",General Surgery,Tissue Forceps,yes,32,"short-desc"
03-190-14,"Tissue Forceps",General Surgery,Tissue Forceps,yes,34,"short-desc"
03-190-16,"Tissue Forceps",General Surgery,Tissue Forceps,yes,32,"short-desc"
03-190-18,"Tissue Forceps",General Surgery,Tissue Forceps,yes,32,"short-desc"
03-190-20,"Tissue Forceps",General Surgery,Tissue Forceps,yes,34,"short-desc"
03-190-25,"Tissue Forceps",General Surgery,Tissue Forceps,yes,32,"short-desc"
03-196-14,"Tissue Forceps",General Surgery,Tissue Forceps,yes,42,"short-desc"
03-196-16,"Tissue Forceps",General Surgery,Tissue Forceps,yes,40,"short-desc"
03-196-18,"Tissue Forceps",General Surgery,Tissue Forceps,yes,40,"short-desc"
03-196-20,"Tissue Forceps",General Surgery,Tissue Forceps,yes,42,"short-desc"
03-196-23,"Tissue Forceps",General Surgery,Tissue Forceps,yes,40,"short-desc"
03-188-12,"Standard (Tissue) Forceps",General Surgery,Tissue Forceps,yes,43,"short-desc"
03-180-11,"Tr?eltsch Nasal tampon forceps",ENT,Ear & Nasal Forceps,yes,26,"short-desc"
19-182-08,"Dittel Metall bougies and dilating sound",Surgical,Liver.GallBladde.KidneyandUrology,yes,66,"generic-category"
03-208-16,"Graefe Tissue Forceps",General Surgery,Tissue Forceps,yes,39,"short-desc"
03-210-15,"Adson Tissue Forceps",General Surgery,Tissue Forceps,yes,38,"short-desc"
03-212-15,"Semken Tissue Forceps",General Surgery,Tissue Forceps,yes,39,"short-desc"
03-214-20,"Adlerkreutz Tissue Forceps",General Surgery,Tissue Forceps,yes,46,"short-desc"
03-216-20,"Adlerkreutz Tissue Forceps",General Surgery,Tissue Forceps,yes,44,"short-desc"
03-216-25,"Adlerkreutz Tissue Forceps",General Surgery,Tissue Forceps,yes,44,"short-desc"
03-232-16,"Durante Tissue Forceps",General Surgery,Tissue Forceps,yes,29,"short-desc"
03-232-20,"Durante Tissue Forceps",General Surgery,Tissue Forceps,yes,31,"short-desc"
03-232-25,"Durante Tissue Forceps",General Surgery,Tissue Forceps,yes,29,"short-desc"
03-248-17,"Lane Tissue Forceps",General Surgery,Tissue Forceps,yes,39,"short-desc"
03-260-15,"Micro-Adson Tissue Forceps",General Surgery,Tissue Forceps,yes,44,"short-desc"
03-266-08,"Micro Tissue Forceps",General Surgery,Tissue Forceps,yes,42,"short-desc"
03-266-10,"Micro Tissue Forceps",General Surgery,Tissue Forceps,yes,40,"short-desc"
03-270-21,"Potts-Smith Tissue Forceps",General Surgery,Scissors,yes,44,"short-desc"
03-270-25,"Potts-Smith Tissue Forceps",General Surgery,Scissors,yes,44,"short-desc"
03-270-30,"Potts-Smith Tissue Forceps",General Surgery,Scissors,yes,44,"short-desc"
03-208-14,"Graefe Tissue Forceps",General Surgery,Tissue Forceps,yes,41,"short-desc"
03-208-13,"Graefe Tissue Forceps",General Surgery,Tissue Forceps,yes,39,"short-desc"
03-356-18,"Micro Forceps",Neurosurgery,Micro Instruments,yes,49,"short-desc"
03-360-18,"Micro Forceps",Neurosurgery,Micro Instruments,yes,47,"short-desc"
11-255-24,"Bozemann Needle Holder",General Surgery,Needle Holders,yes,47,"short-desc"
03-368-18,"Micro Forceps",Neurosurgery,Micro Instruments,yes,47,"short-desc"
03-366-18,"Micro Forceps",Neurosurgery,Micro Instruments,yes,49,"short-desc"
03-366-21,"Micro Forceps",Neurosurgery,Micro Instruments,yes,49,"short-desc"
03-368-21,"Micro Forceps",Neurosurgery,Micro Instruments,yes,47,"short-desc"
03-415-13,"Jeweler Type Forceps",ENT,Ear & Nasal Forceps,yes,29,"short-desc"
03-442-09,"Feilchenfeld Splinter forceps",General Surgery,Tissue Forceps,yes,35,"short-desc"
03-442-11,"Feilchenfeld Splinter forceps",General Surgery,Tissue Forceps,yes,38,"short-desc"
03-500-16,"Standard Dissecting Forceps",ENT,Ear & Nasal Forceps,yes,40,"short-desc"
03-500-18,"Standard Dissecting Forceps",ENT,Ear & Nasal Forceps,yes,40,"short-desc"
03-500-20,"Standard Dissecting Forceps",ENT,Ear & Nasal Forceps,yes,40,"short-desc"
03-500-25,"Standard Dissecting Forceps",ENT,Ear & Nasal Forceps,yes,40,"short-desc"
03-500-30,"Standard Dissecting Forceps",ENT,Ear & Nasal Forceps,yes,40,"short-desc"
03-502-16,"Standard Tissue Forceps",General Surgery,Tissue Forceps,yes,47,"short-desc"
03-502-18,"Standard Tissue Forceps",General Surgery,Tissue Forceps,yes,47,"short-desc"
03-510-15,"Adson Tissue Forceps",General Surgery,Tissue Forceps,yes,44,"short-desc"
03-530-18,"Potts-Smith Dissecting Forceps",General Surgery,Scissors,yes,43,"short-desc"
03-530-20,"Potts-Smith Dissecting Forceps",General Surgery,Scissors,yes,43,"short-desc"
03-542-16,"Oehler Tissue Forceps",General Surgery,Tissue Forceps,yes,45,"short-desc"
03-542-18,"Oehler Tissue Forceps",General Surgery,Tissue Forceps,yes,45,"short-desc"
03-542-20,"Oehler Tissue Forceps",General Surgery,Tissue Forceps,yes,45,"short-desc"
03-542-25,"Oehler Tissue Forceps",General Surgery,Tissue Forceps,yes,45,"short-desc"
03-542-30,"Oehler Tissue Forceps",General Surgery,Tissue Forceps,yes,45,"short-desc"
03-552-20,"DeBakey Tissue Forceps",General Surgery,Tissue Forceps,yes,35,"short-desc"
03-552-25,"DeBakey Tissue Forceps",General Surgery,Tissue Forceps,yes,35,"short-desc"
03-554-20,"DeBakey Tissue Forceps",General Surgery,Tissue Forceps,yes,35,"short-desc"
03-554-25,"DeBakey Tissue Forceps",General Surgery,Tissue Forceps,yes,35,"short-desc"
03-504-15,"Narrow Tissue Forceps",General Surgery,Tissue Forceps,yes,45,"short-desc"
03-506-23,"Wangensteen Tissue Forceps",General Surgery,Tissue Forceps,yes,39,"short-desc"
03-508-15,"Adson Dissecting Forceps",General Surgery,Tissue Forceps,yes,37,"short-desc"
03-506-25,"Wangensteen Tissue Forceps",General Surgery,Tissue Forceps,yes,39,"short-desc"
04-328-20,"Yasargil Xtended Aneurysm Clip",Neurosurgery,Micro Instruments,yes,48,"short-desc"
04-324-10,"Yasargil Xtended Aneurysm Clip",Neurosurgery,Micro Instruments,yes,47,"short-desc"
04-336-20,"Yasargil Xtended Aneurysm Clip",Neurosurgery,Micro Instruments,yes,40,"short-desc"
04-332-20,"Yasargil Xtended Aneurysm Clip",Neurosurgery,Micro Instruments,yes,48,"short-desc"
04-344-10,"Yasargil Xtended Aneurysm Clip",Neurosurgery,Micro Instruments,yes,47,"short-desc"
04-360-20,"Yasargil Xtended Aneurysm Clip",Neurosurgery,Micro Instruments,yes,48,"short-desc"
04-356-20,"Yasargil Xtended Aneurysm Clip",Neurosurgery,Micro Instruments,yes,40,"short-desc"
04-372-20,"Yasargil Xtended Aneurysm Clip",Neurosurgery,Micro Instruments,yes,49,"short-desc"
04-376-20,"Yasargil Xtended Aneurysm Clip",Neurosurgery,Micro Instruments,yes,49,"short-desc"
04-476-45,"Johns-Hopkins Bulldog Clamp",Cardiovascular,Vascular Clamps,yes,45,"short-desc"
04-476-55,"Johns-Hopkins Bulldog Clamp",Cardiovascular,Vascular Clamps,yes,45,"short-desc"
04-476-65,"Johns-Hopkins Bulldog Clamp",Cardiovascular,Vascular Clamps,yes,45,"short-desc"
04-476-70,"Johns-Hopkins Bulldog Clamp",Cardiovascular,Vascular Clamps,yes,43,"short-desc"
04-476-75,"Johns-Hopkins Bulldog Clamp",Cardiovascular,Vascular Clamps,yes,45,"short-desc"
04-476-90,"Johns-Hopkins Bulldog Clamp",Cardiovascular,Vascular Clamps,yes,43,"short-desc"
04-478-55,"Johns-Hopkins Bulldog Clamp",Cardiovascular,Vascular Clamps,yes,43,"short-desc"
04-478-65,"Johns-Hopkins Bulldog Clamp",Cardiovascular,Vascular Clamps,yes,43,"short-desc"
04-478-70,"Johns-Hopkins Bulldog Clamp",Cardiovascular,Vascular Clamps,yes,41,"short-desc"
04-478-75,"Johns-Hopkins Bulldog Clamp",Cardiovascular,Vascular Clamps,yes,43,"short-desc"
04-478-90,"Johns-Hopkins Bulldog Clamp",Cardiovascular,Vascular Clamps,yes,41,"short-desc"
04-510-45,"Bulldog Clamp",Cardiovascular,Vascular Clamps,yes,28,"short-desc"
04-510-60,"Bulldog Clamp",Cardiovascular,Vascular Clamps,yes,28,"short-desc"
04-512-25,"Bulldog Clamp",Cardiovascular,Vascular Clamps,yes,28,"short-desc"
04-512-45,"Bulldog Clamp",Cardiovascular,Vascular Clamps,yes,28,"short-desc"
04-510-25,"Bulldog Clamp",Cardiovascular,Vascular Clamps,yes,28,"short-desc"
11-304-18,"Mathieu Needle Holder",General Surgery,Needle Holders,yes,28,"short-desc"
11-255-29,"Bozemann Needle Holder",General Surgery,Needle Holders,yes,47,"short-desc"
11-270-20,"Mayo-Hegar Needle Holder",General Surgery,Scissors,yes,31,"short-desc"
11-270-30,"Mayo-Hegar Needle Holder",General Surgery,Scissors,yes,31,"short-desc"
11-448-18,"Mayo-Hegar (Heaney) Needle Holder",General Surgery,Scissors,yes,46,"short-desc"
19-212-90,"1 pair of flexible tubes (only)",Surgical,Liver.GallBladde.KidneyandUrology,yes,71,"generic-category"
11-448-20,"Mayo-Hegar (Heaney) Needle Holder",General Surgery,Scissors,yes,46,"short-desc"
15-397-01,"Micro nerve hook",Neurosurgery,Nerve Hooks,yes,23,"short-desc"
15-397-02,"Micro nerve hook",Neurosurgery,Nerve Hooks,yes,29,"short-desc"
11-460-17,"Schwedisches Modell Needle Holder",General Surgery,Needle Holders,yes,46,"short-desc"
11-460-20,"Schwedisches Modell Needle Holder",General Surgery,Needle Holders,yes,46,"short-desc"
12-192-18,"Esmarch Plaster Knife",Plastic Surgery,Dermatomes,yes,27,"short-desc"
13-110-02,"Stille Hand Drill",Orthopedic,Bone Cutters,yes,27,"short-desc"
13-110-05,"Stille Hand Drill",Orthopedic,Bone Cutters,yes,25,"short-desc"
13-110-08,"Stille Hand Drill",Orthopedic,Bone Cutters,yes,31,"short-desc"
13-110-11,"Stille Hand Drill",Orthopedic,Bone Cutters,yes,30,"short-desc"
13-112-01,"Stille-Sherman Hand Drill",Orthopedic,Bone Cutters,yes,29,"short-desc"
13-140-18,"Wire Twisting Forceps",ENT,Ear & Nasal Forceps,yes,34,"short-desc"
13-110-06,"Stille Hand Drill",Orthopedic,Bone Cutters,yes,30,"short-desc"
13-110-09,"Stille Hand Drill",Orthopedic,Bone Cutters,yes,31,"short-desc"
13-110-12,"Stille Hand Drill",Orthopedic,Bone Cutters,yes,28,"short-desc"
13-112-02,"Stille-Sherman Hand Drill",Orthopedic,Bone Cutters,yes,27,"short-desc"
13-110-03,"Stille Hand Drill",Orthopedic,Bone Cutters,yes,29,"short-desc"
13-110-04,"Stille Hand Drill",Orthopedic,Bone Cutters,yes,27,"short-desc"
13-110-07,"Stille Hand Drill",Orthopedic,Bone Cutters,yes,30,"short-desc"
13-110-10,"Stille Hand Drill",Orthopedic,Bone Cutters,yes,28,"short-desc"
13-112-03,"Stille-Sherman Hand Drill",Orthopedic,Bone Cutters,yes,29,"short-desc"
13-110-01,"Stille Hand Drill",Orthopedic,Bone Cutters,yes,29,"short-desc"
15-413-01,"Bayonet Style Curette",Surgical,Neurosurgery.Laminectomy,yes,64,"generic-category"
13-142-18,"Wire Twisting Forceps",ENT,Ear & Nasal Forceps,yes,34,"short-desc"
15-414-01,"Bayonet Style Curette",Surgical,Neurosurgery.Laminectomy,yes,61,"generic-category"
15-414-02,"Bayonet Style Curette",Surgical,Neurosurgery.Laminectomy,yes,61,"generic-category"
15-415-01,"Bayonet Style Curette",Surgical,Neurosurgery.Laminectomy,yes,60,"generic-category"
15-415-02,"Bayonet Style Curette",Surgical,Neurosurgery.Laminectomy,yes,60,"generic-category"
15-416-02,"Bayonet Style Curette",Surgical,Neurosurgery.Laminectomy,yes,65,"generic-category"
15-416-03,"Bayonet Style Curette",Surgical,Neurosurgery.Laminectomy,yes,65,"generic-category"
15-417-01,"Bayonet Style Curette",Surgical,Neurosurgery.Laminectomy,yes,62,"generic-category"
15-652-01,"Caspar",Surgical,Neurosurgery.Laminectomy,yes,112,"generic-category"
15-127-13,"Olivecrona Brain Spatula",Surgical,Neurosurgery.Laminectomy,yes,52,"generic-category"
15-127-18,"Olivecrona Brain Spatula",Surgical,Neurosurgery.Laminectomy,yes,52,"generic-category"
15-127-22,"Olivecrona Brain Spatula",Surgical,Neurosurgery.Laminectomy,yes,52,"generic-category"
15-129-08,"Heifetz Brain Spatula",Neurosurgery,Micro Instruments,yes,36,"short-desc"
15-417-02,"Bayonet Style Curette",Surgical,Neurosurgery.Laminectomy,yes,62,"generic-category"
15-418-01,"Bayonet Style Curette",Surgical,Neurosurgery.Laminectomy,yes,61,"generic-category"
15-131-12,"Memory Brain Spatula",Surgical,Neurosurgery.Laminectomy,yes,109,"generic-category"
15-131-14,"Memory Brain Spatula",Surgical,Neurosurgery.Laminectomy,yes,109,"generic-category"
15-131-18,"Memory Brain Spatula",Surgical,Neurosurgery.Laminectomy,yes,109,"generic-category"
15-131-25,"Memory Brain Spatula",Surgical,Neurosurgery.Laminectomy,yes,109,"generic-category"
13-260-16,"Chisels",Orthopedic,Osteotomes & Chisels,yes,23,"short-desc"
13-261-10,"Gouges",Orthopedic,Osteotomes & Chisels,yes,22,"short-desc"
13-261-12,"Gouges",Orthopedic,Osteotomes & Chisels,yes,22,"short-desc"
13-261-14,"Gouges",Orthopedic,Osteotomes & Chisels,yes,22,"short-desc"
13-261-16,"Gouges",Orthopedic,Osteotomes & Chisels,yes,22,"short-desc"
13-262-03,"Partsch Chisel",Orthopedic,Osteotomes & Chisels,yes,29,"short-desc"
13-262-04,"Partsch Chisel",Orthopedic,Osteotomes & Chisels,yes,29,"short-desc"
13-262-05,"Partsch Chisel",Orthopedic,Osteotomes & Chisels,yes,29,"short-desc"
13-262-06,"Partsch Chisel",Orthopedic,Osteotomes & Chisels,yes,29,"short-desc"
13-263-03,"Partsch Chisel",Orthopedic,Osteotomes & Chisels,yes,27,"short-desc"
13-263-04,"Partsch Chisel",Orthopedic,Osteotomes & Chisels,yes,27,"short-desc"
13-263-05,"Partsch Chisel",Orthopedic,Osteotomes & Chisels,yes,27,"short-desc"
13-263-06,"Partsch Chisel",Orthopedic,Osteotomes & Chisels,yes,27,"short-desc"
13-264-03,"Partsch Gouge",Orthopedic,Osteotomes & Chisels,yes,28,"short-desc"
13-264-04,"Partsch Gouge",Orthopedic,Osteotomes & Chisels,yes,28,"short-desc"
13-264-05,"Partsch Gouge",Orthopedic,Osteotomes & Chisels,yes,28,"short-desc"
13-265-03,"Partsch Gouge",Orthopedic,Osteotomes & Chisels,yes,28,"short-desc"
13-265-04,"Partsch Gouge",Orthopedic,Osteotomes & Chisels,yes,28,"short-desc"
13-265-05,"Partsch Gouge",Orthopedic,Osteotomes & Chisels,yes,28,"short-desc"
13-265-06,"Partsch Gouge",Orthopedic,Osteotomes & Chisels,yes,28,"short-desc"
13-266-06,"Alexander Chisel",Orthopedic,Osteotomes & Chisels,yes,38,"short-desc"
13-266-08,"Alexander Chisel",Orthopedic,Osteotomes & Chisels,yes,38,"short-desc"
13-266-12,"Alexander Chisel",Orthopedic,Osteotomes & Chisels,yes,39,"short-desc"
13-266-14,"Alexander Chisel",Orthopedic,Osteotomes & Chisels,yes,39,"short-desc"
15-133-11,"Aachen Brain Spatula",Surgical,Neurosurgery.Laminectomy,yes,55,"generic-category"
13-260-14,"Chisels",Orthopedic,Osteotomes & Chisels,yes,23,"short-desc"
13-267-14,"Alexander Gouge",Orthopedic,Osteotomes & Chisels,yes,38,"short-desc"
13-269-05,"Passow Hemostatic Chisel",General Surgery,Hemostatic Forceps,yes,39,"short-desc"
13-275-06,"Mannerfelt Osteotome",Orthopedic,Osteotomes & Chisels,yes,35,"short-desc"
13-275-08,"Mannerfelt Osteotome",Orthopedic,Osteotomes & Chisels,yes,35,"short-desc"
13-277-04,"Partsch Chisel",Orthopedic,Osteotomes & Chisels,yes,27,"short-desc"
13-277-05,"Partsch Chisel",Orthopedic,Osteotomes & Chisels,yes,27,"short-desc"
13-277-06,"Partsch Chisel",Orthopedic,Osteotomes & Chisels,yes,27,"short-desc"
13-278-04,"Partsch Gouge",Orthopedic,Osteotomes & Chisels,yes,26,"short-desc"
13-278-05,"Partsch Gouge",Orthopedic,Osteotomes & Chisels,yes,26,"short-desc"
13-278-06,"Partsch Gouge",Orthopedic,Osteotomes & Chisels,yes,26,"short-desc"
13-280-05,"Lucas Gouge",Orthopedic,Osteotomes & Chisels,yes,24,"short-desc"
13-281-07,"Alexander Gouge",Orthopedic,Osteotomes & Chisels,yes,28,"short-desc"
13-281-09,"Alexander Gouge",Orthopedic,Osteotomes & Chisels,yes,28,"short-desc"
13-281-11,"Alexander Gouge",Orthopedic,Osteotomes & Chisels,yes,29,"short-desc"
13-282-06,"Lambotte Osteotome",Orthopedic,Osteotomes & Chisels,yes,33,"short-desc"
13-282-08,"Lambotte Osteotome",Orthopedic,Osteotomes & Chisels,yes,33,"short-desc"
13-282-10,"Lambotte Osteotome",Orthopedic,Osteotomes & Chisels,yes,34,"short-desc"
13-282-12,"Lambotte Osteotome",Orthopedic,Osteotomes & Chisels,yes,34,"short-desc"
13-282-15,"Lambotte Osteotome",Orthopedic,Osteotomes & Chisels,yes,34,"short-desc"
15-133-14,"Aachen Brain Spatula",Surgical,Neurosurgery.Laminectomy,yes,55,"generic-category"
13-267-10,"Alexander Gouge",Orthopedic,Osteotomes & Chisels,yes,38,"short-desc"
13-267-12,"Alexander Gouge",Orthopedic,Osteotomes & Chisels,yes,38,"short-desc"
13-286-15,"Stille Chisel",Orthopedic,Bone Cutters,yes,39,"short-desc"
13-286-20,"Stille Chisel",Orthopedic,Bone Cutters,yes,39,"short-desc"
13-287-15,"Stille Osteotome",Orthopedic,Bone Cutters,yes,42,"short-desc"
13-287-20,"Stille Osteotome",Orthopedic,Bone Cutters,yes,42,"short-desc"
13-287-25,"Stille Osteotome",Orthopedic,Bone Cutters,yes,42,"short-desc"
13-288-15,"Stille Gouge",Orthopedic,Bone Cutters,yes,38,"short-desc"
13-288-20,"Stille Gouge",Orthopedic,Bone Cutters,yes,38,"short-desc"
13-288-25,"Stille Gouge",Orthopedic,Bone Cutters,yes,38,"short-desc"
13-289-12,"Stille Osteotome",Orthopedic,Bone Cutters,yes,40,"short-desc"
13-289-15,"Stille Osteotome",Orthopedic,Bone Cutters,yes,40,"short-desc"
13-289-20,"Stille Osteotome",Orthopedic,Bone Cutters,yes,40,"short-desc"
13-289-25,"Stille Osteotome",Orthopedic,Bone Cutters,yes,40,"short-desc"
13-295-10,"Lexer Gouge",Orthopedic,Osteotomes & Chisels,yes,37,"short-desc"
13-295-15,"Lexer Gouge",Orthopedic,Osteotomes & Chisels,yes,37,"short-desc"
13-296-10,"Lexer Gouge",Orthopedic,Osteotomes & Chisels,yes,35,"short-desc"
13-296-15,"Lexer Gouge",Orthopedic,Osteotomes & Chisels,yes,35,"short-desc"
13-297-06,"Lexer-Mini Osteotome",Orthopedic,Osteotomes & Chisels,yes,33,"short-desc"
13-297-08,"Lexer-Mini Osteotome",Orthopedic,Osteotomes & Chisels,yes,33,"short-desc"
15-133-17,"Aachen Brain Spatula",Surgical,Neurosurgery.Laminectomy,yes,55,"generic-category"
13-298-08,"Lexer-Mini Gouge",Orthopedic,Osteotomes & Chisels,yes,29,"short-desc"
13-298-10,"Lexer-Mini Gouge",Orthopedic,Osteotomes & Chisels,yes,30,"short-desc"
13-299-10,"Lexer Osteotome",Orthopedic,Osteotomes & Chisels,yes,29,"short-desc"
13-299-15,"Lexer Osteotome",Orthopedic,Osteotomes & Chisels,yes,29,"short-desc"
13-299-20,"Lexer Osteotome",Orthopedic,Osteotomes & Chisels,yes,29,"short-desc"
13-299-25,"Lexer Osteotome",Orthopedic,Osteotomes & Chisels,yes,29,"short-desc"
13-299-30,"Lexer Osteotome",Orthopedic,Osteotomes & Chisels,yes,29,"short-desc"
13-300-10,"Lexer Gouge",Orthopedic,Osteotomes & Chisels,yes,25,"short-desc"
13-300-15,"Lexer Gouge",Orthopedic,Osteotomes & Chisels,yes,25,"short-desc"
13-300-20,"Lexer Gouge",Orthopedic,Osteotomes & Chisels,yes,25,"short-desc"
13-300-25,"Lexer Gouge",Orthopedic,Osteotomes & Chisels,yes,25,"short-desc"
13-300-30,"Lexer Gouge",Orthopedic,Osteotomes & Chisels,yes,25,"short-desc"
13-301-06,"Lexer-Mini Osteotome",Orthopedic,Osteotomes & Chisels,yes,33,"short-desc"
13-301-08,"Lexer-Mini Osteotome",Orthopedic,Osteotomes & Chisels,yes,33,"short-desc"
13-301-10,"Lexer-Mini Osteotome",Orthopedic,Osteotomes & Chisels,yes,34,"short-desc"
13-301-12,"Lexer-Mini Osteotome",Orthopedic,Osteotomes & Chisels,yes,34,"short-desc"
13-302-07,"Lexer Gouge",Orthopedic,Osteotomes & Chisels,yes,24,"short-desc"
13-302-10,"Lexer Gouge",Orthopedic,Osteotomes & Chisels,yes,25,"short-desc"
13-302-15,"Lexer Gouge",Orthopedic,Osteotomes & Chisels,yes,25,"short-desc"
13-302-20,"Lexer Gouge",Orthopedic,Osteotomes & Chisels,yes,25,"short-desc"
13-302-25,"Lexer Gouge",Orthopedic,Osteotomes & Chisels,yes,25,"short-desc"
13-302-30,"Lexer Gouge",Orthopedic,Osteotomes & Chisels,yes,25,"short-desc"
13-304-15,"Lexer Gouge",Orthopedic,Osteotomes & Chisels,yes,35,"short-desc"
15-133-20,"Aachen Brain Spatula",Surgical,Neurosurgery.Laminectomy,yes,55,"generic-category"
13-298-06,"Lexer-Mini Gouge",Orthopedic,Osteotomes & Chisels,yes,29,"short-desc"
13-310-05,"Caspar Curette",Orthopedic,Bone Curettes,yes,29,"short-desc"
13-310-08,"Caspar Curette",Orthopedic,Bone Curettes,yes,29,"short-desc"
13-311-14,"Caspar Curette",Orthopedic,Bone Curettes,yes,30,"short-desc"
13-311-16,"Caspar Curette",Orthopedic,Bone Curettes,yes,30,"short-desc"
13-312-04,"Caspar Curette",Orthopedic,Bone Curettes,yes,38,"short-desc"
13-312-05,"Caspar Curette",Orthopedic,Bone Curettes,yes,37,"short-desc"
13-313-05,"Caspar Curette",Orthopedic,Bone Curettes,yes,45,"short-desc"
13-314-03,"Sypert Curette",Orthopedic,Bone Curettes,yes,49,"short-desc"
13-314-05,"Sypert Curette",Orthopedic,Bone Curettes,yes,47,"short-desc"
13-314-10,"Sypert Curette",Orthopedic,Bone Curettes,yes,46,"short-desc"
13-315-05,"Sypert Curette",Orthopedic,Bone Curettes,yes,45,"short-desc"
13-315-10,"Sypert Curette",Orthopedic,Bone Curettes,yes,44,"short-desc"
13-318-03,"Lambotte-Mini Osteotome",Orthopedic,Osteotomes & Chisels,yes,48,"short-desc"
13-317-17,"Wagner Raspatory",Orthopedic,Rasps & Files,yes,30,"short-desc"
13-318-04,"Lambotte-Mini Osteotome",Orthopedic,Osteotomes & Chisels,yes,48,"short-desc"
13-318-06,"Lambotte-Mini Osteotome",Orthopedic,Osteotomes & Chisels,yes,48,"short-desc"
13-318-08,"Lambotte-Mini Osteotome",Orthopedic,Osteotomes & Chisels,yes,48,"short-desc"
13-318-12,"Lambotte-Mini Osteotome",Orthopedic,Osteotomes & Chisels,yes,49,"short-desc"
13-318-15,"Lambotte-Mini Osteotome",Orthopedic,Osteotomes & Chisels,yes,49,"short-desc"
13-318-25,"Lambotte-Mini Osteotome",Orthopedic,Osteotomes & Chisels,yes,49,"short-desc"
15-133-25,"Aachen Brain Spatula",Surgical,Neurosurgery.Laminectomy,yes,55,"generic-category"
13-309-06,"Caspar Curette",Orthopedic,Bone Curettes,yes,36,"short-desc"
13-319-10,"Lambotte-Mini Osteotome",Orthopedic,Osteotomes & Chisels,yes,47,"short-desc"
13-319-12,"Lambotte-Mini Osteotome",Orthopedic,Osteotomes & Chisels,yes,47,"short-desc"
13-319-20,"Lambotte-Mini Osteotome",Orthopedic,Osteotomes & Chisels,yes,47,"short-desc"
13-319-25,"Lambotte-Mini Osteotome",Orthopedic,Osteotomes & Chisels,yes,47,"short-desc"
13-320-15,"Lambotte Osteotome",Orthopedic,Osteotomes & Chisels,yes,42,"short-desc"
13-320-20,"Lambotte Osteotome",Orthopedic,Osteotomes & Chisels,yes,42,"short-desc"
13-320-25,"Lambotte Osteotome",Orthopedic,Osteotomes & Chisels,yes,42,"short-desc"
13-320-30,"Lambotte Osteotome",Orthopedic,Osteotomes & Chisels,yes,42,"short-desc"
13-320-50,"Lambotte Osteotome",Orthopedic,Osteotomes & Chisels,yes,42,"short-desc"
13-321-20,"Lambotte Osteotome",Orthopedic,Osteotomes & Chisels,yes,40,"short-desc"
13-321-25,"Lambotte Osteotome",Orthopedic,Osteotomes & Chisels,yes,40,"short-desc"
13-321-30,"Lambotte Osteotome",Orthopedic,Osteotomes & Chisels,yes,40,"short-desc"
13-321-38,"Lambotte Osteotome",Orthopedic,Osteotomes & Chisels,yes,40,"short-desc"
13-321-44,"Lambotte Osteotome",Orthopedic,Osteotomes & Chisels,yes,40,"short-desc"
13-321-50,"Lambotte Osteotome",Orthopedic,Osteotomes & Chisels,yes,40,"short-desc"
13-322-09,"Smith-Petersen Osteotome",Orthopedic,Osteotomes & Chisels,yes,49,"short-desc"
13-319-08,"Lambotte-Mini Osteotome",Orthopedic,Osteotomes & Chisels,yes,46,"short-desc"
13-323-19,"Smith-Petersen Osteotome",Orthopedic,Osteotomes & Chisels,yes,48,"short-desc"
13-323-25,"Smith-Petersen Osteotome",Orthopedic,Osteotomes & Chisels,yes,48,"short-desc"
13-323-32,"Smith-Petersen Osteotome",Orthopedic,Osteotomes & Chisels,yes,48,"short-desc"
13-324-14,"Smith-Petersen Gouge",Orthopedic,Osteotomes & Chisels,yes,46,"short-desc"
13-324-19,"Smith-Petersen Gouge",Orthopedic,Osteotomes & Chisels,yes,46,"short-desc"
13-325-14,"Smith-Petersen Gouge",Orthopedic,Osteotomes & Chisels,yes,44,"short-desc"
13-325-19,"Smith-Petersen Gouge",Orthopedic,Osteotomes & Chisels,yes,44,"short-desc"
13-325-25,"Smith-Petersen Gouge",Orthopedic,Osteotomes & Chisels,yes,44,"short-desc"
13-326-05,"Hoke Osteotome",Orthopedic,Osteotomes & Chisels,yes,27,"short-desc"
13-326-06,"Hoke Osteotome",Orthopedic,Osteotomes & Chisels,yes,27,"short-desc"
13-326-08,"Hoke Osteotome",Orthopedic,Osteotomes & Chisels,yes,27,"short-desc"
13-326-09,"Hoke Osteotome",Orthopedic,Osteotomes & Chisels,yes,27,"short-desc"
13-327-13,"Hibbs Osteotome",Orthopedic,Osteotomes & Chisels,yes,31,"short-desc"
13-327-19,"Hibbs Osteotome",Orthopedic,Osteotomes & Chisels,yes,31,"short-desc"
13-327-25,"Hibbs Osteotome",Orthopedic,Osteotomes & Chisels,yes,31,"short-desc"
13-328-13,"Hibbs Chisel",Orthopedic,Osteotomes & Chisels,yes,28,"short-desc"
13-328-19,"Hibbs Chisel",Orthopedic,Osteotomes & Chisels,yes,28,"short-desc"
13-328-25,"Hibbs Chisel",Orthopedic,Osteotomes & Chisels,yes,28,"short-desc"
13-328-32,"Hibbs Chisel",Orthopedic,Osteotomes & Chisels,yes,28,"short-desc"
13-329-13,"Hibbs Chisel",Orthopedic,Osteotomes & Chisels,yes,36,"short-desc"
13-329-19,"Hibbs Chisel",Orthopedic,Osteotomes & Chisels,yes,36,"short-desc"
13-329-25,"Hibbs Chisel",Orthopedic,Osteotomes & Chisels,yes,36,"short-desc"
13-323-16,"Smith-Petersen Osteotome",Orthopedic,Osteotomes & Chisels,yes,48,"short-desc"
13-330-25,"Hibbs Gouge",Orthopedic,Osteotomes & Chisels,yes,37,"short-desc"
13-330-32,"Hibbs Gouge",Orthopedic,Osteotomes & Chisels,yes,37,"short-desc"
13-331-13,"Hibbs Gouge",Orthopedic,Osteotomes & Chisels,yes,35,"short-desc"
13-331-19,"Hibbs Gouge",Orthopedic,Osteotomes & Chisels,yes,35,"short-desc"
13-331-25,"Hibbs Gouge",Orthopedic,Osteotomes & Chisels,yes,35,"short-desc"
13-331-32,"Hibbs Gouge",Orthopedic,Osteotomes & Chisels,yes,35,"short-desc"
13-340-90,"Mallet",Orthopedic,Mallets,yes,40,"short-desc"
13-342-96,"Wagner Bone Mallet",Orthopedic,Mallets,yes,28,"short-desc"
13-390-02,"Volkmann Bone Curette",General Surgery,Retractors,yes,42,"short-desc"
13-364-90,"Bone Mallet",Orthopedic,Mallets,yes,46,"short-desc"
13-366-90,"Bone Mallet",Orthopedic,Mallets,yes,46,"short-desc"
13-390-03,"Volkmann Bone Curette",General Surgery,Retractors,yes,42,"short-desc"
13-390-04,"Volkmann Bone Curette",General Surgery,Retractors,yes,42,"short-desc"
13-390-05,"Volkmann Bone Curette",General Surgery,Retractors,yes,42,"short-desc"
13-390-06,"Volkmann Bone Curette",General Surgery,Retractors,yes,42,"short-desc"
13-330-19,"Hibbs Gouge",Orthopedic,Osteotomes & Chisels,yes,37,"short-desc"
13-392-03,"Volkmann Bone Curette",General Surgery,Retractors,yes,42,"short-desc"
13-392-04,"Volkmann Bone Curette",General Surgery,Retractors,yes,42,"short-desc"
13-392-10,"Volkmann Bone Curette",General Surgery,Retractors,yes,42,"short-desc"
13-392-02,"Volkmann Bone Curette",General Surgery,Retractors,yes,42,"short-desc"
13-402-02,"Bruns Bone Curette",Orthopedic,Bone Curettes,yes,46,"short-desc"
13-402-03,"Bruns Bone Curette",Orthopedic,Bone Curettes,yes,46,"short-desc"
13-402-04,"Bruns Bone Curette",Orthopedic,Bone Curettes,yes,46,"short-desc"
13-402-05,"Bruns Bone Curette",Orthopedic,Bone Curettes,yes,46,"short-desc"
13-402-06,"Bruns Bone Curette",Orthopedic,Bone Curettes,yes,46,"short-desc"
13-402-10,"Bruns Bone Curette",Orthopedic,Bone Curettes,yes,46,"short-desc"
13-402-20,"Bruns Bone Curette",Orthopedic,Bone Curettes,yes,47,"short-desc"
13-402-30,"Bruns Bone Curette",Orthopedic,Bone Curettes,yes,48,"short-desc"
15-134-12,"Brain Spatula",Neurosurgery,Micro Instruments,yes,43,"short-desc"
13-416-01,"Williger Bone Curette",Orthopedic,Bone Curettes,yes,43,"short-desc"
13-418-03,"Daubenspeck Bone Curette",Orthopedic,Bone Curettes,yes,48,"short-desc"
13-418-04,"Daubenspeck Bone Curette",Orthopedic,Bone Curettes,yes,47,"short-desc"
13-420-02,"Lempert Bone Curette",Orthopedic,Rongeurs,yes,35,"short-desc"
13-420-03,"Lempert Bone Curette",Orthopedic,Rongeurs,yes,37,"short-desc"
13-420-04,"Lempert Bone Curette",Orthopedic,Rongeurs,yes,37,"short-desc"
13-420-05,"Lempert Bone Curette",Orthopedic,Rongeurs,yes,37,"short-desc"
13-422-02,"Bone Curette",Orthopedic,Bone Curettes,yes,46,"short-desc"
13-422-03,"Bone Curette",Orthopedic,Bone Curettes,yes,45,"short-desc"
13-422-04,"Bone Curette",Orthopedic,Bone Curettes,yes,45,"short-desc"
13-424-02,"Bone Curette",Orthopedic,Bone Curettes,yes,44,"short-desc"
13-424-03,"Bone Curette",Orthopedic,Bone Curettes,yes,43,"short-desc"
13-418-02,"Daubenspeck Bone Curette",Orthopedic,Bone Curettes,yes,49,"short-desc"
13-428-03,"Epstein Bone Curette",Orthopedic,Bone Curettes,yes,49,"short-desc"
13-438-14,"Volkmann Bone Curette",General Surgery,Retractors,yes,44,"short-desc"
13-438-17,"Volkmann Bone Curette",General Surgery,Retractors,yes,42,"short-desc"
13-439-13,"Volkmann Bone Spoon",General Surgery,Retractors,yes,42,"short-desc"
13-439-16,"Volkmann Bone Spoon",General Surgery,Retractors,yes,42,"short-desc"
13-439-20,"Volkmann Bone Spoon",General Surgery,Retractors,yes,42,"short-desc"
13-500-03,"Semb Periosteal Elevator",Orthopedic,Periosteal Elevators,yes,46,"short-desc"
13-500-04,"Semb Periosteal Elevator",Orthopedic,Periosteal Elevators,yes,46,"short-desc"
13-501-12,"Key Raspatory",Orthopedic,Periosteal Elevators,yes,27,"short-desc"
13-501-19,"Key Raspatory",Orthopedic,Periosteal Elevators,yes,27,"short-desc"
13-501-25,"Key Raspatory",Orthopedic,Periosteal Elevators,yes,27,"short-desc"
13-511-10,"Cobb Elevator",Orthopedic,Osteotomes & Chisels,yes,27,"short-desc"
13-511-13,"Cobb Elevator",Orthopedic,Osteotomes & Chisels,yes,27,"short-desc"
13-511-19,"Cobb Elevator",Orthopedic,Osteotomes & Chisels,yes,27,"short-desc"
13-511-25,"Cobb Elevator",Orthopedic,Osteotomes & Chisels,yes,27,"short-desc"
13-511-32,"Cobb Elevator",Orthopedic,Osteotomes & Chisels,yes,27,"short-desc"
13-556-07,"Langenbeck Elevator",General Surgery,Retractors,yes,39,"short-desc"
13-556-08,"Langenbeck Elevator",General Surgery,Retractors,yes,41,"short-desc"
13-556-10,"Langenbeck Elevator",General Surgery,Retractors,yes,42,"short-desc"
13-558-10,"Langenbeck Elevator",General Surgery,Retractors,yes,35,"short-desc"
13-562-02,"Taylor Spinal Retractor",General Surgery,Retractors,yes,43,"short-desc"
13-602-02,"Bennett Bone Lever",Orthopedic,Orthopedic Retractors,yes,34,"short-desc"
13-500-02,"Semb Periosteal Elevator",Orthopedic,Periosteal Elevators,yes,46,"short-desc"
15-675-30,"Blade for Cloward-Type Cervical Retractor",Surgical,Neurosurgery.Laminectomy,yes,55,"generic-category"
13-692-03,"Bunnell Tendon Stripper",Cardiovascular,Vein Strippers,yes,48,"short-desc"
13-692-04,"Bunnell Tendon Stripper",Cardiovascular,Vein Strippers,yes,48,"short-desc"
13-692-05,"Bunnell Tendon Stripper",Cardiovascular,Vein Strippers,yes,48,"short-desc"
13-694-45,"Tendon Stripper",Cardiovascular,Vein Strippers,yes,48,"short-desc"
13-694-55,"Tendon Stripper",Cardiovascular,Vein Strippers,yes,48,"short-desc"
13-734-19,"Brand Tendon Tunnelling Forceps",ENT,Ear & Nasal Forceps,yes,49,"short-desc"
13-760-15,"Repositioning forceps",ENT,Ear & Nasal Forceps,yes,49,"short-desc"
13-784-21,"Kern Bone Holding Forceps",Orthopedic,Bone Clamps,yes,32,"short-desc"
13-798-26,"Farabeuf Bone Holding Forceps",General Surgery,Retractors,yes,36,"short-desc"
13-802-17,"Kern-Lane Bone Holding Forceps",Orthopedic,Bone Clamps,yes,37,"short-desc"
13-802-24,"Kern-Lane Bone Holding Forceps",Orthopedic,Bone Clamps,yes,37,"short-desc"
13-808-45,"Lane Bone Holding Forceps",Orthopedic,Bone Clamps,yes,46,"short-desc"
13-692-02,"Bunnell Tendon Stripper",Cardiovascular,Vein Strippers,yes,48,"short-desc"
15-675-35,"Blade for Cloward-Type Cervical Retractor",Surgical,Neurosurgery.Laminectomy,yes,55,"generic-category"
13-818-02,"Verbrugge Bone Holding Forceps",Orthopedic,Bone Clamps,yes,37,"short-desc"
13-818-03,"Verbrugge Bone Holding Forceps",Orthopedic,Bone Clamps,yes,39,"short-desc"
13-844-02,"Synovcetomy Rongeur",Orthopedic,Rongeurs,yes,47,"short-desc"
13-846-02,"Synovcetomy Rongeur",Orthopedic,Rongeurs,yes,47,"short-desc"
13-878-03,"Jansen Bone Rongeur",General Surgery,Tissue Forceps,yes,32,"short-desc"
13-890-08,"Luer Bone Rongeur",Orthopedic,Rongeurs,yes,38,"short-desc"
13-892-06,"Olivecrona Bone Rongeur",Orthopedic,Rongeurs,yes,46,"short-desc"
13-894-04,"Marquartd Bone Rongeur",Orthopedic,Rongeurs,yes,43,"short-desc"
13-896-02,"Bohler Bone Rongeur",Orthopedic,Bone Cutters,yes,34,"short-desc"
13-898-03,"Ruskin Bone Rongeur",Orthopedic,Bone Cutters,yes,32,"short-desc"
13-896-03,"Bohler Bone Rongeur",Orthopedic,Bone Cutters,yes,34,"short-desc"
13-902-08,"Stille-Ruskin Bone Rongeur",Orthopedic,Bone Cutters,yes,39,"short-desc"
13-898-04,"Ruskin Bone Rongeur",Orthopedic,Bone Cutters,yes,32,"short-desc"
13-904-04,"Echlin Bone Rongeur",Orthopedic,Rongeurs,yes,32,"short-desc"
13-898-06,"Ruskin Bone Rongeur",Orthopedic,Bone Cutters,yes,32,"short-desc"
13-904-03,"Echlin Bone Rongeur",Orthopedic,Rongeurs,yes,32,"short-desc"
13-918-12,"Bone Rongeur",Orthopedic,Rongeurs,yes,39,"short-desc"
13-924-04,"Bone Rongeur",Orthopedic,Rongeurs,yes,32,"short-desc"
13-924-05,"Bone Rongeur",Orthopedic,Rongeurs,yes,32,"short-desc"
13-928-04,"Bone Rongeur",Orthopedic,Rongeurs,yes,35,"short-desc"
13-952-17,"Liston Bone Cutting Forceps",Orthopedic,Bone Cutters,yes,42,"short-desc"
13-952-20,"Liston Bone Cutting Forceps",Orthopedic,Bone Cutters,yes,42,"short-desc"
13-937-08,"Bone Rongeur",Orthopedic,Rongeurs,yes,31,"short-desc"
13-939-05,"Bone Rongeur",Orthopedic,Rongeurs,yes,33,"short-desc"
13-939-08,"Bone Rongeur",Orthopedic,Rongeurs,yes,33,"short-desc"
13-952-22,"Liston Bone Cutting Forceps",Orthopedic,Bone Cutters,yes,42,"short-desc"
13-964-27,"Liston Bone Cutting Forceps",Orthopedic,Bone Cutters,yes,42,"short-desc"
13-910-08,"Leksell-Stille Bone Rongeur",Orthopedic,Bone Cutters,yes,40,"short-desc"
15-675-40,"Blade for Cloward-Type Cervical Retractor",Surgical,Neurosurgery.Laminectomy,yes,55,"generic-category"
15-675-45,"Blade for Cloward-Type Cervical Retractor",Surgical,Neurosurgery.Laminectomy,yes,55,"generic-category"
15-675-50,"Blade for Cloward-Type Cervical Retractor",Surgical,Neurosurgery.Laminectomy,yes,55,"generic-category"
15-675-55,"Blade for Cloward-Type Cervical Retractor",Surgical,Neurosurgery.Laminectomy,yes,55,"generic-category"
14-214-01,"Thoracic Retractor",General Surgery,Retractors,yes,46,"short-desc"
14-234-33,"Allison Lung Spatula",Cardiovascular,Thoracic Instruments,yes,46,"short-desc"
03-502-25,"Standard Tissue Forceps",General Surgery,Tissue Forceps,yes,47,"short-desc"
11-317-20,"Micro Needle Holder",General Surgery,Needle Holders,yes,34,"short-desc"
11-270-16,"Mayo-Hegar Needle Holder",General Surgery,Scissors,yes,31,"short-desc"
11-317-24,"Micro Needle Holder",General Surgery,Needle Holders,yes,36,"short-desc"
03-196-25,"Tissue Forceps",General Surgery,Tissue Forceps,yes,40,"short-desc"
11-304-17,"Mathieu Needle Holder",General Surgery,Needle Holders,yes,28,"short-desc"
13-259-12,"Chisels",Orthopedic,Osteotomes & Chisels,yes,25,"short-desc"
13-260-10,"Chisels",Orthopedic,Osteotomes & Chisels,yes,23,"short-desc"
13-259-16,"Chisels",Orthopedic,Osteotomes & Chisels,yes,25,"short-desc"
03-102-30,"Narrow (Thumb) Dissecting Forceps",ENT,Ear & Nasal Forceps,yes,40,"short-desc"
11-426-23,"Diethrich Ryder Needle Holder",General Surgery,Needle Holders,yes,42,"short-desc"
15-676-30,"Blade for Cloward-Type Cervical Retractor",Surgical,Neurosurgery.Laminectomy,yes,55,"generic-category"
15-676-35,"Blade for Cloward-Type Cervical Retractor",Surgical,Neurosurgery.Laminectomy,yes,55,"generic-category"
15-676-40,"Blade for Cloward-Type Cervical Retractor",Surgical,Neurosurgery.Laminectomy,yes,55,"generic-category"
15-676-45,"Blade for Cloward-Type Cervical Retractor",Surgical,Neurosurgery.Laminectomy,yes,55,"generic-category"
15-676-50,"Blade for Cloward-Type Cervical Retractor",Surgical,Neurosurgery.Laminectomy,yes,55,"generic-category"
15-676-55,"Blade for Cloward-Type Cervical Retractor",Surgical,Neurosurgery.Laminectomy,yes,55,"generic-category"
15-678-45,"Exchangeable Blade for Cloward-Type Cervical Retractor",Surgical,Neurosurgery.Laminectomy,yes,76,"generic-category"
15-678-50,"Exchangeable Blade for Cloward-Type Cervical Retractor",Surgical,Neurosurgery.Laminectomy,yes,76,"generic-category"
15-678-55,"Exchangeable Blade for Cloward-Type Cervical Retractor",Surgical,Neurosurgery.Laminectomy,yes,76,"generic-category"
15-678-60,"Exchangeable Blade for Cloward-Type Cervical Retractor",Surgical,Neurosurgery.Laminectomy,yes,76,"generic-category"
15-679-45,"Exchangeable Blade for Cloward-Type Cervical Retractor",Surgical,Neurosurgery.Laminectomy,yes,73,"generic-category"
15-679-50,"Exchangeable Blade for Cloward-Type Cervical Retractor",Surgical,Neurosurgery.Laminectomy,yes,73,"generic-category"
15-679-55,"Exchangeable Blade for Cloward-Type Cervical Retractor",Surgical,Neurosurgery.Laminectomy,yes,73,"generic-category"
15-679-60,"Exchangeable Blade for Cloward-Type Cervical Retractor",Surgical,Neurosurgery.Laminectomy,yes,73,"generic-category"
15-383-18,"Micro Dissector",ENT,Mouth & Throat,yes,24,"short-desc"
15-309-01,"Landolt Malleable Dissectors",General Surgery,Retractors,yes,48,"short-desc"
15-309-02,"Landolt Malleable Dissectors",General Surgery,Retractors,yes,47,"short-desc"
15-310-01,"Landolt Malleable Dissectors",General Surgery,Retractors,yes,48,"short-desc"
15-310-02,"Landolt Malleable Dissectors",General Surgery,Retractors,yes,47,"short-desc"
06-246-03,"Klapp Retractor",General Surgery,Retractors,yes,41,"short-desc"
06-272-03,"Kocher Retractor",General Surgery,Hemostatic Forceps,yes,39,"short-desc"
06-274-04,"Kocher Retractor",General Surgery,Hemostatic Forceps,yes,39,"short-desc"
06-292-03,"Langenbeck Retractor",General Surgery,Retractors,yes,39,"short-desc"
06-304-08,"Kocher Retractor",General Surgery,Hemostatic Forceps,yes,35,"short-desc"
06-310-02,"Kocher-Langenbeck Retractor",General Surgery,Hemostatic Forceps,yes,48,"short-desc"
06-310-04,"Kocher-Langenbeck Retractor",General Surgery,Hemostatic Forceps,yes,48,"short-desc"
06-338-03,"Hosel Retractor",General Surgery,Retractors,yes,35,"short-desc"
06-350-03,"Kocher Retractor",General Surgery,Hemostatic Forceps,yes,35,"short-desc"
06-412-04,"Doyen Abdominal Retractor",General Surgery,Retractors,yes,45,"short-desc"
06-382-06,"Deaver Retractor",General Surgery,Retractors,yes,32,"short-desc"
06-384-07,"Deaver Retractor",General Surgery,Retractors,yes,45,"short-desc"
06-238-16,"Cushing Saddle Hook",General Surgery,Tissue Forceps,yes,33,"short-desc"
06-266-04,"Volkmann Retractor",General Surgery,Retractors,yes,41,"short-desc"
02-354-15,"Micro Scissors",Neurosurgery,Micro Instruments,yes,47,"short-desc"
03-192-16,"Tissue Forceps",General Surgery,Tissue Forceps,yes,32,"short-desc"
13-266-10,"Alexander Chisel",Orthopedic,Osteotomes & Chisels,yes,39,"short-desc"
13-267-06,"Alexander Gouge",Orthopedic,Osteotomes & Chisels,yes,37,"short-desc"
13-297-10,"Lexer-Mini Osteotome",Orthopedic,Osteotomes & Chisels,yes,34,"short-desc"
13-315-03,"Sypert Curette",Orthopedic,Bone Curettes,yes,47,"short-desc"
13-319-04,"Lambotte-Mini Osteotome",Orthopedic,Osteotomes & Chisels,yes,46,"short-desc"
13-320-38,"Lambotte Osteotome",Orthopedic,Osteotomes & Chisels,yes,42,"short-desc"
13-323-09,"Smith-Petersen Osteotome",Orthopedic,Osteotomes & Chisels,yes,47,"short-desc"
13-327-32,"Hibbs Osteotome",Orthopedic,Osteotomes & Chisels,yes,31,"short-desc"
02-353-12,"Micro Scissors",Neurosurgery,Micro Instruments,yes,31,"short-desc"
13-498-20,"Lambotte Periosteal Elevator",Orthopedic,Osteotomes & Chisels,yes,44,"short-desc"
13-390-30,"Volkmann Bone Curette",General Surgery,Retractors,yes,43,"short-desc"
13-610-28,"Lange-Hohmann Bone Lever",Orthopedic,Orthopedic Retractors,yes,31,"short-desc"
13-908-06,"Stille Bone Rongeur",Orthopedic,Bone Cutters,yes,34,"short-desc"
04-606-18,"Kelly-Rankin Haemostatic Forceps",General Surgery,Hemostatic Forceps,yes,49,"short-desc"
04-706-03,"Overholt Dissecting / Ligature Forceps",General Surgery,Hemostatic Forceps,yes,45,"short-desc"
04-718-23,"O?Shaugnessy Dissecting / Ligature Forceps",ENT,Ear & Nasal Forceps,yes,49,"short-desc"
04-726-26,"Mixter Dissecting / Ligature Forceps",General Surgery,Hemostatic Forceps,yes,43,"short-desc"
04-816-14,"Peers Towel Clamp",General Surgery,Towel Clamps,yes,43,"short-desc"
05-154-26,"Bozemann Uterine Dressing Forceps",General Surgery,Tissue Forceps,yes,48,"short-desc"
11-304-20,"Mathieu Needle Holder",General Surgery,Needle Holders,yes,28,"short-desc"
11-426-20,"Diethrich Ryder Needle Holder",General Surgery,Needle Holders,yes,42,"short-desc"
13-424-04,"Bone Curette",Orthopedic,Bone Curettes,yes,43,"short-desc"
13-426-03,"Bushe Bone Curette",Orthopedic,Bone Curettes,yes,31,"short-desc"
02-152-20,"Metzenbaum (Baby) Dissecting Scissors",General Surgery,Scissors,yes,47,"short-desc"
03-102-18,"Narrow (Thumb) Dissecting Forceps",ENT,Ear & Nasal Forceps,yes,40,"short-desc"
03-152-30,"DeBakey Atraumatic Dressing Forceps",General Surgery,Tissue Forceps,yes,48,"short-desc"
03-194-16,"Tissue Forceps",General Surgery,Tissue Forceps,yes,32,"short-desc"
03-502-20,"Standard Tissue Forceps",General Surgery,Tissue Forceps,yes,47,"short-desc"
04-478-45,"Johns-Hopkins Bulldog Clamp",Cardiovascular,Vascular Clamps,yes,43,"short-desc"
06-236-18,"Cushing Saddle Hook",General Surgery,Tissue Forceps,yes,35,"short-desc"
06-308-03,"Kocher-Langenbeck Retractor",General Surgery,Hemostatic Forceps,yes,48,"short-desc"
06-408-02,"Rochard Abdominal Retractor",General Surgery,Retractors,yes,47,"short-desc"
13-318-10,"Lambotte-Mini Osteotome",Orthopedic,Osteotomes & Chisels,yes,49,"short-desc"
01-156-09,"Troutman-Chris Blade Holders / Blade Breaker",Surgical,Blade Holders / Blade Breakers,yes,78,"generic-category"
05-136-25,"Rampley Spong Forceps",General Surgery,Sponge Forceps,yes,38,"short-desc"
11-448-23,"Mayo-Hegar (Heaney) Needle Holder",General Surgery,Scissors,yes,46,"short-desc"
13-298-12,"Lexer-Mini Gouge",Orthopedic,Osteotomes & Chisels,yes,30,"short-desc"
13-319-15,"Lambotte-Mini Osteotome",Orthopedic,Osteotomes & Chisels,yes,47,"short-desc"
13-440-01,"Williger Bone Curette",Surgical,BoneSurgery,yes,52,"generic-category"
13-440-12,"Williger Bone Curette",Surgical,BoneSurgery,yes,50,"generic-category"
13-498-15,"Lambotte Periosteal Elevator",Orthopedic,Osteotomes & Chisels,yes,44,"short-desc"
13-500-05,"Semb Periosteal Elevator",Orthopedic,Periosteal Elevators,yes,46,"short-desc"
13-802-21,"Kern-Lane Bone Holding Forceps",Orthopedic,Bone Clamps,yes,37,"short-desc"
13-442-02,"Molt Bone Curette",Orthopedic,Bone Curettes,yes,32,"short-desc"
13-442-04,"Molt Bone Curette",Orthopedic,Bone Curettes,yes,32,"short-desc"
13-442-05,"Molt Bone Curette",Orthopedic,Bone Curettes,yes,34,"short-desc"
13-442-06,"Molt Bone Curette",Orthopedic,Bone Curettes,yes,34,"short-desc"
13-458-06,"Periosteal Elevator",Surgical,BoneSurgery,yes,57,"generic-category"
13-458-07,"Periosteal Elevator",Surgical,BoneSurgery,yes,57,"generic-category"
13-484-05,"Kahre-Williger Periosteal Elevator",Surgical,BoneSurgery,yes,56,"generic-category"
13-486-08,"Doyen Periosteal Elevator",Surgical,BoneSurgery,yes,58,"generic-category"
14-404-22,"Lambert-Kay Aorta-Anastomosis Clamp",Surgical,CardiovascularSurgery,yes,56,"generic-category"
14-412-24,"DeBakey-Bahnson Aneurysm Clamp",Surgical,CardiovascularSurgery,yes,51,"generic-category"
14-412-25,"DeBakey-Bahnson Aneurysm Clamp",Surgical,CardiovascularSurgery,yes,51,"generic-category"
22-114-06,"Bowman Lacrimal Probe / 000",General Surgery,Probes,yes,40,"short-desc"
22-114-07,"Bowman Lacrimal Probe / 000",General Surgery,Probes,yes,40,"short-desc"
22-114-08,"Bowman Lacrimal Probe / 000",General Surgery,Probes,yes,40,"short-desc"
22-114-09,"Bowman Lacrimal Probe / 000",General Surgery,Probes,yes,40,"short-desc"
22-116-02,"Bowman Lacrimal Probe / 000",General Surgery,Probes,yes,41,"short-desc"
22-116-03,"Bowman Lacrimal Probe / 000",General Surgery,Probes,yes,40,"short-desc"
22-116-04,"Bowman Lacrimal Probe / 000",General Surgery,Probes,yes,40,"short-desc"
22-116-05,"Bowman Lacrimal Probe / 000",General Surgery,Probes,yes,40,"short-desc"
22-116-06,"Bowman Lacrimal Probe / 000",General Surgery,Probes,yes,40,"short-desc"
22-116-07,"Bowman Lacrimal Probe / 000",General Surgery,Probes,yes,40,"short-desc"
22-116-08,"Bowman Lacrimal Probe / 000",General Surgery,Probes,yes,40,"short-desc"
22-116-09,"Bowman Lacrimal Probe / 000",General Surgery,Probes,yes,40,"short-desc"
14-328-08,"DeBakey Bulldog Clamp",Surgical,CardiovascularSurgery,yes,51,"generic-category"
14-328-10,"DeBakey Bulldog Clamp",Surgical,CardiovascularSurgery,yes,52,"generic-category"
14-328-12,"DeBakey Bulldog Clamp",Surgical,CardiovascularSurgery,yes,50,"generic-category"
14-334-09,"Glover Bulldog Clamp",Surgical,CardiovascularSurgery,yes,50,"generic-category"
14-338-22,"Potts Coarctation Clamp",Surgical,CardiovascularSurgery,yes,54,"generic-category"
14-340-22,"Potts Coarctation Clamp",Surgical,CardiovascularSurgery,yes,50,"generic-category"
14-398-02,"Harken Auricle Clamp",General Surgery,Clamps,yes,39,"short-desc"
14-398-03,"Harken Auricle Clamp",General Surgery,Clamps,yes,39,"short-desc"
14-398-04,"Harken Auricle Clamp",General Surgery,Clamps,yes,41,"short-desc"
14-392-02,"Forceps for Kidney-Pancreas",ENT,Ear & Nasal Forceps,yes,46,"short-desc"
14-392-03,"Forceps for Kidney-Pancreas",ENT,Ear & Nasal Forceps,yes,46,"short-desc"
14-426-16,"DeBakey-Pean Haemostatic Forceps",Surgical,CardiovascularSurgery,yes,63,"generic-category"
14-426-18,"DeBakey-Pean Haemostatic Forceps",Surgical,CardiovascularSurgery,yes,63,"generic-category"
14-426-20,"DeBakey-Pean Haemostatic Forceps",Surgical,CardiovascularSurgery,yes,63,"generic-category"
14-428-16,"DeBakey-Pean Haemostatic Forceps",Surgical,CardiovascularSurgery,yes,61,"generic-category"
14-428-18,"DeBakey-Pean Haemostatic Forceps",Surgical,CardiovascularSurgery,yes,61,"generic-category"
14-428-20,"DeBakey-Pean Haemostatic Forceps",Surgical,CardiovascularSurgery,yes,61,"generic-category"
14-420-31,"DeBakey Multi Purpose Vascular Clamp",Surgical,CardiovascularSurgery,yes,57,"generic-category"
14-360-18,"Bainbridge Multi Purpose Vascular Clamp",Surgical,CardiovascularSurgery,yes,68,"generic-category"
14-414-23,"Potts Multi Purpose Vascular Clamp",Surgical,CardiovascularSurgery,yes,65,"generic-category"
14-414-27,"Potts Multi Purpose Vascular Clamp",Surgical,CardiovascularSurgery,yes,63,"generic-category"
14-416-23,"Potts Multi Purpose Vascular Clamp",Surgical,CardiovascularSurgery,yes,61,"generic-category"
14-416-26,"Potts Multi Purpose Vascular Clamp",Surgical,CardiovascularSurgery,yes,61,"generic-category"
14-416-31,"Potts Multi Purpose Vascular Clamp",Surgical,CardiovascularSurgery,yes,61,"generic-category"
14-418-20,"DeBakey Multi Purpose Vascular Clamp",Surgical,CardiovascularSurgery,yes,55,"generic-category"
14-418-23,"DeBakey Multi Purpose Vascular Clamp",Surgical,CardiovascularSurgery,yes,55,"generic-category"
14-418-27,"DeBakey Multi Purpose Vascular Clamp",Surgical,CardiovascularSurgery,yes,57,"generic-category"
14-420-22,"DeBakey Multi Purpose Vascular Clamp",Surgical,CardiovascularSurgery,yes,55,"generic-category"
14-420-26,"DeBakey Multi Purpose Vascular Clamp",Surgical,CardiovascularSurgery,yes,55,"generic-category"
14-315-20,"DeBakey Vascular Forceps",Surgical,CardiovascularSurgery,yes,61,"generic-category"
14-315-24,"DeBakey Vascular Forceps",Surgical,CardiovascularSurgery,yes,61,"generic-category"
14-316-20,"DeBakey Vascular Forceps",Surgical,CardiovascularSurgery,yes,59,"generic-category"
14-316-24,"DeBakey Vascular Forceps",Surgical,CardiovascularSurgery,yes,59,"generic-category"
14-317-16,"DeBakey Vascular Forceps",Surgical,CardiovascularSurgery,yes,57,"generic-category"
14-318-20,"DeBakey Vascular Forceps",Surgical,CardiovascularSurgery,yes,61,"generic-category"
14-318-25,"DeBakey Vascular Forceps",Surgical,CardiovascularSurgery,yes,61,"generic-category"
14-356-19,"Leland-Jones Peripheral vascular clamp",Surgical,CardiovascularSurgery,yes,57,"generic-category"
14-356-20,"Leland-Jones Peripheral vascular clamp",Surgical,CardiovascularSurgery,yes,57,"generic-category"
14-546-02,"Castaneda Neonatal Vascular Clamp",Cardiovascular,Vascular Clamps,yes,40,"short-desc"
14-546-03,"Castaneda Neonatal Vascular Clamp",Cardiovascular,Vascular Clamps,yes,40,"short-desc"
14-546-04,"Castaneda Neonatal Vascular Clamp",Cardiovascular,Vascular Clamps,yes,40,"short-desc"
14-319-24,"DeBakey &#8211; Diethrich Vascular Forceps",Surgical,CardiovascularSurgery,yes,73,"generic-category"
14-320-19,"DeBakey &#8211; Diethrich Vascular Forceps",Surgical,CardiovascularSurgery,yes,75,"generic-category"
14-320-24,"DeBakey &#8211; Diethrich Vascular Forceps",Surgical,CardiovascularSurgery,yes,73,"generic-category"
14-321-19,"DeBakey Vascular Forceps",Surgical,CardiovascularSurgery,yes,63,"generic-category"
14-321-24,"DeBakey Vascular Forceps",Surgical,CardiovascularSurgery,yes,61,"generic-category"
14-321-30,"DeBakey Vascular Forceps",Surgical,CardiovascularSurgery,yes,61,"generic-category"
14-321-38,"DeBakey Vascular Forceps",Surgical,CardiovascularSurgery,yes,61,"generic-category"
14-322-19,"DeBakey Vascular Forceps",Surgical,CardiovascularSurgery,yes,63,"generic-category"
14-322-24,"DeBakey Vascular Forceps",Surgical,CardiovascularSurgery,yes,61,"generic-category"
14-322-30,"DeBakey Vascular Forceps",Surgical,CardiovascularSurgery,yes,61,"generic-category"
14-322-38,"DeBakey Vascular Forceps",Surgical,CardiovascularSurgery,yes,61,"generic-category"
14-323-19,"Cooley Vascular Forceps",Surgical,CardiovascularSurgery,yes,62,"generic-category"
14-323-24,"Cooley Vascular Forceps",Surgical,CardiovascularSurgery,yes,60,"generic-category"
14-324-19,"Chitwood-DeBakey Vascular Forceps",Surgical,CardiovascularSurgery,yes,83,"generic-category"
14-324-24,"Chitwood-DeBakey Vascular Forceps",Surgical,CardiovascularSurgery,yes,81,"generic-category"
14-325-19,"Chitwood-DeBakey Vascular Forceps",Surgical,CardiovascularSurgery,yes,83,"generic-category"
14-325-24,"Chitwood-DeBakey Vascular Forceps",Surgical,CardiovascularSurgery,yes,81,"generic-category"
14-326-19,"Chitwood-DeBakey Vascular Forceps",Surgical,CardiovascularSurgery,yes,83,"generic-category"
14-327-19,"Chitwood-DeBakey Vascular Forceps",Surgical,CardiovascularSurgery,yes,83,"generic-category"
14-327-24,"Chitwood-DeBakey Vascular Forceps",Surgical,CardiovascularSurgery,yes,81,"generic-category"
27-104-45,"Obwegesser Mandibular Retractor",Surgical,Cranio-Maxillo-FacialSurgery,yes,52,"generic-category"
27-104-60,"Obwegesser Mandibular Retractor",Surgical,Cranio-Maxillo-FacialSurgery,yes,52,"generic-category"
27-126-22,"Obwegeser Freer Perio. Elevator bl 6mm",Surgical,Cranio-Maxillo-FacialSurgery,yes,50,"generic-category"
27-182-45,"Tessier Nasal Speculum",Surgical,Cranio-Maxillo-FacialSurgery,yes,66,"generic-category"
27-216-14,"Tessier Periosteal elevator",Surgical,Cranio-Maxillo-FacialSurgery,yes,51,"generic-category"
27-114-17,"Obwegesser Ramus Clamp",Surgical,Cranio-Maxillo-FacialSurgery,yes,50,"generic-category"
27-120-07,"Obwegesser periosteal elevator",Surgical,Cranio-Maxillo-FacialSurgery,yes,59,"generic-category"
27-120-09,"Obwegesser periosteal elevator",Surgical,Cranio-Maxillo-FacialSurgery,yes,59,"generic-category"
27-120-11,"Obwegesser periosteal elevator",Surgical,Cranio-Maxillo-FacialSurgery,yes,60,"generic-category"
27-122-07,"Obwegesser periosteal elevator",Surgical,Cranio-Maxillo-FacialSurgery,yes,57,"generic-category"
27-122-09,"Obwegesser periosteal elevator",Surgical,Cranio-Maxillo-FacialSurgery,yes,57,"generic-category"
27-122-11,"Obwegesser periosteal elevator",Surgical,Cranio-Maxillo-FacialSurgery,yes,58,"generic-category"
27-150-08,"Obwegesser Osteotome Elastic Blade",Orthopedic,Osteotomes & Chisels,yes,47,"short-desc"
27-152-06,"Obwegesser osteotome for alveolar process",Surgical,Cranio-Maxillo-FacialSurgery,yes,58,"generic-category"
27-192-15,"Tessier Osteotome",Surgical,Cranio-Maxillo-FacialSurgery,yes,81,"generic-category"
27-192-20,"Tessier Osteotome",Surgical,Cranio-Maxillo-FacialSurgery,yes,81,"generic-category"
27-192-30,"Tessier Osteotome",Surgical,Cranio-Maxillo-FacialSurgery,yes,81,"generic-category"
27-194-15,"Tessier Osteotome",Surgical,Cranio-Maxillo-FacialSurgery,yes,79,"generic-category"
27-196-15,"Tessier Osteotome",Surgical,Cranio-Maxillo-FacialSurgery,yes,75,"generic-category"
27-198-15,"Tessier Osteotome",Surgical,Cranio-Maxillo-FacialSurgery,yes,73,"generic-category"
27-100-25,"Obwegesser Soft Tissue Retractor",Surgical,Cranio-Maxillo-FacialSurgery,yes,64,"generic-category"
27-100-35,"Obwegesser Soft Tissue Retractor",Surgical,Cranio-Maxillo-FacialSurgery,yes,65,"generic-category"
27-100-42,"Obwegesser Soft Tissue Retractor",Surgical,Cranio-Maxillo-FacialSurgery,yes,65,"generic-category"
27-100-55,"Obwegesser Soft Tissue Retractor",Surgical,Cranio-Maxillo-FacialSurgery,yes,67,"generic-category"
27-100-67,"Obwegesser Soft Tissue Retractor",Surgical,Cranio-Maxillo-FacialSurgery,yes,67,"generic-category"
27-100-80,"Obwegesser Soft Tissue Retractor",Surgical,Cranio-Maxillo-FacialSurgery,yes,65,"generic-category"
27-102-25,"Obwegesser Soft Tissue Retractor",Surgical,Cranio-Maxillo-FacialSurgery,yes,66,"generic-category"
27-102-35,"Obwegesser Soft Tissue Retractor",Surgical,Cranio-Maxillo-FacialSurgery,yes,67,"generic-category"
27-102-42,"Obwegesser Soft Tissue Retractor",Surgical,Cranio-Maxillo-FacialSurgery,yes,67,"generic-category"
27-102-55,"Obwegesser Soft Tissue Retractor",Surgical,Cranio-Maxillo-FacialSurgery,yes,69,"generic-category"
27-102-66,"Obwegesser Soft Tissue Retractor",Surgical,Cranio-Maxillo-FacialSurgery,yes,69,"generic-category"
27-138-06,"Obwegesser Septonasal Osteotome",Surgical,Cranio-Maxillo-FacialSurgery,yes,55,"generic-category"
27-138-08,"Obwegesser Septonasal Osteotome",Surgical,Cranio-Maxillo-FacialSurgery,yes,55,"generic-category"
27-236-05,"Tessier Soft tissue retractor",Surgical,Cranio-Maxillo-FacialSurgery,yes,75,"generic-category"
27-238-17,"Tessier saddle hooklet",Surgical,Cranio-Maxillo-FacialSurgery,yes,61,"generic-category"
27-238-20,"Tessier saddle hooklet",Surgical,Cranio-Maxillo-FacialSurgery,yes,61,"generic-category"
17-104-02,"Fox Lupus curette",Orthopedic,Bone Curettes,yes,32,"short-desc"
17-104-03,"Fox Lupus curette",Orthopedic,Bone Curettes,yes,32,"short-desc"
17-104-04,"Fox Lupus curette",Orthopedic,Bone Curettes,yes,32,"short-desc"
17-106-02,"Wolff Lupus Curette",Orthopedic,Bone Curettes,yes,34,"short-desc"
17-106-03,"Wolff Lupus Curette",Orthopedic,Bone Curettes,yes,34,"short-desc"
27-110-24,"Obwegesser Nasal Spin Retractor",Surgical,Cranio-Maxillo-FacialSurgery,yes,53,"generic-category"
27-164-02,"Obwegesser Wire Twisting Forceps",ENT,Ear & Nasal Forceps,yes,39,"short-desc"
27-164-03,"Obwegesser Wire Twisting Forceps",ENT,Ear & Nasal Forceps,yes,39,"short-desc"
27-200-28,"Tessier Thoracic Retractor",Surgical,Cranio-Maxillo-FacialSurgery,yes,71,"generic-category"
27-224-15,"Tessier Spatula",Surgical,Cranio-Maxillo-FacialSurgery,yes,77,"generic-category"
27-224-20,"Tessier Spatula",Surgical,Cranio-Maxillo-FacialSurgery,yes,77,"generic-category"
27-226-15,"Tessier Soft tissue retractor",Surgical,Cranio-Maxillo-FacialSurgery,yes,81,"generic-category"
27-226-16,"Tessier Soft tissue retractor",Surgical,Cranio-Maxillo-FacialSurgery,yes,81,"generic-category"
27-236-06,"Tessier Soft tissue retractor",Surgical,Cranio-Maxillo-FacialSurgery,yes,76,"generic-category"
17-106-05,"Wolff Lupus Curette",Orthopedic,Bone Curettes,yes,34,"short-desc"
17-106-06,"Wolff Lupus Curette",Orthopedic,Bone Curettes,yes,34,"short-desc"
17-112-02,"Kaye face-lift hook",Cardiovascular,Vascular Clamps,yes,26,"short-desc"
20-495-02,"Bumm Uterine Curette",Orthopedic,Bone Curettes,yes,49,"short-desc"
20-495-03,"Bumm Uterine Curette",Orthopedic,Bone Curettes,yes,49,"short-desc"
20-496-29,"Rheinstadter Flushing Curette",Surgical,Gynecology,yes,64,"generic-category"
20-496-30,"Rheinstadter Flushing Curette",Surgical,Gynecology,yes,63,"generic-category"
20-406-05,"Schumacher Uterine Biopsy Forceps",Surgical,Gynecology,yes,71,"generic-category"
20-444-01,"Tip Only",Surgical,Gynecology,yes,62,"generic-category"
20-444-02,"Tip Only",Surgical,Gynecology,yes,66,"generic-category"
20-444-03,"Tip Only",Surgical,Gynecology,yes,80,"generic-category"
20-386-28,"Schubert Uterine Biopsy Forceps",Surgical,Gynecology,yes,55,"generic-category"
20-394-24,"Thomas-Gaylor Uterine Biopsy Forceps",Surgical,Gynecology,yes,60,"generic-category"
20-396-06,"Schumacher-Van Doren Uterine Biopsy Forceps",Surgical,Gynecology,yes,67,"generic-category"
20-426-90,"Townsend-Tischler Uterine Biopsy Forceps",Surgical,Gynecology,yes,66,"generic-category"
20-428-90,"Townsend-Tischler Uterine Biopsy Forceps",Surgical,Gynecology,yes,60,"generic-category"
20-430-90,"Townsend-Tischler Uterine Biopsy Forceps",Surgical,Gynecology,yes,62,"generic-category"
20-432-90,"Townsend-Mini Uterine Biopsy Forceps",Surgical,Gynecology,yes,62,"generic-category"
20-434-90,"Townsend-Mini Uterine Biopsy Forceps",Surgical,Gynecology,yes,56,"generic-category"
20-436-90,"Townsend-Mini Uterine Biopsy Forceps",Surgical,Gynecology,yes,58,"generic-category"
20-438-90,"Townsend-Burke Uterine Biopsy Forceps",Surgical,Gynecology,yes,53,"generic-category"
20-440-90,"Townsend-Kevorkian Uterine Biopsy Forceps",Surgical,Gynecology,yes,57,"generic-category"
20-442-90,"Townsend-Krause Uterine Biopsy Forceps",Surgical,Gynecology,yes,54,"generic-category"
20-446-32,"IUP Grasping Forceps",Surgical,Gynecology,yes,108,"generic-category"
20-488-06,"Uterine Curette",Surgical,Gynecology,yes,60,"generic-category"
20-488-07,"Uterine Curette",Surgical,Gynecology,yes,60,"generic-category"
20-488-08,"Uterine Curette",Surgical,Gynecology,yes,60,"generic-category"
20-488-09,"Uterine Curette",Surgical,Gynecology,yes,60,"generic-category"
20-488-12,"Uterine Curette",Surgical,Gynecology,yes,61,"generic-category"
20-488-14,"Uterine Curette",Surgical,Gynecology,yes,61,"generic-category"
20-488-15,"Uterine Curette",Surgical,Gynecology,yes,61,"generic-category"
20-488-16,"Uterine Curette",Surgical,Gynecology,yes,61,"generic-category"
20-488-19,"Uterine Curette",Surgical,Gynecology,yes,61,"generic-category"
20-488-20,"Uterine Curette",Surgical,Gynecology,yes,62,"generic-category"
20-488-21,"Uterine Curette",Surgical,Gynecology,yes,62,"generic-category"
20-488-23,"Uterine Curette",Surgical,Gynecology,yes,62,"generic-category"
20-488-25,"Uterine Curette",Surgical,Gynecology,yes,62,"generic-category"
20-488-30,"Uterine Curette",Surgical,Gynecology,yes,62,"generic-category"
20-488-35,"Uterine Curette",Surgical,Gynecology,yes,62,"generic-category"
20-488-40,"Uterine Curette",Surgical,Gynecology,yes,62,"generic-category"
20-490-07,"Uterine Curette",Surgical,Gynecology,yes,64,"generic-category"
20-490-08,"Uterine Curette",Surgical,Gynecology,yes,64,"generic-category"
20-490-09,"Uterine Curette",Surgical,Gynecology,yes,64,"generic-category"
20-490-11,"Uterine Curette",Surgical,Gynecology,yes,65,"generic-category"
20-490-12,"Uterine Curette",Surgical,Gynecology,yes,65,"generic-category"
20-490-14,"Uterine Curette",Surgical,Gynecology,yes,65,"generic-category"
20-490-15,"Uterine Curette",Surgical,Gynecology,yes,65,"generic-category"
20-490-16,"Uterine Curette",Surgical,Gynecology,yes,65,"generic-category"
20-490-19,"Uterine Curette",Surgical,Gynecology,yes,65,"generic-category"
20-490-20,"Uterine Curette",Surgical,Gynecology,yes,66,"generic-category"
20-490-21,"Uterine Curette",Surgical,Gynecology,yes,66,"generic-category"
20-490-23,"Uterine Curette",Surgical,Gynecology,yes,66,"generic-category"
20-490-30,"Uterine Curette",Surgical,Gynecology,yes,66,"generic-category"
20-490-35,"Uterine Curette",Surgical,Gynecology,yes,66,"generic-category"
20-490-40,"Uterine Curette",Surgical,Gynecology,yes,66,"generic-category"
20-492-20,"Sims Uterine Curette",Surgical,Gynecology,yes,50,"generic-category"
20-492-21,"Sims Uterine Curette",Surgical,Gynecology,yes,50,"generic-category"
20-492-23,"Sims Uterine Curette",Surgical,Gynecology,yes,50,"generic-category"
20-492-25,"Sims Uterine Curette",Surgical,Gynecology,yes,50,"generic-category"
20-492-30,"Sims Uterine Curette",Surgical,Gynecology,yes,50,"generic-category"
20-492-35,"Sims Uterine Curette",Surgical,Gynecology,yes,50,"generic-category"
20-492-40,"Sims Uterine Curette",Surgical,Gynecology,yes,50,"generic-category"
20-494-06,"Sims Uterine Curette",Surgical,Gynecology,yes,52,"generic-category"
20-494-07,"Sims Uterine Curette",Surgical,Gynecology,yes,52,"generic-category"
20-494-08,"Sims Uterine Curette",Surgical,Gynecology,yes,52,"generic-category"
20-494-09,"Sims Uterine Curette",Surgical,Gynecology,yes,52,"generic-category"
20-494-12,"Sims Uterine Curette",Surgical,Gynecology,yes,53,"generic-category"
20-494-14,"Sims Uterine Curette",Surgical,Gynecology,yes,53,"generic-category"
20-494-15,"Sims Uterine Curette",Surgical,Gynecology,yes,53,"generic-category"
20-494-16,"Sims Uterine Curette",Surgical,Gynecology,yes,53,"generic-category"
20-494-19,"Sims Uterine Curette",Surgical,Gynecology,yes,53,"generic-category"
20-494-20,"Sims Uterine Curette",Surgical,Gynecology,yes,54,"generic-category"
20-494-21,"Sims Uterine Curette",Surgical,Gynecology,yes,54,"generic-category"
20-494-23,"Sims Uterine Curette",Surgical,Gynecology,yes,54,"generic-category"
20-494-25,"Sims Uterine Curette",Surgical,Gynecology,yes,54,"generic-category"
20-494-30,"Sims Uterine Curette",Surgical,Gynecology,yes,54,"generic-category"
20-494-35,"Sims Uterine Curette",Surgical,Gynecology,yes,54,"generic-category"
20-494-40,"Sims Uterine Curette",Surgical,Gynecology,yes,54,"generic-category"
20-498-01,"Bumm Uterine Curette",Surgical,Gynecology,yes,53,"generic-category"
20-498-02,"Bumm Uterine Curette",Surgical,Gynecology,yes,53,"generic-category"
20-498-03,"Bumm Uterine Curette",Surgical,Gynecology,yes,53,"generic-category"
20-498-05,"Bumm Uterine Curette",Surgical,Gynecology,yes,53,"generic-category"
20-498-06,"Bumm Uterine Curette",Surgical,Gynecology,yes,53,"generic-category"
20-498-07,"Bumm Uterine Curette",Surgical,Gynecology,yes,53,"generic-category"
20-504-02,"Thomas Uterine Curette",Orthopedic,Bone Curettes,yes,44,"short-desc"
20-504-03,"Thomas Uterine Curette",Orthopedic,Bone Curettes,yes,44,"short-desc"
20-504-04,"Thomas Uterine Curette",Orthopedic,Bone Curettes,yes,44,"short-desc"
20-504-05,"Thomas Uterine Curette",Orthopedic,Bone Curettes,yes,44,"short-desc"
20-504-06,"Thomas Uterine Curette",Orthopedic,Bone Curettes,yes,44,"short-desc"
20-546-10,"Bozemann-Fritsch Uterine Flushing Tube",Surgical,Gynecology,yes,52,"generic-category"
20-234-06,"Uterine Dilator",Surgical,Gynecology,yes,57,"generic-category"
20-234-08,"Uterine Dilator",Surgical,Gynecology,yes,57,"generic-category"
20-234-10,"Uterine Dilator",Surgical,Gynecology,yes,58,"generic-category"
20-234-12,"Uterine Dilator",Surgical,Gynecology,yes,59,"generic-category"
20-234-14,"Uterine Dilator",Surgical,Gynecology,yes,59,"generic-category"
20-234-16,"Uterine Dilator",Surgical,Gynecology,yes,59,"generic-category"
20-234-18,"Uterine Dilator",Surgical,Gynecology,yes,59,"generic-category"
20-234-20,"Uterine Dilator",Surgical,Gynecology,yes,59,"generic-category"
20-234-22,"Uterine Dilator",Surgical,Gynecology,yes,59,"generic-category"
20-234-24,"Uterine Dilator",Surgical,Gynecology,yes,59,"generic-category"
20-234-26,"Uterine Dilator",Surgical,Gynecology,yes,59,"generic-category"
20-238-12,"Uterine Dilator",Surgical,Gynecology,yes,75,"generic-category"
20-238-16,"Uterine Dilator",Surgical,Gynecology,yes,75,"generic-category"
20-238-18,"Uterine Dilator",Surgical,Gynecology,yes,75,"generic-category"
20-238-20,"Uterine Dilator",Surgical,Gynecology,yes,76,"generic-category"
20-104-02,"Collin Vaginal Speculum",ENT,Ear & Nasal Speculums,yes,44,"short-desc"
20-104-03,"Collin Vaginal Speculum",ENT,Ear & Nasal Speculums,yes,44,"short-desc"
20-114-02,"Trelat Vaginal Speculum",ENT,Ear & Nasal Speculums,yes,44,"short-desc"
20-114-03,"Trelat Vaginal Speculum",ENT,Ear & Nasal Speculums,yes,44,"short-desc"
20-118-02,"Graves Vaginal Speculum",ENT,Ear & Nasal Speculums,yes,45,"short-desc"
20-118-03,"Graves Vaginal Speculum",ENT,Ear & Nasal Speculums,yes,45,"short-desc"
20-120-02,"Pederson Vaginal Speculum",ENT,Ear & Nasal Speculums,yes,48,"short-desc"
20-120-03,"Pederson Vaginal Speculum",ENT,Ear & Nasal Speculums,yes,47,"short-desc"
20-122-02,"Semm Vaginal Speculum",ENT,Ear & Nasal Speculums,yes,37,"short-desc"
20-178-01,"Scherbak Specula Blade",Surgical,Gynecology,yes,73,"generic-category"
20-130-02,"Jackson Vaginal Retractor",General Surgery,Retractors,yes,37,"short-desc"
20-130-03,"Jackson Vaginal Retractor",General Surgery,Retractors,yes,38,"short-desc"
20-132-02,"Kristeller Vaginal Speculum",ENT,Ear & Nasal Speculums,yes,46,"short-desc"
20-132-03,"Kristeller Vaginal Speculum",ENT,Ear & Nasal Speculums,yes,46,"short-desc"
20-178-10,"Scherbak Specula Blade",Surgical,Gynecology,yes,52,"generic-category"
20-178-04,"Scherbak Specula Blade",Surgical,Gynecology,yes,78,"generic-category"
20-178-05,"Scherbak Specula Blade",Surgical,Gynecology,yes,78,"generic-category"
20-178-13,"Scherbak Specula Blade",Surgical,Gynecology,yes,50,"generic-category"
20-136-03,"Jackson Vaginal Retractor",General Surgery,Retractors,yes,46,"short-desc"
20-156-02,"Kallmorgen Vaginal Speculum",ENT,Ear & Nasal Speculums,yes,47,"short-desc"
20-158-02,"Kallmorgen Vaginal Retractor",General Surgery,Retractors,yes,48,"short-desc"
28-414-55,"Bedpan",Surgical,Holloware,yes,56,"generic-category"
28-220-02,"Gallipot",Sterilization & Holloware,Containers,yes,27,"short-desc"
28-220-03,"Gallipot",Sterilization & Holloware,Containers,yes,28,"short-desc"
28-220-04,"Gallipot",Sterilization & Holloware,Containers,yes,28,"short-desc"
28-220-05,"Gallipot",Sterilization & Holloware,Containers,yes,28,"short-desc"
28-220-06,"Gallipot",Sterilization & Holloware,Containers,yes,29,"short-desc"
28-422-02,"Sterilizing Drum",Sterilization & Holloware,Containers,yes,32,"short-desc"
28-422-03,"Sterilizing Drum",Sterilization & Holloware,Containers,yes,32,"short-desc"
28-422-04,"Sterilizing Drum",Sterilization & Holloware,Containers,yes,32,"short-desc"
28-422-05,"Sterilizing Drum",Sterilization & Holloware,Containers,yes,32,"short-desc"
28-422-06,"Sterilizing Drum",Sterilization & Holloware,Containers,yes,32,"short-desc"
28-422-07,"Sterilizing Drum",Sterilization & Holloware,Containers,yes,32,"short-desc"
28-422-08,"Sterilizing Drum",Sterilization & Holloware,Containers,yes,32,"short-desc"
28-422-09,"Sterilizing Drum",Sterilization & Holloware,Containers,yes,32,"short-desc"
28-422-10,"Sterilizing Drum",Sterilization & Holloware,Containers,yes,32,"short-desc"
28-422-11,"Sterilizing Drum",Sterilization & Holloware,Containers,yes,32,"short-desc"
28-422-12,"Sterilizing Drum",Sterilization & Holloware,Containers,yes,32,"short-desc"
28-422-13,"Sterilizing Drum",Sterilization & Holloware,Containers,yes,32,"short-desc"
28-422-14,"Sterilizing Drum",Sterilization & Holloware,Containers,yes,32,"short-desc"
28-422-15,"Sterilizing Drum",Sterilization & Holloware,Containers,yes,32,"short-desc"
28-220-08,"Gallipot",Sterilization & Holloware,Containers,yes,29,"short-desc"
28-220-09,"Gallipot",Sterilization & Holloware,Containers,yes,29,"short-desc"
28-220-10,"Gallipot",Sterilization & Holloware,Containers,yes,29,"short-desc"
28-220-11,"Gallipot",Sterilization & Holloware,Containers,yes,29,"short-desc"
28-220-12,"Gallipot",Sterilization & Holloware,Containers,yes,29,"short-desc"
28-310-03,"Catheter Tray with Cover",Dental,Restorative,yes,42,"short-desc"
28-310-04,"Catheter Tray with Cover",Dental,Restorative,yes,42,"short-desc"
28-310-05,"Catheter Tray with Cover",Dental,Restorative,yes,43,"short-desc"
28-316-02,"Instruments Box with Filters",Sterilization & Holloware,Containers,yes,46,"short-desc"
28-316-03,"Instruments Box with Filters",Sterilization & Holloware,Containers,yes,47,"short-desc"
28-316-04,"Instruments Box with Filters",Sterilization & Holloware,Containers,yes,47,"short-desc"
28-316-05,"Instruments Box with Filters",Sterilization & Holloware,Containers,yes,47,"short-desc"
28-316-06,"Instruments Box with Filters",Sterilization & Holloware,Containers,yes,47,"short-desc"
28-316-07,"Instruments Box with Filters",Sterilization & Holloware,Containers,yes,47,"short-desc"
28-316-08,"Instruments Box with Filters",Sterilization & Holloware,Containers,yes,47,"short-desc"
28-316-09,"Instruments Box with Filters",Sterilization & Holloware,Containers,yes,47,"short-desc"
28-316-10,"Instruments Box with Filters",Sterilization & Holloware,Containers,yes,47,"short-desc"
28-316-11,"Instruments Box with Filters",Sterilization & Holloware,Containers,yes,48,"short-desc"
28-316-12,"Instruments Box with Filters",Sterilization & Holloware,Containers,yes,48,"short-desc"
28-290-02,"Instrument Box with Lid",Sterilization & Holloware,Containers,yes,42,"short-desc"
28-290-03,"Instrument Box with Lid",Sterilization & Holloware,Containers,yes,42,"short-desc"
28-290-04,"Instrument Box with Lid",Sterilization & Holloware,Containers,yes,42,"short-desc"
28-290-05,"Instrument Box with Lid",Sterilization & Holloware,Containers,yes,42,"short-desc"
28-290-06,"Instrument Box with Lid",Sterilization & Holloware,Containers,yes,42,"short-desc"
28-290-07,"Instrument Box with Lid",Sterilization & Holloware,Containers,yes,42,"short-desc"
28-290-08,"Instrument Box with Lid",Sterilization & Holloware,Containers,yes,42,"short-desc"
28-290-09,"Instrument Box with Lid",Sterilization & Holloware,Containers,yes,42,"short-desc"
28-290-10,"Instrument Box with Lid",Sterilization & Holloware,Containers,yes,42,"short-desc"
28-290-11,"Instrument Box with Lid",Sterilization & Holloware,Containers,yes,42,"short-desc"
28-256-02,"Instruments Tray with Lid",Dental,Restorative,yes,44,"short-desc"
28-256-03,"Instruments Tray with Lid",Dental,Restorative,yes,44,"short-desc"
28-256-04,"Instruments Tray with Lid",Dental,Restorative,yes,44,"short-desc"
28-256-05,"Instruments Tray with Lid",Dental,Restorative,yes,44,"short-desc"
28-256-06,"Instruments Tray with Lid",Dental,Restorative,yes,44,"short-desc"
28-256-07,"Instruments Tray with Lid",Dental,Restorative,yes,44,"short-desc"
28-256-08,"Instruments Tray with Lid",Dental,Restorative,yes,44,"short-desc"
28-256-09,"Instruments Tray with Lid",Dental,Restorative,yes,44,"short-desc"
28-256-10,"Instruments Tray with Lid",Dental,Restorative,yes,44,"short-desc"
28-256-11,"Instruments Tray with Lid",Dental,Restorative,yes,44,"short-desc"
28-256-12,"Instruments Tray with Lid",Dental,Restorative,yes,44,"short-desc"
28-260-02,"Instruments Tray without Lid",Dental,Restorative,yes,47,"short-desc"
28-260-03,"Instruments Tray without Lid",Dental,Restorative,yes,47,"short-desc"
28-260-04,"Instruments Tray without Lid",Dental,Restorative,yes,47,"short-desc"
28-260-05,"Instruments Tray without Lid",Dental,Restorative,yes,47,"short-desc"
28-260-06,"Instruments Tray without Lid",Dental,Restorative,yes,47,"short-desc"
28-260-07,"Instruments Tray without Lid",Dental,Restorative,yes,47,"short-desc"
28-260-08,"Instruments Tray without Lid",Dental,Restorative,yes,47,"short-desc"
28-260-09,"Instruments Tray without Lid",Dental,Restorative,yes,47,"short-desc"
28-260-10,"Instruments Tray without Lid",Dental,Restorative,yes,47,"short-desc"
28-260-11,"Instruments Tray without Lid",Dental,Restorative,yes,47,"short-desc"
28-260-12,"Instruments Tray without Lid",Dental,Restorative,yes,47,"short-desc"
28-280-05,"Wiremesh Baskets Perforated",Sterilization & Holloware,Containers,yes,47,"short-desc"
28-130-02,"Perforated Instruments Box",Sterilization & Holloware,Containers,yes,45,"short-desc"
28-130-03,"Perforated Instruments Box",Sterilization & Holloware,Containers,yes,45,"short-desc"
28-130-04,"Perforated Instruments Box",Sterilization & Holloware,Containers,yes,45,"short-desc"
28-130-05,"Perforated Instruments Box",Sterilization & Holloware,Containers,yes,45,"short-desc"
28-130-06,"Perforated Instruments Box",Sterilization & Holloware,Containers,yes,45,"short-desc"
28-130-07,"Perforated Instruments Box",Sterilization & Holloware,Containers,yes,45,"short-desc"
28-130-08,"Perforated Instruments Box",Sterilization & Holloware,Containers,yes,45,"short-desc"
28-130-09,"Perforated Instruments Box",Sterilization & Holloware,Containers,yes,45,"short-desc"
28-130-10,"Perforated Instruments Box",Sterilization & Holloware,Containers,yes,45,"short-desc"
28-130-11,"Perforated Instruments Box",Sterilization & Holloware,Containers,yes,46,"short-desc"
28-130-12,"Perforated Instruments Box",Sterilization & Holloware,Containers,yes,46,"short-desc"
15-137-03,"Brain Spatula for Leyla Retractor",Surgical,Neurosurgery.Laminectomy,yes,86,"generic-category"
15-137-04,"Brain Spatula for Leyla Retractor",Surgical,Neurosurgery.Laminectomy,yes,151,"generic-category"
15-137-05,"Brain Spatula for Leyla Retractor",Surgical,Neurosurgery.Laminectomy,yes,52,"generic-category"
15-137-06,"Brain Spatula for Leyla Retractor",Surgical,Neurosurgery.Laminectomy,yes,63,"generic-category"
15-137-07,"Brain Spatula for Leyla Retractor",Surgical,Neurosurgery.Laminectomy,yes,66,"generic-category"
15-137-08,"Brain Spatula for Leyla Retractor",Surgical,Neurosurgery.Laminectomy,yes,119,"generic-category"
15-137-09,"Brain Spatula for Leyla Retractor",Surgical,Neurosurgery.Laminectomy,yes,120,"generic-category"
15-137-11,"Brain Spatula for Leyla Retractor",Surgical,Neurosurgery.Laminectomy,yes,85,"generic-category"
15-137-15,"Brain Spatula for Leyla Retractor",Surgical,Neurosurgery.Laminectomy,yes,57,"generic-category"
15-137-16,"Brain Spatula for Leyla Retractor",Surgical,Neurosurgery.Laminectomy,yes,56,"generic-category"
15-206-02,"Tissue Pick",General Surgery,Tissue Forceps,yes,28,"short-desc"
15-238-20,"Tumor Knife",Plastic Surgery,Dermatomes,yes,26,"short-desc"
15-241-20,"Tumor Knife",Plastic Surgery,Dermatomes,yes,26,"short-desc"
15-242-20,"Tumor Knife",Plastic Surgery,Dermatomes,yes,26,"short-desc"
15-245-20,"Tumor Knife",Plastic Surgery,Dermatomes,yes,26,"short-desc"
15-246-20,"Tumor Knife",Plastic Surgery,Dermatomes,yes,26,"short-desc"
15-247-20,"Tumor Knife",Plastic Surgery,Dermatomes,yes,26,"short-desc"
15-248-20,"Tumor Knife",Plastic Surgery,Dermatomes,yes,26,"short-desc"
15-291-18,"Long Dissector",ENT,Mouth & Throat,yes,36,"short-desc"
15-333-17,"Smithwick Nerve Hook",Neurosurgery,Nerve Hooks,yes,27,"short-desc"
15-338-20,"Adson Hook",General Surgery,Tissue Forceps,yes,17,"short-desc"
15-591-40,"Medial Toothed Blades",Surgical,Neurosurgery.Laminectomy,yes,50,"generic-category"
15-591-45,"Medial Toothed Blades",Surgical,Neurosurgery.Laminectomy,yes,50,"generic-category"
15-591-50,"Medial Toothed Blades",Surgical,Neurosurgery.Laminectomy,yes,50,"generic-category"
15-591-55,"Medial Toothed Blades",Surgical,Neurosurgery.Laminectomy,yes,50,"generic-category"
15-591-60,"Medial Toothed Blades",Surgical,Neurosurgery.Laminectomy,yes,50,"generic-category"
15-591-65,"Medial Toothed Blades",Surgical,Neurosurgery.Laminectomy,yes,50,"generic-category"
15-591-70,"Medial Toothed Blades",Surgical,Neurosurgery.Laminectomy,yes,50,"generic-category"
15-339-16,"Graham Hook",Neurosurgery,Nerve Hooks,yes,20,"short-desc"
15-358-02,"Wagener Nerve and Dura Hook",Neurosurgery,Nerve Hooks,yes,42,"short-desc"
15-358-03,"Wagener Nerve and Dura Hook",Neurosurgery,Nerve Hooks,yes,42,"short-desc"
15-358-04,"Wagener Nerve and Dura Hook",Neurosurgery,Nerve Hooks,yes,42,"short-desc"
15-359-01,"Graefe Nerve and Dura Hook",Neurosurgery,Nerve Hooks,yes,41,"short-desc"
15-359-03,"Graefe Nerve and Dura Hook",Neurosurgery,Nerve Hooks,yes,41,"short-desc"
15-593-45,"Lateral Serrated Blades",Surgical,Neurosurgery.Laminectomy,yes,52,"generic-category"
15-593-50,"Lateral Serrated Blades",Surgical,Neurosurgery.Laminectomy,yes,52,"generic-category"
15-593-55,"Lateral Serrated Blades",Surgical,Neurosurgery.Laminectomy,yes,52,"generic-category"
15-593-60,"Lateral Serrated Blades",Surgical,Neurosurgery.Laminectomy,yes,52,"generic-category"
15-593-65,"Lateral Serrated Blades",Surgical,Neurosurgery.Laminectomy,yes,52,"generic-category"
15-593-70,"Lateral Serrated Blades",Surgical,Neurosurgery.Laminectomy,yes,52,"generic-category"
15-594-60,"Cervical Blades",Surgical,Neurosurgery.Laminectomy,yes,58,"generic-category"
15-596-45,"Medial Toothed Blades",Surgical,Neurosurgery.Laminectomy,yes,57,"generic-category"
15-596-50,"Medial Toothed Blades",Surgical,Neurosurgery.Laminectomy,yes,57,"generic-category"
15-596-55,"Medial Toothed Blades",Surgical,Neurosurgery.Laminectomy,yes,57,"generic-category"
15-596-60,"Medial Toothed Blades",Surgical,Neurosurgery.Laminectomy,yes,57,"generic-category"
15-597-45,"Lateral Serrated Blades",Surgical,Neurosurgery.Laminectomy,yes,59,"generic-category"
15-597-50,"Lateral Serrated Blades",Surgical,Neurosurgery.Laminectomy,yes,59,"generic-category"
15-597-55,"Lateral Serrated Blades",Surgical,Neurosurgery.Laminectomy,yes,59,"generic-category"
15-597-60,"Lateral Serrated Blades",Surgical,Neurosurgery.Laminectomy,yes,59,"generic-category"
15-616-50,"Lateral Serrated Blades",Surgical,Neurosurgery.Laminectomy,yes,54,"generic-category"
15-616-55,"Lateral Serrated Blades",Surgical,Neurosurgery.Laminectomy,yes,54,"generic-category"
15-616-60,"Lateral Serrated Blades",Surgical,Neurosurgery.Laminectomy,yes,54,"generic-category"
15-616-65,"Lateral Serrated Blades",Surgical,Neurosurgery.Laminectomy,yes,54,"generic-category"
15-622-45,"Medial Toothed Blades",Surgical,Neurosurgery.Laminectomy,yes,65,"generic-category"
15-622-50,"Medial Toothed Blades",Surgical,Neurosurgery.Laminectomy,yes,65,"generic-category"
15-622-55,"Medial Toothed Blades",Surgical,Neurosurgery.Laminectomy,yes,65,"generic-category"
15-622-60,"Medial Toothed Blades",Surgical,Neurosurgery.Laminectomy,yes,65,"generic-category"
15-623-45,"Lateral Serrated Blades",Surgical,Neurosurgery.Laminectomy,yes,67,"generic-category"
15-623-50,"Lateral Serrated Blades",Surgical,Neurosurgery.Laminectomy,yes,67,"generic-category"
15-623-55,"Lateral Serrated Blades",Surgical,Neurosurgery.Laminectomy,yes,67,"generic-category"
15-623-60,"Lateral Serrated Blades",Surgical,Neurosurgery.Laminectomy,yes,67,"generic-category"
15-624-50,"Blunt Blades",Surgical,Neurosurgery.Laminectomy,yes,56,"generic-category"
15-624-55,"Blunt Blades",Surgical,Neurosurgery.Laminectomy,yes,56,"generic-category"
15-624-60,"Blunt Blades",Surgical,Neurosurgery.Laminectomy,yes,56,"generic-category"
15-624-65,"Blunt Blades",Surgical,Neurosurgery.Laminectomy,yes,56,"generic-category"
15-625-40,"Medial Toothed Blades",Surgical,Neurosurgery.Laminectomy,yes,58,"generic-category"
15-625-45,"Medial Toothed Blades",Surgical,Neurosurgery.Laminectomy,yes,58,"generic-category"
15-625-50,"Medial Toothed Blades",Surgical,Neurosurgery.Laminectomy,yes,58,"generic-category"
15-625-55,"Medial Toothed Blades",Surgical,Neurosurgery.Laminectomy,yes,58,"generic-category"
15-625-60,"Medial Toothed Blades",Surgical,Neurosurgery.Laminectomy,yes,58,"generic-category"
15-626-45,"Lateral Serrated Blades",Surgical,Neurosurgery.Laminectomy,yes,60,"generic-category"
15-626-50,"Lateral Serrated Blades",Surgical,Neurosurgery.Laminectomy,yes,60,"generic-category"
15-626-55,"Lateral Serrated Blades",Surgical,Neurosurgery.Laminectomy,yes,60,"generic-category"
15-626-60,"Lateral Serrated Blades",Surgical,Neurosurgery.Laminectomy,yes,60,"generic-category"
15-628-50,"Blade for Caspar Cervical Spine Retractor Ref. 15-628-00 &#038; 15-628-50",Surgical,Neurosurgery.Laminectomy,yes,143,"generic-category"
15-630-40,"Lateral Blade for Caspar Microdiscectomy Retractor (15-629-45)",Surgical,Neurosurgery.Laminectomy,yes,69,"generic-category"
15-630-45,"Lateral Blade for Caspar Microdiscectomy Retractor (15-629-45)",Surgical,Neurosurgery.Laminectomy,yes,69,"generic-category"
15-630-50,"Lateral Blade for Caspar Microdiscectomy Retractor (15-629-45)",Surgical,Neurosurgery.Laminectomy,yes,69,"generic-category"
15-630-55,"Lateral Blade for Caspar Microdiscectomy Retractor (15-629-45)",Surgical,Neurosurgery.Laminectomy,yes,69,"generic-category"
15-630-60,"Lateral Blade for Caspar Microdiscectomy Retractor (15-629-45)",Surgical,Neurosurgery.Laminectomy,yes,69,"generic-category"
15-628-02,"Blade for Caspar Cervical Spine Retractor Ref. 15-628-00 &#038; 15-628-50",Surgical,Neurosurgery.Laminectomy,yes,68,"generic-category"
15-628-03,"Blade for Caspar Cervical Spine Retractor Ref. 15-628-00 &#038; 15-628-50",Surgical,Neurosurgery.Laminectomy,yes,68,"generic-category"
15-628-04,"Blade for Caspar Cervical Spine Retractor Ref. 15-628-00 &#038; 15-628-50",Surgical,Neurosurgery.Laminectomy,yes,68,"generic-category"
15-628-05,"Blade for Caspar Cervical Spine Retractor Ref. 15-628-00 &#038; 15-628-50",Surgical,Neurosurgery.Laminectomy,yes,68,"generic-category"
15-628-06,"Blade for Caspar Cervical Spine Retractor Ref. 15-628-00 &#038; 15-628-50",Surgical,Neurosurgery.Laminectomy,yes,68,"generic-category"
15-628-08,"Blade for Caspar Cervical Spine Retractor Ref. 15-628-00 &#038; 15-628-50",Surgical,Neurosurgery.Laminectomy,yes,68,"generic-category"
15-628-09,"Blade for Caspar Cervical Spine Retractor Ref. 15-628-00 &#038; 15-628-50",Surgical,Neurosurgery.Laminectomy,yes,68,"generic-category"
15-628-10,"Blade for Caspar Cervical Spine Retractor Ref. 15-628-00 &#038; 15-628-50",Surgical,Neurosurgery.Laminectomy,yes,68,"generic-category"
15-630-65,"Lateral Blade for Caspar Microdiscectomy Retractor (15-629-45)",Surgical,Neurosurgery.Laminectomy,yes,69,"generic-category"
15-630-75,"Lateral Blade for Caspar Microdiscectomy Retractor (15-629-45)",Surgical,Neurosurgery.Laminectomy,yes,69,"generic-category"
15-630-85,"Lateral Blade for Caspar Microdiscectomy Retractor (15-629-45)",Surgical,Neurosurgery.Laminectomy,yes,69,"generic-category"
15-631-45,"Paraspinal Blade for Caspar Microdiscectomy Retractor (15-629-45)",Surgical,Neurosurgery.Laminectomy,yes,72,"generic-category"
15-631-50,"Paraspinal Blade for Caspar Microdiscectomy Retractor (15-629-45)",Surgical,Neurosurgery.Laminectomy,yes,72,"generic-category"
15-631-55,"Paraspinal Blade for Caspar Microdiscectomy Retractor (15-629-45)",Surgical,Neurosurgery.Laminectomy,yes,72,"generic-category"
15-631-60,"Paraspinal Blade for Caspar Microdiscectomy Retractor (15-629-45)",Surgical,Neurosurgery.Laminectomy,yes,72,"generic-category"
15-631-65,"Paraspinal Blade for Caspar Microdiscectomy Retractor (15-629-45)",Surgical,Neurosurgery.Laminectomy,yes,72,"generic-category"
15-631-70,"Paraspinal Blade for Caspar Microdiscectomy Retractor (15-629-45)",Surgical,Neurosurgery.Laminectomy,yes,72,"generic-category"
15-634-40,"McCulloch 4-teeth Narrow Muscle Blades",Surgical,Neurosurgery.Laminectomy,yes,50,"generic-category"
15-634-50,"McCulloch 4-teeth Narrow Muscle Blades",Surgical,Neurosurgery.Laminectomy,yes,50,"generic-category"
15-634-60,"McCulloch 4-teeth Narrow Muscle Blades",Surgical,Neurosurgery.Laminectomy,yes,50,"generic-category"
15-634-70,"McCulloch 4-teeth Narrow Muscle Blades",Surgical,Neurosurgery.Laminectomy,yes,50,"generic-category"
15-634-80,"McCulloch 4-teeth Narrow Muscle Blades",Surgical,Neurosurgery.Laminectomy,yes,50,"generic-category"
15-640-10,"Frame only",Surgical,Neurosurgery.Laminectomy,yes,73,"generic-category"
15-643-58,"Blade for Caspar Vertebral Column Retractor",Surgical,Neurosurgery.Laminectomy,yes,50,"generic-category"
15-644-37,"Blade for Caspar Vertebral Column Retractor",Surgical,Neurosurgery.Laminectomy,yes,55,"generic-category"
15-644-43,"Blade for Caspar Vertebral Column Retractor",Surgical,Neurosurgery.Laminectomy,yes,55,"generic-category"
15-644-47,"Blade for Caspar Vertebral Column Retractor",Surgical,Neurosurgery.Laminectomy,yes,55,"generic-category"
15-644-52,"Blade for Caspar Vertebral Column Retractor",Surgical,Neurosurgery.Laminectomy,yes,55,"generic-category"
15-644-57,"Blade for Caspar Vertebral Column Retractor",Surgical,Neurosurgery.Laminectomy,yes,55,"generic-category"
15-644-62,"Blade for Caspar Vertebral Column Retractor",Surgical,Neurosurgery.Laminectomy,yes,55,"generic-category"
15-644-67,"Blade for Caspar Vertebral Column Retractor",Surgical,Neurosurgery.Laminectomy,yes,55,"generic-category"
15-645-37,"Blade for Caspar Vertebral Column Retractor",Surgical,Neurosurgery.Laminectomy,yes,55,"generic-category"
15-645-43,"Blade for Caspar Vertebral Column Retractor",Surgical,Neurosurgery.Laminectomy,yes,55,"generic-category"
15-645-47,"Blade for Caspar Vertebral Column Retractor",Surgical,Neurosurgery.Laminectomy,yes,55,"generic-category"
15-645-52,"Blade for Caspar Vertebral Column Retractor",Surgical,Neurosurgery.Laminectomy,yes,55,"generic-category"
15-645-57,"Blade for Caspar Vertebral Column Retractor",Surgical,Neurosurgery.Laminectomy,yes,55,"generic-category"
15-645-62,"Blade for Caspar Vertebral Column Retractor",Surgical,Neurosurgery.Laminectomy,yes,55,"generic-category"
15-645-67,"Blade for Caspar Vertebral Column Retractor",Surgical,Neurosurgery.Laminectomy,yes,55,"generic-category"
15-646-37,"Blade for Caspar Vertebral Column Retractor",Surgical,Neurosurgery.Laminectomy,yes,55,"generic-category"
15-646-43,"Blade for Caspar Vertebral Column Retractor",Surgical,Neurosurgery.Laminectomy,yes,55,"generic-category"
15-646-47,"Blade for Caspar Vertebral Column Retractor",Surgical,Neurosurgery.Laminectomy,yes,55,"generic-category"
15-646-52,"Blade for Caspar Vertebral Column Retractor",Surgical,Neurosurgery.Laminectomy,yes,55,"generic-category"
15-646-57,"Blade for Caspar Vertebral Column Retractor",Surgical,Neurosurgery.Laminectomy,yes,55,"generic-category"
15-646-62,"Blade for Caspar Vertebral Column Retractor",Surgical,Neurosurgery.Laminectomy,yes,55,"generic-category"
15-646-67,"Blade for Caspar Vertebral Column Retractor",Surgical,Neurosurgery.Laminectomy,yes,55,"generic-category"
15-647-01,"Caspar Distractor Similar to (15-647-00) but with elongated toothed bar for (more than 2) distraction",Surgical,Neurosurgery.Laminectomy,yes,101,"generic-category"
15-668-75,"Blade for Scoville-Haverfield Retractor",Surgical,Neurosurgery.Laminectomy,yes,66,"generic-category"
15-669-70,"Williams Retractor",Surgical,Neurosurgery.Laminectomy,yes,91,"generic-category"
15-671-60,"Williams Retractor",Surgical,Neurosurgery.Laminectomy,yes,92,"generic-category"
15-671-70,"Williams Retractor",Surgical,Neurosurgery.Laminectomy,yes,92,"generic-category"
15-526-18,"Caspar Rongeur",Surgical,Neurosurgery.Laminectomy,yes,86,"generic-category"
15-531-18,"Caspar Rongeur",Surgical,Neurosurgery.Laminectomy,yes,85,"generic-category"
15-536-18,"Caspar Rongeur",Surgical,Neurosurgery.Laminectomy,yes,84,"generic-category"
15-541-18,"Caspar Rongeur",Surgical,Neurosurgery.Laminectomy,yes,86,"generic-category"
15-555-19,"Oldberg Rongeur",Surgical,Neurosurgery.Laminectomy,yes,53,"generic-category"
15-547-12,"Cushing Rongeur",General Surgery,Tissue Forceps,yes,42,"short-desc"
15-549-15,"LOVE-GRUENWALD Rongeur",Surgical,Neurosurgery.Laminectomy,yes,50,"generic-category"
15-549-18,"LOVE-GRUENWALD Rongeur",Surgical,Neurosurgery.Laminectomy,yes,50,"generic-category"
15-551-15,"LOVE-GRUENWALD Rongeur",Surgical,Neurosurgery.Laminectomy,yes,51,"generic-category"
15-551-18,"LOVE-GRUENWALD Rongeur",Surgical,Neurosurgery.Laminectomy,yes,51,"generic-category"
15-554-12,"SPURLING Rongeur",Orthopedic,Rongeurs,yes,45,"short-desc"
15-560-18,"Decker Micro Disc Rongeur",Surgical,Neurosurgery.Laminectomy,yes,94,"generic-category"
15-659-10,"Vertebral and Lamina Spreader",Surgical,Neurosurgery.Laminectomy,yes,74,"generic-category"
21-130-36,"Nagele Obstetrical Forceps",ENT,Ear & Nasal Forceps,yes,35,"short-desc"
21-190-02,"Winter Placenta Forceps",ENT,Ear & Nasal Forceps,yes,48,"short-desc"
21-190-03,"Winter Placenta Forceps",ENT,Ear & Nasal Forceps,yes,48,"short-desc"
21-192-02,"Winter Placenta Forceps",ENT,Ear & Nasal Forceps,yes,46,"short-desc"
21-192-03,"Winter Placenta Forceps",ENT,Ear & Nasal Forceps,yes,46,"short-desc"
25-318-02,"Keen Bone Holding Forceps",Orthopedic,Bone Clamps,yes,41,"short-desc"
25-132-01,"Blade for Davis-Boyle Mouth Gag ref. 25-132-00",Surgical,OralMaxillo-FacialSurgery,yes,92,"generic-category"
25-132-02,"Blade for Davis-Boyle Mouth Gag ref. 25-132-00",Surgical,OralMaxillo-FacialSurgery,yes,91,"generic-category"
25-132-04,"Blade for Davis-Boyle Mouth Gag ref. 25-132-00",Surgical,OralMaxillo-FacialSurgery,yes,91,"generic-category"
25-132-05,"Blade for Davis-Boyle Mouth Gag ref. 25-132-00",Surgical,OralMaxillo-FacialSurgery,yes,88,"generic-category"
25-132-50,"Blade for Davis-Boyle Mouth Gag ref. 25-132-00",Surgical,OralMaxillo-FacialSurgery,yes,52,"generic-category"
25-132-90,"Blade for Davis-Boyle Mouth Gag ref. 25-132-00",Surgical,OralMaxillo-FacialSurgery,yes,70,"generic-category"
25-134-01,"Tongue Depressor",Surgical,OralMaxillo-FacialSurgery,yes,61,"generic-category"
25-134-02,"Tongue Depressor",Surgical,OralMaxillo-FacialSurgery,yes,61,"generic-category"
25-134-03,"Tongue Depressor",Surgical,OralMaxillo-FacialSurgery,yes,61,"generic-category"
25-300-02,"Rowe Disimpaction Forceps",ENT,Ear & Nasal Forceps,yes,38,"short-desc"
25-300-03,"Rowe Disimpaction Forceps",ENT,Ear & Nasal Forceps,yes,40,"short-desc"
25-300-04,"Rowe Disimpaction Forceps",ENT,Ear & Nasal Forceps,yes,39,"short-desc"
25-302-02,"Rowe Disimpaction Forceps",ENT,Ear & Nasal Forceps,yes,39,"short-desc"
25-302-03,"Rowe Disimpaction Forceps",ENT,Ear & Nasal Forceps,yes,41,"short-desc"
25-302-04,"Rowe Disimpaction Forceps",ENT,Ear & Nasal Forceps,yes,40,"short-desc"
25-406-23,"Hargis Perisoteal elevator",Orthopedic,Periosteal Elevators,yes,45,"short-desc"
25-144-13,"Oringer Lip and cheek retractor",Surgical,OralMaxillo-FacialSurgery,yes,50,"generic-category"
25-136-02,"Kilner-Doughty Tongue Depressor",Surgical,OralMaxillo-FacialSurgery,yes,108,"generic-category"
25-136-03,"Kilner-Doughty Tongue Depressor",Surgical,OralMaxillo-FacialSurgery,yes,108,"generic-category"
25-138-01,"Mclvor Tongue Depressors",Surgical,OralMaxillo-FacialSurgery,yes,75,"generic-category"
25-138-02,"Mclvor Tongue Depressors",Surgical,OralMaxillo-FacialSurgery,yes,74,"generic-category"
25-138-03,"Mclvor Tongue Depressors",Surgical,OralMaxillo-FacialSurgery,yes,74,"generic-category"
25-140-01,"Dingmann Tongue Depressors",Surgical,OralMaxillo-FacialSurgery,yes,76,"generic-category"
25-140-02,"Dingmann Tongue Depressors",Surgical,OralMaxillo-FacialSurgery,yes,76,"generic-category"
25-140-03,"Dingmann Tongue Depressors",Surgical,OralMaxillo-FacialSurgery,yes,76,"generic-category"
25-368-06,"Bauer Osteotome",Orthopedic,Osteotomes & Chisels,yes,30,"short-desc"
25-412-55,"Chain",Surgical,OralMaxillo-FacialSurgery,yes,59,"generic-category"
25-260-02,"Obwegeser Periosteal Elevator",Orthopedic,Periosteal Elevators,yes,38,"short-desc"
25-262-02,"Krenkel Periosteal Elevator",Orthopedic,Periosteal Elevators,yes,36,"short-desc"
25-280-13,"Doyen Tongue Spatula",Neurosurgery,Micro Instruments,yes,39,"short-desc"
25-454-10,"Steinhauser Ramus Osteotomes",Surgical,OralMaxillo-FacialSurgery,yes,52,"generic-category"
25-304-01,"Tessier Maxillary mobilizer zygoma elevator",Orthopedic,Periosteal Elevators,yes,49,"short-desc"
23-330-03,"Hartmann Ear Catheters",ENT,Ear & Nasal Speculums,yes,37,"short-desc"
23-460-02,"Buck Ear Curette",Orthopedic,Bone Curettes,yes,49,"short-desc"
23-460-03,"Buck Ear Curette",Orthopedic,Bone Curettes,yes,48,"short-desc"
23-460-04,"Buck Ear Curette",Orthopedic,Bone Curettes,yes,48,"short-desc"
23-460-05,"Buck Ear Curette",Orthopedic,Bone Curettes,yes,48,"short-desc"
23-460-06,"Buck Ear Curette",Orthopedic,Bone Curettes,yes,48,"short-desc"
23-460-07,"Buck Ear Curette",Orthopedic,Bone Curettes,yes,48,"short-desc"
23-462-02,"Buck Ear Curette",Orthopedic,Bone Curettes,yes,49,"short-desc"
23-462-03,"Buck Ear Curette",Orthopedic,Bone Curettes,yes,48,"short-desc"
23-480-02,"Shapleigh Ear curette",Orthopedic,Bone Curettes,yes,36,"short-desc"
25-220-55,"Obwegeser Soft Tissue Retractor",Surgical,OralMaxillo-FacialSurgery,yes,50,"generic-category"
25-220-80,"Obwegeser Soft Tissue Retractor",Surgical,OralMaxillo-FacialSurgery,yes,50,"generic-category"
25-232-02,"Koberg Retractor",General Surgery,Retractors,yes,40,"short-desc"
23-568-04,"Ear Syringe",Surgical,Otology,yes,65,"generic-category"
23-388-30,"Hartmann-Herzfelr Ear Polypus Forceps",Surgical,Otology,yes,67,"generic-category"
23-462-05,"Buck Ear Curette",Orthopedic,Bone Curettes,yes,48,"short-desc"
23-462-06,"Buck Ear Curette",Orthopedic,Bone Curettes,yes,48,"short-desc"
23-462-07,"Buck Ear Curette",Orthopedic,Bone Curettes,yes,48,"short-desc"
23-464-02,"Buck Ear Curette",Orthopedic,Bone Curettes,yes,49,"short-desc"
23-464-03,"Buck Ear Curette",Orthopedic,Bone Curettes,yes,48,"short-desc"
23-464-04,"Buck Ear Curette",Orthopedic,Bone Curettes,yes,48,"short-desc"
23-464-05,"Buck Ear Curette",Orthopedic,Bone Curettes,yes,48,"short-desc"
23-464-06,"Buck Ear Curette",Orthopedic,Bone Curettes,yes,48,"short-desc"
23-464-07,"Buck Ear Curette",Orthopedic,Bone Curettes,yes,48,"short-desc"
23-466-03,"Buck Ear Curette",Orthopedic,Bone Curettes,yes,48,"short-desc"
23-466-04,"Buck Ear Curette",Orthopedic,Bone Curettes,yes,48,"short-desc"
23-466-05,"Buck Ear Curette",Orthopedic,Bone Curettes,yes,48,"short-desc"
23-466-06,"Buck Ear Curette",Orthopedic,Bone Curettes,yes,48,"short-desc"
23-466-07,"Buck Ear Curette",Orthopedic,Bone Curettes,yes,48,"short-desc"
23-566-02,"Lempert Ear scoop",Orthopedic,Rongeurs,yes,41,"short-desc"
23-566-03,"Lempert Ear scoop",Orthopedic,Rongeurs,yes,41,"short-desc"
23-566-04,"Lempert Ear scoop",Orthopedic,Rongeurs,yes,41,"short-desc"
23-566-05,"Lempert Ear scoop",Orthopedic,Rongeurs,yes,41,"short-desc"
23-568-05,"Ear Syringe",Surgical,Otology,yes,65,"generic-category"
01-100-03,"Dissecting Knife",Surgical,Dissecting Knives,yes,65,"generic-category"
01-100-04,"Dissecting Knife",Surgical,Dissecting Knives,yes,63,"generic-category"
23-244-02,"Politzer Ear Speculum",ENT,Ear & Nasal Speculums,yes,36,"short-desc"
23-244-03,"Politzer Ear Speculum",ENT,Ear & Nasal Speculums,yes,36,"short-desc"
23-244-04,"Politzer Ear Speculum",ENT,Ear & Nasal Speculums,yes,36,"short-desc"
23-248-02,"Hartmann Ear Speculum",ENT,Ear & Nasal Speculums,yes,38,"short-desc"
23-248-03,"Hartmann Ear Speculum",ENT,Ear & Nasal Speculums,yes,38,"short-desc"
23-248-04,"Hartmann Ear Speculum",ENT,Ear & Nasal Speculums,yes,38,"short-desc"
23-502-02,"Lucae Ear Hooklet",General Surgery,Tissue Forceps,yes,32,"short-desc"
23-502-03,"Lucae Ear Hooklet",General Surgery,Tissue Forceps,yes,32,"short-desc"
23-504-02,"Wagener Ear Hooklet",Neurosurgery,Nerve Hooks,yes,34,"short-desc"
23-504-03,"Wagener Ear Hooklet",Neurosurgery,Nerve Hooks,yes,34,"short-desc"
23-504-04,"Wagener Ear Hooklet",Neurosurgery,Nerve Hooks,yes,34,"short-desc"
23-568-91,"Irrigation adapter for ear syringes ref. 23-568-00 &#038; 23-568-04",Surgical,Otology,yes,62,"generic-category"
23-568-92,"Irrigation adapter for ear syringes ref. 23-568-00 &#038; 23-568-04",Surgical,Otology,yes,62,"generic-category"
01-100-05,"Dissecting Knife",Surgical,Dissecting Knives,yes,63,"generic-category"
01-108-26,"Virchow knife. with hollow handle Cutting length : 160 mm",Surgical,Autopsy. Cartilage. Post Mortem Knives,yes,64,"generic-category"
23-504-05,"Wagener Ear Hooklet",Neurosurgery,Nerve Hooks,yes,34,"short-desc"
02-138-18,"Mayo Dissecting Scissors",General Surgery,Scissors,yes,39,"short-desc"
23-132-02,"Rosen circular cut knife",Plastic Surgery,Dermatomes,yes,49,"short-desc"
23-132-06,"Rosen circular cut knife",Plastic Surgery,Dermatomes,yes,49,"short-desc"
23-504-06,"Wagener Ear Hooklet",Neurosurgery,Nerve Hooks,yes,34,"short-desc"
23-504-07,"Wagener Ear Hooklet",Neurosurgery,Nerve Hooks,yes,34,"short-desc"
23-506-02,"Day Ear Hooklet",Neurosurgery,Nerve Hooks,yes,30,"short-desc"
02-276-16,"DeBakey",General Surgery,Tissue Forceps,yes,38,"short-desc"
23-132-03,"Rosen circular cut knife",Plastic Surgery,Dermatomes,yes,49,"short-desc"
23-132-04,"Rosen circular cut knife",Plastic Surgery,Dermatomes,yes,49,"short-desc"
23-132-05,"Rosen circular cut knife",Plastic Surgery,Dermatomes,yes,49,"short-desc"
23-132-07,"Rosen circular cut knife",Plastic Surgery,Dermatomes,yes,49,"short-desc"
23-152-03,"Micro ear hook",Neurosurgery,Nerve Hooks,yes,44,"short-desc"
23-308-91,"Damper",Surgical,Otology,yes,66,"generic-category"
23-308-93,"Weights",Surgical,Otology,yes,60,"generic-category"
02-266-19,"Potts-Smith",General Surgery,Scissors,yes,42,"short-desc"
23-150-10,"Micro ear hook",Surgical,Otology,yes,50,"generic-category"
23-156-05,"McGee Micro ear hook",Surgical,Otology,yes,60,"generic-category"
23-180-40,"House Micro measuring rod",Surgical,Otology,yes,56,"generic-category"
23-180-45,"House Micro measuring rod",Surgical,Otology,yes,56,"generic-category"
23-180-50,"House Micro measuring rod",Surgical,Otology,yes,56,"generic-category"
23-308-90,"Damper",Surgical,Otology,yes,66,"generic-category"
23-308-92,"Knurled screw",Surgical,Otology,yes,60,"generic-category"
03-196-30,"Tissue Forceps",General Surgery,Tissue Forceps,yes,40,"short-desc"
23-182-02,"House Micro curette",Orthopedic,Bone Curettes,yes,49,"short-desc"
03-104-14,"Narrow Dissecting Forceps",ENT,Ear & Nasal Forceps,yes,42,"short-desc"
23-182-03,"House Micro curette",Orthopedic,Bone Curettes,yes,49,"short-desc"
24-346-03,"Joseph Musoca hooklet",Orthopedic,Periosteal Elevators,yes,34,"short-desc"
24-346-04,"Joseph Musoca hooklet",Orthopedic,Periosteal Elevators,yes,35,"short-desc"
24-364-16,"Aufricht Nasal retractor",Surgical,Rhinology,yes,59,"generic-category"
24-392-90,"Obturator for Guilen Suction rasparatory ref. 24-392-19",Surgical,Rhinology,yes,55,"generic-category"
03-164-17,"DeBakey Atraumatic Dressing Forceps",General Surgery,Tissue Forceps,yes,44,"short-desc"
03-174-16,"Jansen Nasal tampon forceps",General Surgery,Tissue Forceps,yes,43,"short-desc"
03-226-20,"Waugh Tissue Forceps",General Surgery,Tissue Forceps,yes,40,"short-desc"
03-266-06,"Micro Tissue Forceps",General Surgery,Tissue Forceps,yes,42,"short-desc"
24-318-02,"Lewis Nasal Rasp",Orthopedic,Rasps & Files,yes,47,"short-desc"
24-346-02,"Joseph Musoca hooklet",Orthopedic,Periosteal Elevators,yes,34,"short-desc"
24-354-02,"Cottle Alar Hooklet",Neurosurgery,Nerve Hooks,yes,41,"short-desc"
03-240-14,"Duval Intestinal forceps",Cardiovascular,Thoracic Instruments,yes,33,"short-desc"
03-248-15,"Lane Tissue Forceps",General Surgery,Tissue Forceps,yes,37,"short-desc"
03-268-18,"Cushing Tissue Forceps",General Surgery,Tissue Forceps,yes,40,"short-desc"
03-270-18,"Potts-Smith Tissue Forceps",General Surgery,Scissors,yes,44,"short-desc"
24-310-02,"Joseph Bone file",Orthopedic,Periosteal Elevators,yes,34,"short-desc"
24-322-02,"Maltz Nasal Rasp",Orthopedic,Rasps & Files,yes,31,"short-desc"
24-322-05,"Maltz Nasal Rasp",Orthopedic,Rasps & Files,yes,31,"short-desc"
24-322-08,"Maltz Nasal Rasp",Orthopedic,Rasps & Files,yes,31,"short-desc"
24-322-09,"Maltz Nasal Rasp",Orthopedic,Rasps & Files,yes,31,"short-desc"
24-330-03,"Cottle Nasal Hooklet",Neurosurgery,Nerve Hooks,yes,44,"short-desc"
24-322-06,"Maltz Nasal Rasp",Orthopedic,Rasps & Files,yes,31,"short-desc"
24-322-07,"Maltz Nasal Rasp",Orthopedic,Rasps & Files,yes,31,"short-desc"
03-502-30,"Standard Tissue Forceps",General Surgery,Tissue Forceps,yes,47,"short-desc"
24-308-02,"Maltz Nasal Rasp",Orthopedic,Rasps & Files,yes,47,"short-desc"
24-312-03,"Gallaher Antrum Rasp",Orthopedic,Rasps & Files,yes,45,"short-desc"
24-322-03,"Maltz Nasal Rasp",Orthopedic,Rasps & Files,yes,31,"short-desc"
24-322-04,"Maltz Nasal Rasp",Orthopedic,Rasps & Files,yes,31,"short-desc"
24-322-10,"Maltz Nasal Rasp",Orthopedic,Rasps & Files,yes,32,"short-desc"
24-330-02,"Cottle Nasal Hooklet",Neurosurgery,Nerve Hooks,yes,44,"short-desc"
24-266-02,"Cottle Osteotome",Orthopedic,Osteotomes & Chisels,yes,31,"short-desc"
24-266-03,"Cottle Osteotome",Orthopedic,Osteotomes & Chisels,yes,31,"short-desc"
24-266-04,"Cottle Osteotome",Orthopedic,Osteotomes & Chisels,yes,31,"short-desc"
24-266-05,"Cottle Osteotome",Orthopedic,Osteotomes & Chisels,yes,32,"short-desc"
24-274-02,"Rubin Osteotome",Orthopedic,Osteotomes & Chisels,yes,31,"short-desc"
24-274-03,"Rubin Osteotome",Orthopedic,Osteotomes & Chisels,yes,31,"short-desc"
24-276-02,"Walter Gouge",Orthopedic,Osteotomes & Chisels,yes,27,"short-desc"
24-278-02,"Walter Osteotome",Orthopedic,Osteotomes & Chisels,yes,29,"short-desc"
24-278-03,"Walter Osteotome",Orthopedic,Osteotomes & Chisels,yes,29,"short-desc"
24-278-04,"Walter Osteotome",Orthopedic,Osteotomes & Chisels,yes,29,"short-desc"
24-278-05,"Walter Osteotome",Orthopedic,Osteotomes & Chisels,yes,30,"short-desc"
24-280-02,"Fomon Chisel",Orthopedic,Osteotomes & Chisels,yes,25,"short-desc"
24-280-03,"Fomon Chisel",Orthopedic,Osteotomes & Chisels,yes,25,"short-desc"
24-280-04,"Fomon Chisel",Orthopedic,Osteotomes & Chisels,yes,25,"short-desc"
24-282-03,"Cinelli Osteotome",Orthopedic,Osteotomes & Chisels,yes,31,"short-desc"
24-300-03,"Joseph Nasal Saw",Surgical,Rhinology,yes,52,"generic-category"
24-312-02,"Gallaher Antrum Rasp",Orthopedic,Rasps & Files,yes,44,"short-desc"
24-414-15,"Cottle Nasal Speculum",Surgical,Rhinology,yes,59,"generic-category"
24-118-02,"Luc Ethmoid Bone Forceps",ENT,Ear & Nasal Forceps,yes,39,"short-desc"
24-120-02,"Brunings Septum Forceps",ENT,Ear & Nasal Forceps,yes,40,"short-desc"
24-120-04,"Brunings Septum Forceps",ENT,Ear & Nasal Forceps,yes,40,"short-desc"
24-202-03,"Ballenger Swivel Knife",General Surgery,Sponge Forceps,yes,37,"short-desc"
24-204-03,"Ballenger Swivel Knife",General Surgery,Sponge Forceps,yes,35,"short-desc"
24-256-03,"Ballenger Septum Gouge",General Surgery,Sponge Forceps,yes,35,"short-desc"
24-256-04,"Ballenger Septum Gouge",General Surgery,Sponge Forceps,yes,35,"short-desc"
24-282-04,"Cinelli Osteotome",Orthopedic,Osteotomes & Chisels,yes,31,"short-desc"
24-382-02,"Coakley Antrum Curette",Orthopedic,Bone Curettes,yes,37,"short-desc"
24-382-03,"Coakley Antrum Curette",Orthopedic,Bone Curettes,yes,37,"short-desc"
24-116-02,"Septum Forceps",ENT,Ear & Nasal Forceps,yes,37,"short-desc"
24-120-03,"Brunings Septum Forceps",ENT,Ear & Nasal Forceps,yes,40,"short-desc"
24-158-03,"Citelli Sphenoid Bone Punch",Surgical,Rhinology,yes,78,"generic-category"
24-202-02,"Ballenger Swivel Knife",General Surgery,Sponge Forceps,yes,37,"short-desc"
24-204-02,"Ballenger Swivel Knife",General Surgery,Sponge Forceps,yes,35,"short-desc"
24-220-02,"Krenkel Cleft Palate Periosteal Raspatory",Orthopedic,Periosteal Elevators,yes,48,"short-desc"
24-256-02,"Ballenger Septum Gouge",General Surgery,Sponge Forceps,yes,35,"short-desc"
24-382-04,"Coakley Antrum Curette",Orthopedic,Bone Curettes,yes,37,"short-desc"
24-382-05,"Coakley Antrum Curette",Orthopedic,Bone Curettes,yes,37,"short-desc"
24-382-06,"Coakley Antrum Curette",Orthopedic,Bone Curettes,yes,37,"short-desc"
24-206-90,"Spare knife for Brunings Septum knife ref. 24-206-16",Surgical,Rhinology,yes,52,"generic-category"
18-184-06,"De Martel-Wolfson Intestinal Anastomosis Clamp",Surgical,Stomach.Intestines.Rectum,yes,69,"generic-category"
18-192-08,"Stone-Watt Intestinal Anastomosis Clamp",General Surgery,Clamps,yes,47,"short-desc"
04-544-14,"Spencer-Wells Haemostatic Forceps",ENT,Ear & Nasal Forceps,yes,48,"short-desc"
18-336-02,"Pratt Crypt Hook",Neurosurgery,Nerve Hooks,yes,33,"short-desc"
18-336-03,"Pratt Crypt Hook",Neurosurgery,Nerve Hooks,yes,33,"short-desc"
24-208-02,"McKenty Septum elevator",Orthopedic,Periosteal Elevators,yes,36,"short-desc"
04-538-10,"Glover Bulldog Clamp",Cardiovascular,Vascular Clamps,yes,49,"short-desc"
04-512-60,"Bulldog Clamp",Cardiovascular,Vascular Clamps,yes,28,"short-desc"
18-186-25,"De Martel-Wolfson Closing Forceps",Surgical,Stomach.Intestines.Rectum,yes,91,"generic-category"
18-188-23,"De Martel-Wolfson Clamp holder",Surgical,Stomach.Intestines.Rectum,yes,88,"generic-category"
04-660-26,"Bengolea Haemostatic Forceps",General Surgery,Hemostatic Forceps,yes,43,"short-desc"
04-665-18,"Rochester Ochsner Forceps Straight",General Surgery,Hemostatic Forceps,yes,41,"short-desc"
04-718-26,"O?Shaugnessy Dissecting / Ligature Forceps",ENT,Ear & Nasal Forceps,yes,49,"short-desc"
18-128-13,"Lane Tissue Forceps",General Surgery,Tissue Forceps,yes,26,"short-desc"
18-164-22,"Kocher Intestinal Clamp",General Surgery,Hemostatic Forceps,yes,42,"short-desc"
18-350-10,"Rectal Biopsy Forceps",ENT,Ear & Nasal Forceps,yes,32,"short-desc"
04-812-13,"Lorna Towel Clamp",General Surgery,Towel Clamps,yes,49,"short-desc"
18-204-23,"Scheibe Organ Grasping Forceps",Surgical,Stomach.Intestines.Rectum,yes,55,"generic-category"
18-206-17,"Doyen-Baby Intestinal Clamp",Surgical,Stomach.Intestines.Rectum,yes,56,"generic-category"
18-206-18,"Doyen-Baby Intestinal Clamp",Surgical,Stomach.Intestines.Rectum,yes,58,"generic-category"
18-208-17,"Doyen-Baby Intestinal Clamp",Surgical,Stomach.Intestines.Rectum,yes,54,"generic-category"
18-208-21,"Doyen-Baby Intestinal Clamp",Surgical,Stomach.Intestines.Rectum,yes,54,"generic-category"
18-214-28,"Kocher Intestinal Clamp",Surgical,Stomach.Intestines.Rectum,yes,52,"generic-category"
18-216-25,"Kocher Intestinal Clamp",Surgical,Stomach.Intestines.Rectum,yes,50,"generic-category"
18-350-04,"Rectal Biopsy Forceps",ENT,Ear & Nasal Forceps,yes,49,"short-desc"
18-350-05,"Rectal Biopsy Forceps",ENT,Ear & Nasal Forceps,yes,49,"short-desc"
04-772-03,"Rogers Haemostatic Forceps",ENT,Ear & Nasal Forceps,yes,43,"short-desc"
05-100-26,"Ulrich Dressing Forceps",General Surgery,Tissue Forceps,yes,42,"short-desc"
18-204-20,"Scheibe Organ Grasping Forceps",Surgical,Stomach.Intestines.Rectum,yes,59,"generic-category"
18-206-21,"Doyen-Baby Intestinal Clamp",Surgical,Stomach.Intestines.Rectum,yes,58,"generic-category"
18-206-23,"Doyen-Baby Intestinal Clamp",Surgical,Stomach.Intestines.Rectum,yes,58,"generic-category"
18-208-18,"Doyen-Baby Intestinal Clamp",Surgical,Stomach.Intestines.Rectum,yes,54,"generic-category"
18-208-23,"Doyen-Baby Intestinal Clamp",Surgical,Stomach.Intestines.Rectum,yes,54,"generic-category"
18-214-25,"Kocher Intestinal Clamp",Surgical,Stomach.Intestines.Rectum,yes,54,"generic-category"
18-216-27,"Kocher Intestinal Clamp",Surgical,Stomach.Intestines.Rectum,yes,50,"generic-category"
18-282-08,"Schulze-Bergmann Rectal Speculum",Surgical,Stomach.Intestines.Rectum,yes,54,"generic-category"
18-282-12,"Schulze-Bergmann Rectal Speculum",Surgical,Stomach.Intestines.Rectum,yes,55,"generic-category"
18-310-52,"F.O. light carrier",Surgical,Stomach.Intestines.Rectum,yes,77,"generic-category"
18-310-94,"Pair of lateral blades",Surgical,Stomach.Intestines.Rectum,yes,109,"generic-category"
18-310-98,"Central blades",Surgical,Stomach.Intestines.Rectum,yes,94,"generic-category"
18-350-02,"Rectal Biopsy Forceps",ENT,Ear & Nasal Forceps,yes,49,"short-desc"
18-350-03,"Rectal Biopsy Forceps",ENT,Ear & Nasal Forceps,yes,49,"short-desc"
18-358-40,"Rectal Biopsy Forceps",Surgical,Stomach.Intestines.Rectum,yes,74,"generic-category"
18-280-03,"Sims Rectal Speculum",General Surgery,Scissors,yes,42,"short-desc"
18-280-04,"Sims Rectal Speculum",General Surgery,Scissors,yes,42,"short-desc"
18-310-50,"Alan-Parks Rectal Spreader",Surgical,Stomach.Intestines.Rectum,yes,58,"generic-category"
18-310-92,"Wing nut for Alan-Parks Rectal Spreader ref. 18-310-00 &#038; 18-310-50",Surgical,Stomach.Intestines.Rectum,yes,66,"generic-category"
18-310-96,"Pair of lateral blades",Surgical,Stomach.Intestines.Rectum,yes,108,"generic-category"
18-324-27,"Rudd Hemorrhoidal ligators",Surgical,Stomach.Intestines.Rectum,yes,63,"generic-category"
26-224-03,"Brunings Exchangeable Tip",Surgical,Tonsillectomy.Laryngo-Bronchoscopy,yes,87,"generic-category"
26-228-03,"Brunings Exchangeable Tip",Surgical,Tonsillectomy.Laryngo-Bronchoscopy,yes,87,"generic-category"
26-286-10,"Laryngeal Mirror",Surgical,Tonsillectomy.Laryngo-Bronchoscopy,yes,70,"generic-category"
26-286-14,"Laryngeal Mirror",Surgical,Tonsillectomy.Laryngo-Bronchoscopy,yes,70,"generic-category"
26-286-18,"Laryngeal Mirror",Surgical,Tonsillectomy.Laryngo-Bronchoscopy,yes,70,"generic-category"
26-286-20,"Laryngeal Mirror",Surgical,Tonsillectomy.Laryngo-Bronchoscopy,yes,70,"generic-category"
26-290-10,"Laryngeal Mirror",Surgical,Tonsillectomy.Laryngo-Bronchoscopy,yes,87,"generic-category"
26-290-12,"Laryngeal Mirror",Surgical,Tonsillectomy.Laryngo-Bronchoscopy,yes,87,"generic-category"
26-290-14,"Laryngeal Mirror",Surgical,Tonsillectomy.Laryngo-Bronchoscopy,yes,87,"generic-category"
26-290-22,"Laryngeal Mirror",Surgical,Tonsillectomy.Laryngo-Bronchoscopy,yes,87,"generic-category"
26-290-28,"Laryngeal Mirror",Surgical,Tonsillectomy.Laryngo-Bronchoscopy,yes,87,"generic-category"
26-290-30,"Laryngeal Mirror",Surgical,Tonsillectomy.Laryngo-Bronchoscopy,yes,88,"generic-category"
26-296-12,"Laryngeal Mirror",Surgical,Tonsillectomy.Laryngo-Bronchoscopy,yes,67,"generic-category"
26-296-14,"Laryngeal Mirror",Surgical,Tonsillectomy.Laryngo-Bronchoscopy,yes,67,"generic-category"
26-296-16,"Laryngeal Mirror",Surgical,Tonsillectomy.Laryngo-Bronchoscopy,yes,67,"generic-category"
26-296-18,"Laryngeal Mirror",Surgical,Tonsillectomy.Laryngo-Bronchoscopy,yes,67,"generic-category"
26-296-24,"Laryngeal Mirror",Surgical,Tonsillectomy.Laryngo-Bronchoscopy,yes,67,"generic-category"
06-370-05,"Brunner Retractor",General Surgery,Retractors,yes,39,"short-desc"
26-286-16,"Laryngeal Mirror",Surgical,Tonsillectomy.Laryngo-Bronchoscopy,yes,70,"generic-category"
26-286-22,"Laryngeal Mirror",Surgical,Tonsillectomy.Laryngo-Bronchoscopy,yes,70,"generic-category"
26-286-24,"Laryngeal Mirror",Surgical,Tonsillectomy.Laryngo-Bronchoscopy,yes,70,"generic-category"
26-286-26,"Laryngeal Mirror",Surgical,Tonsillectomy.Laryngo-Bronchoscopy,yes,70,"generic-category"
26-286-28,"Laryngeal Mirror",Surgical,Tonsillectomy.Laryngo-Bronchoscopy,yes,70,"generic-category"
26-286-30,"Laryngeal Mirror",Surgical,Tonsillectomy.Laryngo-Bronchoscopy,yes,71,"generic-category"
26-290-16,"Laryngeal Mirror",Surgical,Tonsillectomy.Laryngo-Bronchoscopy,yes,87,"generic-category"
26-290-18,"Laryngeal Mirror",Surgical,Tonsillectomy.Laryngo-Bronchoscopy,yes,87,"generic-category"
26-290-20,"Laryngeal Mirror",Surgical,Tonsillectomy.Laryngo-Bronchoscopy,yes,87,"generic-category"
26-290-24,"Laryngeal Mirror",Surgical,Tonsillectomy.Laryngo-Bronchoscopy,yes,87,"generic-category"
26-290-26,"Laryngeal Mirror",Surgical,Tonsillectomy.Laryngo-Bronchoscopy,yes,87,"generic-category"
26-296-10,"Laryngeal Mirror",Surgical,Tonsillectomy.Laryngo-Bronchoscopy,yes,67,"generic-category"
26-296-20,"Laryngeal Mirror",Surgical,Tonsillectomy.Laryngo-Bronchoscopy,yes,67,"generic-category"
26-296-22,"Laryngeal Mirror",Surgical,Tonsillectomy.Laryngo-Bronchoscopy,yes,67,"generic-category"
26-296-28,"Laryngeal Mirror",Surgical,Tonsillectomy.Laryngo-Bronchoscopy,yes,67,"generic-category"
26-296-30,"Laryngeal Mirror",Surgical,Tonsillectomy.Laryngo-Bronchoscopy,yes,68,"generic-category"
26-300-16,"Laryngeal Mirror",Surgical,Tonsillectomy.Laryngo-Bronchoscopy,yes,84,"generic-category"
26-300-18,"Laryngeal Mirror",Surgical,Tonsillectomy.Laryngo-Bronchoscopy,yes,84,"generic-category"
07-138-02,"Probe",General Surgery,Probes,yes,20,"short-desc"
16-128-01,"Luer Tracheal Tube",Surgical,Tracheotomy,yes,72,"generic-category"
16-128-03,"Luer Tracheal Tube",Surgical,Tracheotomy,yes,72,"generic-category"
16-128-04,"Luer Tracheal Tube",Surgical,Tracheotomy,yes,72,"generic-category"
16-128-06,"Luer Tracheal Tube",Surgical,Tracheotomy,yes,73,"generic-category"
16-128-07,"Luer Tracheal Tube",Surgical,Tracheotomy,yes,75,"generic-category"
26-300-10,"Laryngeal Mirror",Surgical,Tonsillectomy.Laryngo-Bronchoscopy,yes,84,"generic-category"
26-300-12,"Laryngeal Mirror",Surgical,Tonsillectomy.Laryngo-Bronchoscopy,yes,84,"generic-category"
26-300-14,"Laryngeal Mirror",Surgical,Tonsillectomy.Laryngo-Bronchoscopy,yes,84,"generic-category"
26-300-20,"Laryngeal Mirror",Surgical,Tonsillectomy.Laryngo-Bronchoscopy,yes,84,"generic-category"
26-300-24,"Laryngeal Mirror",Surgical,Tonsillectomy.Laryngo-Bronchoscopy,yes,84,"generic-category"
26-300-26,"Laryngeal Mirror",Surgical,Tonsillectomy.Laryngo-Bronchoscopy,yes,84,"generic-category"
26-300-30,"Laryngeal Mirror",Surgical,Tonsillectomy.Laryngo-Bronchoscopy,yes,85,"generic-category"
07-112-16,"Lockhart-Mummery Fistula Probe",General Surgery,Probes,yes,39,"short-desc"
07-126-18,"Probe",General Surgery,Probes,yes,20,"short-desc"
16-128-02,"Luer Tracheal Tube",Surgical,Tracheotomy,yes,72,"generic-category"
16-128-05,"Luer Tracheal Tube",Surgical,Tracheotomy,yes,72,"generic-category"
16-128-08,"Luer Tracheal Tube",Surgical,Tracheotomy,yes,75,"generic-category"
16-128-09,"Luer Tracheal Tube",Surgical,Tracheotomy,yes,75,"generic-category"
16-136-02,"Jackson Tracheal Tube",Surgical,Tracheotomy,yes,61,"generic-category"
16-136-03,"Jackson Tracheal Tube",Surgical,Tracheotomy,yes,61,"generic-category"
16-136-04,"Jackson Tracheal Tube",Surgical,Tracheotomy,yes,61,"generic-category"
26-300-22,"Laryngeal Mirror",Surgical,Tonsillectomy.Laryngo-Bronchoscopy,yes,84,"generic-category"
26-300-28,"Laryngeal Mirror",Surgical,Tonsillectomy.Laryngo-Bronchoscopy,yes,84,"generic-category"
16-136-07,"Jackson Tracheal Tube",Surgical,Tracheotomy,yes,62,"generic-category"
16-136-08,"Jackson Tracheal Tube",Surgical,Tracheotomy,yes,62,"generic-category"
16-136-09,"Jackson Tracheal Tube",Surgical,Tracheotomy,yes,62,"generic-category"
16-144-01,"Chevalier-Jackson Tracheal Tube",Surgical,Tracheotomy,yes,71,"generic-category"
16-144-03,"Chevalier-Jackson Tracheal Tube",Surgical,Tracheotomy,yes,71,"generic-category"
16-144-10,"Chevalier-Jackson Tracheal Tube",Surgical,Tracheotomy,yes,72,"generic-category"
16-136-05,"Jackson Tracheal Tube",Surgical,Tracheotomy,yes,61,"generic-category"
16-136-06,"Jackson Tracheal Tube",Surgical,Tracheotomy,yes,62,"generic-category"
16-144-02,"Chevalier-Jackson Tracheal Tube",Surgical,Tracheotomy,yes,71,"generic-category"
16-144-05,"Chevalier-Jackson Tracheal Tube",Surgical,Tracheotomy,yes,71,"generic-category"
16-144-06,"Chevalier-Jackson Tracheal Tube",Surgical,Tracheotomy,yes,72,"generic-category"
16-144-08,"Chevalier-Jackson Tracheal Tube",Surgical,Tracheotomy,yes,72,"generic-category"
16-144-09,"Chevalier-Jackson Tracheal Tube",Surgical,Tracheotomy,yes,72,"generic-category"
16-144-07,"Chevalier-Jackson Tracheal Tube",Surgical,Tracheotomy,yes,72,"generic-category"
03-168-23,"Gerald Atraumatic Dressing Forceps",General Surgery,Tissue Forceps,yes,41,"short-desc"
03-180-10,"Tr?eltsch Nasal tampon forceps",ENT,Ear & Nasal Forceps,yes,37,"short-desc"
03-198-14,"Tissue Forceps",General Surgery,Tissue Forceps,yes,42,"short-desc"
04-540-16,"Pean Haemostatic Forceps",General Surgery,Hemostatic Forceps,yes,41,"short-desc"
04-544-18,"Spencer-Wells Haemostatic Forceps",ENT,Ear & Nasal Forceps,yes,48,"short-desc"
06-310-05,"Kocher-Langenbeck Retractor",General Surgery,Hemostatic Forceps,yes,48,"short-desc"
06-338-04,"Hosel Retractor",General Surgery,Retractors,yes,35,"short-desc"
09-232-06,"Frazier Suction Cannula",General Surgery,Suction Tubes,yes,40,"short-desc"
11-315-23,"Rhoton-Type Needle Holder",General Surgery,Needle Holders,yes,40,"short-desc"
13-323-13,"Smith-Petersen Osteotome",Orthopedic,Osteotomes & Chisels,yes,48,"short-desc"
13-297-12,"Lexer-Mini Osteotome",Orthopedic,Osteotomes & Chisels,yes,34,"short-desc"
13-330-13,"Hibbs Gouge",Orthopedic,Osteotomes & Chisels,yes,37,"short-desc"
13-267-08,"Alexander Gouge",Orthopedic,Osteotomes & Chisels,yes,37,"short-desc"
13-309-05,"Caspar Curette",Orthopedic,Bone Curettes,yes,36,"short-desc"
13-313-04,"Caspar Curette",Orthopedic,Bone Curettes,yes,46,"short-desc"
13-319-06,"Lambotte-Mini Osteotome",Orthopedic,Osteotomes & Chisels,yes,46,"short-desc"
13-329-32,"Hibbs Chisel",Orthopedic,Osteotomes & Chisels,yes,36,"short-desc"
13-390-40,"Volkmann Bone Curette",General Surgery,Retractors,yes,42,"short-desc"
13-416-00,"Williger Bone Curette",Orthopedic,Bone Curettes,yes,44,"short-desc"
13-426-02,"Bushe Bone Curette",Orthopedic,Bone Curettes,yes,31,"short-desc"
13-441-10,"Williger Bone Curette",Surgical,BoneSurgery,yes,60,"generic-category"
13-498-25,"Lambotte Periosteal Elevator",Orthopedic,Osteotomes & Chisels,yes,44,"short-desc"
13-620-65,"Verbrugge-Muller Bone Lever",Orthopedic,Bone Clamps,yes,43,"short-desc"
13-908-08,"Stille Bone Rongeur",Orthopedic,Bone Cutters,yes,34,"short-desc"
20-178-02,"Scherbak Specula Blade",Surgical,Gynecology,yes,73,"generic-category"
20-178-03,"Scherbak Specula Blade",Surgical,Gynecology,yes,73,"generic-category"
01-100-01,"Dissecting Knife",Surgical,Dissecting Knives,yes,63,"generic-category"
01-100-02,"Dissecting Knife",Surgical,Dissecting Knives,yes,63,"generic-category"
01-106-26,"Walb Knife",Surgical,Autopsy. Cartilage. Post Mortem Knives,yes,62,"generic-category"
01-108-33,"Virchow knife. with hollow handle Cutting length : 160 mm",Surgical,Autopsy. Cartilage. Post Mortem Knives,yes,66,"generic-category"
01-198-30,"Dermatomes knife Schink Adjustable from 0.1 to 2.0 mm",Surgical,Dermatomes / Skin Grafting Knives,yes,60,"generic-category"
02-118-16,"Dissecting Scissors",General Surgery,Scissors,yes,43,"short-desc"
02-376-15,"Micro Scissors",Neurosurgery,Micro Instruments,yes,48,"short-desc"
03-208-12,"Graefe Tissue Forceps",General Surgery,Tissue Forceps,yes,39,"short-desc"
04-646-18,"Pean-Nippon Haemostatic Forceps",General Surgery,Hemostatic Forceps,yes,46,"short-desc"
06-236-16,"Cushing Saddle Hook",General Surgery,Tissue Forceps,yes,35,"short-desc"
06-310-06,"Kocher-Langenbeck Retractor",General Surgery,Hemostatic Forceps,yes,48,"short-desc"
06-340-02,"Doyen-Stille Retractor",General Surgery,Retractors,yes,41,"short-desc"
06-386-01,"Cooley Atrium Retractor",General Surgery,Retractors,yes,49,"short-desc"
11-270-24,"Mayo-Hegar Needle Holder",General Surgery,Scissors,yes,31,"short-desc"
13-260-12,"Chisels",Orthopedic,Osteotomes & Chisels,yes,23,"short-desc"
13-264-06,"Partsch Gouge",Orthopedic,Osteotomes & Chisels,yes,28,"short-desc"
13-279-06,"Lucas Chisel",Orthopedic,Osteotomes & Chisels,yes,25,"short-desc"
13-286-25,"Stille Chisel",Orthopedic,Bone Cutters,yes,39,"short-desc"
13-303-15,"Lexer Osteotome",Orthopedic,Osteotomes & Chisels,yes,39,"short-desc"
13-318-20,"Lambotte-Mini Osteotome",Orthopedic,Osteotomes & Chisels,yes,49,"short-desc"
13-320-44,"Lambotte Osteotome",Orthopedic,Osteotomes & Chisels,yes,42,"short-desc"
13-324-25,"Smith-Petersen Gouge",Orthopedic,Osteotomes & Chisels,yes,46,"short-desc"
13-329-06,"Hibbs Chisel",Orthopedic,Osteotomes & Chisels,yes,35,"short-desc"
13-390-20,"Volkmann Bone Curette",General Surgery,Retractors,yes,44,"short-desc"
13-441-11,"Williger Bone Curette",Surgical,BoneSurgery,yes,60,"generic-category"
13-606-25,"Lane Bone Lever",Orthopedic,Bone Clamps,yes,47,"short-desc"
13-794-24,"Bone Holding Forceps",Orthopedic,Bone Clamps,yes,49,"short-desc"
13-920-20,"Bone Rongeur",Orthopedic,Rongeurs,yes,38,"short-desc"
14-316-30,"DeBakey Vascular Forceps",Surgical,CardiovascularSurgery,yes,59,"generic-category"
14-318-30,"DeBakey Vascular Forceps",Surgical,CardiovascularSurgery,yes,61,"generic-category"
14-319-19,"DeBakey &#8211; Diethrich Vascular Forceps",Surgical,CardiovascularSurgery,yes,75,"generic-category"
14-326-24,"Chitwood-DeBakey Vascular Forceps",Surgical,CardiovascularSurgery,yes,81,"generic-category"
14-358-18,"Bainbridge Multi Purpose Vascular Clamp",Surgical,CardiovascularSurgery,yes,70,"generic-category"
14-414-31,"Potts Multi Purpose Vascular Clamp",Surgical,CardiovascularSurgery,yes,65,"generic-category"
14-496-02,"Cooley-Derra Anastomosis Clamp",Cardiovascular,Vascular Clamps,yes,49,"short-desc"
14-508-25,"Hach Fasciotomy Spatula",Neurosurgery,Micro Instruments,yes,37,"short-desc"
15-131-20,"Memory Brain Spatula",Surgical,Neurosurgery.Laminectomy,yes,109,"generic-category"
15-137-17,"Brain Spatula for Leyla Retractor",Surgical,Neurosurgery.Laminectomy,yes,68,"generic-category"
15-235-20,"Tumor Knife",Plastic Surgery,Dermatomes,yes,26,"short-desc"
15-328-21,"Nicola Curettes / Raspatory",Orthopedic,Bone Curettes,yes,46,"short-desc"
15-359-02,"Graefe Nerve and Dura Hook",Neurosurgery,Nerve Hooks,yes,41,"short-desc"
15-413-02,"Bayonet Style Curette",Surgical,Neurosurgery.Laminectomy,yes,64,"generic-category"
15-418-02,"Bayonet Style Curette",Surgical,Neurosurgery.Laminectomy,yes,61,"generic-category"
15-516-18,"Caspar Rongeur",Surgical,Neurosurgery.Laminectomy,yes,85,"generic-category"
15-521-18,"Caspar Rongeur",Surgical,Neurosurgery.Laminectomy,yes,84,"generic-category"
15-616-45,"Lateral Serrated Blades",Surgical,Neurosurgery.Laminectomy,yes,54,"generic-category"
15-616-75,"Lateral Serrated Blades",Surgical,Neurosurgery.Laminectomy,yes,54,"generic-category"
15-628-01,"Blade for Caspar Cervical Spine Retractor Ref. 15-628-00 &#038; 15-628-50",Surgical,Neurosurgery.Laminectomy,yes,68,"generic-category"
15-669-60,"Williams Retractor",Surgical,Neurosurgery.Laminectomy,yes,91,"generic-category"
15-677-30,"Cloward-Type Cervical Retractor (Body Only) &#8211; without blades",Surgical,Neurosurgery.Laminectomy,yes,69,"generic-category"
16-136-01,"Jackson Tracheal Tube",Surgical,Tracheotomy,yes,61,"generic-category"
16-144-04,"Chevalier-Jackson Tracheal Tube",Surgical,Tracheotomy,yes,71,"generic-category"
17-100-13,"Spare Blade for Moncorps Milium Knife",Plastic Surgery,Dermatomes,yes,28,"short-desc"
17-106-04,"Wolff Lupus Curette",Orthopedic,Bone Curettes,yes,34,"short-desc"
17-152-18,"Kaye Face-Lift Scissors",Surgical,Dermatology,yes,70,"generic-category"
18-166-22,"Kocher Intestinal Clamp",General Surgery,Hemostatic Forceps,yes,38,"short-desc"
19-100-05,"Randall Kidney Stone Forceps",ENT,Ear & Nasal Forceps,yes,43,"short-desc"
19-172-92,"Lateral blades",Surgical,Liver.GallBladde.KidneyandUrology,yes,83,"generic-category"
19-178-24,"Guyon Urethral bougies and dilating sounds",Surgical,Liver.GallBladde.KidneyandUrology,yes,114,"generic-category"
19-190-07,"Desjardins Probes and catch",Surgical,Liver.GallBladde.KidneyandUrology,yes,64,"generic-category"
20-124-02,"Seyffert Vaginal Speculum",ENT,Ear & Nasal Speculums,yes,45,"short-desc"
20-136-02,"Jackson Vaginal Retractor",General Surgery,Retractors,yes,45,"short-desc"
20-234-04,"Uterine Dilator",Surgical,Gynecology,yes,57,"generic-category"
20-238-14,"Uterine Dilator",Surgical,Gynecology,yes,75,"generic-category"
20-488-11,"Uterine Curette",Surgical,Gynecology,yes,61,"generic-category"
20-490-06,"Uterine Curette",Surgical,Gynecology,yes,64,"generic-category"
20-490-25,"Uterine Curette",Surgical,Gynecology,yes,66,"generic-category"
20-494-11,"Sims Uterine Curette",Surgical,Gynecology,yes,53,"generic-category"
20-498-04,"Bumm Uterine Curette",Surgical,Gynecology,yes,53,"generic-category"
23-150-06,"Micro ear hook",Surgical,Otology,yes,50,"generic-category"
23-330-02,"Hartmann Ear Catheters",ENT,Ear & Nasal Speculums,yes,37,"short-desc"
23-388-25,"Hartmann-Herzfelr Ear Polypus Forceps",Surgical,Otology,yes,67,"generic-category"
23-462-04,"Buck Ear Curette",Orthopedic,Bone Curettes,yes,48,"short-desc"
23-466-02,"Buck Ear Curette",Orthopedic,Bone Curettes,yes,49,"short-desc"
24-236-20,"Killian Septum Elevator",Orthopedic,Periosteal Elevators,yes,49,"short-desc"
24-282-02,"Cinelli Osteotome",Orthopedic,Osteotomes & Chisels,yes,31,"short-desc"
24-284-02,"Neivert-Anderson Osteotome",Orthopedic,Osteotomes & Chisels,yes,47,"short-desc"
25-132-03,"Blade for Davis-Boyle Mouth Gag ref. 25-132-00",Surgical,OralMaxillo-FacialSurgery,yes,91,"generic-category"
25-136-01,"Kilner-Doughty Tongue Depressor",Surgical,OralMaxillo-FacialSurgery,yes,108,"generic-category"
25-246-15,"Schuchardt-Lauer Progeny Retractor",General Surgery,Retractors,yes,41,"short-desc"
26-286-12,"Laryngeal Mirror",Surgical,Tonsillectomy.Laryngo-Bronchoscopy,yes,70,"generic-category"
26-296-26,"Laryngeal Mirror",Surgical,Tonsillectomy.Laryngo-Bronchoscopy,yes,67,"generic-category"
27-102-80,"Obwegesser Soft Tissue Retractor",Surgical,Cranio-Maxillo-FacialSurgery,yes,69,"generic-category"
27-112-17,"Obwegesser Ramus Clamp",Surgical,Cranio-Maxillo-FacialSurgery,yes,51,"generic-category"
27-152-04,"Obwegesser osteotome for alveolar process",Surgical,Cranio-Maxillo-FacialSurgery,yes,56,"generic-category"
27-182-70,"Tessier Nasal Speculum",Surgical,Cranio-Maxillo-FacialSurgery,yes,66,"generic-category"
