id,sku,name,current_category,current_subcategory,suggested_category,suggested_subcategory
9408d348-f532-4db0-9922-7ffb53dd16aa,13-195-01,"Wire Cutting Plier",Uncategorized,General,,
e7600679-6509-4f31-a4ba-43dac111920d,30-114-15,"MC Sets Reusable Instruments",Uncategorized,General,,
48801cf0-75cd-4aae-b034-c38b07515d71,30-112-55,"Hysterectomy Set",Uncategorized,General,,
39a92c40-ddac-47b2-b535-81da34a819e6,30-110-81,"C-Section Sets",Uncategorized,General,,
4357115b-3dea-46f0-adf2-439631c70c5b,30-105-01,"CAESAREAN SECTION BASIC SET",Uncategorized,General,,
548a3836-0042-4d62-8ab4-8ce0074ad104,30-102-01,"TRACHEOSTOMY KIT",Uncategorized,General,,
799bef00-f7c5-48e0-aa15-4cc5387fa737,30-104-02,"BASIC ENT KIT",Uncategorized,General,,
1a810d5d-8ecf-430c-a08b-31114d40ec50,29-120-19,"Dissecting Kit &#8211; Set of 19 Pcs (Packed in Pouch)",Uncategorized,General,,
355318e1-d7be-435d-8b68-64d71055fa33,29-130-35,"Dissecting Kit &#8211; Set of 35 Pcs (Packed in Pouch)",Uncategorized,General,,
f6beb1fe-90b9-4738-889c-b325a70e4d4f,29-136-42,"Dissecting Kit &#8211; Set of 42 Pcs (Packed in Pouch)",Uncategorized,General,,
0db34068-85ec-4886-8ba0-303db93c3233,29-106-09,"Dissecting Kit &#8211; Set of 9 Pcs (Packed in Pouch)",Uncategorized,General,,
8c3c51dd-dcb2-4433-a409-4d852ca785c4,29-126-20,"Dissecting Kit &#8211; Set of 20 Pcs (Packed in Pouch)",Uncategorized,General,,
cfbeb886-b3d1-4b6e-bf09-381f3715de58,13-986-04-c,"Depth Gauge",Uncategorized,General,,
5a6a2f55-6c9d-417c-8fc9-c73e75b370ba,29-110-13,"Dissecting Kit &#8211; Set of 13 Pcs (Packed in Pouch)",Uncategorized,General,,
bf7f023c-489f-4f86-b8c0-42238b93a80b,28-418-45,"Bedpan",Uncategorized,General,,
70192f2f-9320-4d4f-89fb-b2dd5690b293,23-496-15,"Zaufal Foreign Body Lever",Uncategorized,General,,
3ae23fff-3b8e-458c-b8fa-460bb16c1d7f,29-100-09,"Dissecting Kit &#8211; Set of 9 Pcs (Packed in Pouch)",Uncategorized,General,,
55644bae-b6b8-4dab-9b45-ffb0005859a4,28-414-45,"Bedpan",Uncategorized,General,,
f4aa0579-6e07-4947-9de1-eadf149f097e,28-188-00,"Cotton Dispensers Stainless Steel",Uncategorized,General,,
767d7890-6782-4ac2-aed3-8da5b19e9891,28-148-30,"Lester Pumice Cup",Uncategorized,General,,
2faaa0cd-ffb2-460a-9097-6359f9808d79,28-106-40,"Stainless Steel rack for 15 instruments",Uncategorized,General,,
73dba75f-d45c-45e2-b90b-a1fcfd8f0645,27-262-26,"Tessier Caliper",Uncategorized,General,,
0f1521e8-598f-4e9c-a584-47def5fe22bb,27-278-01,"Marchac Frontal template",Uncategorized,General,,
a9e9ad8a-9148-45b1-877d-4156f17e73b3,15-207-09,"Handle with Chuck",Uncategorized,General,,
0d81c3fe-e5ed-48c5-adc0-218f8004ff4e,28-404-72,"Bedpan",Uncategorized,General,,
aa9a6bcf-6e78-4ae5-afdd-9c50b7f44470,28-382-01,"Petri Dish",Uncategorized,General,,
9996ec92-bb51-42d6-a568-62d101132f40,28-364-10,"Needle Case",Uncategorized,General,,
80f673d1-ce86-4cfc-a91a-37986ab5c1cc,27-222-16,"Tessier Trocar",Uncategorized,General,,
815d834f-7944-4ed0-b2b5-e3c598cc7e20,28-330-01,"Measuring Jug",Uncategorized,General,,
6c8667c6-ea31-46ab-bff6-820450d102ce,28-190-00,"Cotton Dispensers Stainless Steel",Uncategorized,General,,
c0b84b94-1bba-406f-952e-e437bbad66f5,28-200-13,"Spare wicks Round  (pack of 5)",Uncategorized,General,,
93fadf99-2177-40ea-932f-4d78cbb6ee73,27-280-80,"Marchac Caliper",Uncategorized,General,,
2526391f-3394-4a92-8f08-79087b0f5eb8,28-372-00,"Needle Case Compelete",Uncategorized,General,,
bf62eb63-c669-4506-b6af-f9cbb3dd1990,15-184-00,"Rhoton-Type Needle Straight",Uncategorized,General,,
093c3a08-1af9-4a61-8571-9920dacff7b6,15-208-08,"Handle with Chuck",Uncategorized,General,,
2137f574-f8ed-4a5c-90b2-8058836dc724,28-120-16,"Bur Holding Tweezer",Uncategorized,General,,
937a476a-a65a-4a71-8ebc-11a17691fecc,03-244-00,"Politzer Ear Specula Set of 4 (Fig",Uncategorized,General,,
d085600b-3242-4c91-9980-ad4f74dba3d1,28-378-10,"Funnel",Uncategorized,General,,
44310058-e7b0-460b-8a80-33bab711ec37,28-240-01,"Medicine Cup",Uncategorized,General,,
2d20160e-213a-4f16-8219-9e4bba92de1b,27-302-17,"Marchac Bone expander",Uncategorized,General,,
c8b68ba7-aaa7-428d-a9fb-e4fa7d4735d9,28-198-13,"Spare wicks Flat  (pack of 5)",Uncategorized,General,,
71303aa1-81aa-418f-940a-0ebc97b48cc7,28-360-17,"Needle Case",Uncategorized,General,,
5342d89d-2bb7-483b-8226-27149076587c,27-218-21,"Tessier Awl",Uncategorized,General,,
eb3c7900-a49e-449d-aaf6-9023e40047af,28-368-50,"Needle Cases Plain",Uncategorized,General,,
67ff68f4-6c95-4efa-a7aa-8a25af6f0d79,28-196-12,"Spirit Lamp 120 cc",Uncategorized,General,,
9de62e39-da8c-4527-b39b-ac01ab7769c3,28-236-01,"Wash Basin",Uncategorized,General,,
0e01d19d-1c23-4a82-a2d8-b3c6033eff7b,28-362-17,"Needle Case Sauerbruch",Uncategorized,General,,
8c664f4b-d874-4049-a792-470a18096163,15-183-00,"Rhoton-Type Needle Straight",Uncategorized,General,,
023796e2-e5c4-4a42-addd-103c6cccc4f1,20-230-16,"20-230-16",Uncategorized,General,,
1e0db2d8-62f1-4ac9-8a8d-2a080b07bdad,28-242-60,"Medicine Cup (Graduated)",Uncategorized,General,,
6858e420-fcb1-41b0-83ba-9441d997dfa9,28-192-12,"Spirit Lamp 120 cc",Uncategorized,General,,
8b978b96-4924-4f78-9dd8-09341fd556b8,15-123-21,"Love",Uncategorized,General,,
47a88fdc-dddd-48bc-8dbe-9b8c2f067bc2,28-336-01,"Measuring Jug",Uncategorized,General,,
05c8d7bb-4adb-4aaf-80ee-04a907d5022c,27-220-16,"Tessier Awl",Uncategorized,General,,
9a186a27-56b1-4b4e-b3c1-bbda596b2473,28-194-12,"Spirit Lamp 120 cc",Uncategorized,General,,
652c3937-bbad-461b-a16f-88a1fcd7cf1a,28-146-00,"Endometer Laser etched",Uncategorized,General,,
a92727f1-a816-4116-aab2-0b11fa095a49,28-118-00,"Mesh Burs Holder",Uncategorized,General,,
7280c7a7-23d5-4588-8d0f-cee2b086597e,27-154-23,"Obwegesser Maxillary Mobilizer",Uncategorized,General,,
4ceefcb5-458f-4ebb-8464-71c985f92b59,27-158-17,"Obwegesser Maxillary Awl",Uncategorized,General,,
088d0786-7d1d-489d-9e1c-8012fbc27cfc,27-156-15,"Obwegesser Maxillary Awl",Uncategorized,General,,
7ffebd76-3af1-461c-85c4-57b9c785fa65,28-300-01,"Electric Sterilizer",Uncategorized,General,,
cf3c58ab-3adf-40c9-a1c4-b54c285ff4c1,26-206-00,"Seiffert Exchangeable Tip",Uncategorized,General,,
3e63c636-6525-48ad-b3ca-cd2751f35d23,26-230-01,"Lange Exchangeable Tip",Uncategorized,General,,
03b55214-d621-4266-a5f5-9be079d9725f,26-120-18,"Cleft Palate Instrument",Uncategorized,General,,
a30709d7-79a0-4360-bb19-794bb6ef05f1,25-426-14,"Terry Ramus Pusher",Uncategorized,General,,
2062a16a-7a0c-481c-ba75-3878e9859b10,17-128-09,"Schamberg Comedone Extractor",Uncategorized,General,,
f00c2292-77fc-473d-818d-eaf1c37619fc,17-102-13,"Vidal Lupus scraper",Uncategorized,General,,
bdac6003-1501-46d1-ba02-dbc88b33030b,26-194-00,"Huber Universal handle",Uncategorized,General,,
b90ed09a-9f04-4373-848f-5f72f835a76a,26-252-01,"Cordes Exchangeable Tip",Uncategorized,General,,
0c5bce67-13b5-49d8-8a55-000855e055a4,26-240-00,"Krause Exchangeable Tip",Uncategorized,General,,
8cd1fa3d-5e17-4f74-a31a-396c334322c5,26-122-18,"Cleft Palate Instrument",Uncategorized,General,,
c7916191-00bc-49b8-8341-f5740d500e1b,17-130-16,"Katsch Comedone Extractor",Uncategorized,General,,
faad4bc6-03d5-4948-80e0-1b9abd30e398,26-260-00,"Rosenberg Exchangeable Tip",Uncategorized,General,,
8101a2e5-1f1a-4d17-8cbd-aa5d94139a84,26-108-18,"Salyer cleft palate instrument",Uncategorized,General,,
a544aaa0-962f-41a1-b49f-a0f7910e1d85,17-124-11,"Saalfeld Comedone Extractor",Uncategorized,General,,
22816b41-8087-4b7f-bcfc-56768cb45b3a,26-256-00,"Cordes Exchangeable Tip",Uncategorized,General,,
4fe2ffd9-216d-42c3-98f6-541555c73fe0,27-106-11,"Obwegeser Nasal Ramus Forked Ret",Uncategorized,General,,
6c8bae0c-86a3-41ff-a562-fe36a88f487e,26-210-00,"Seiffert Exchangeable Tip",Uncategorized,General,,
69cd4a5c-1bf0-437d-a7df-fae145ff55b1,26-248-00,"Schumacher Exchangeable Tip",Uncategorized,General,,
d9b4bd91-e58a-41eb-bf4b-4b7cde4bd069,26-216-00,"Scheinmann Exchangeable Tip",Uncategorized,General,,
82d23ca8-1e9e-4acc-857f-644f9257250c,26-160-17,"Luniatschek Gauze Packer",Uncategorized,General,,
c6728ff9-1ff2-4a90-a026-b61846cc7f6f,17-132-11,"Unna-Vidal Comedone Extractor",Uncategorized,General,,
0c44d4f5-fed2-4d4f-88ab-9b43bfa8be57,17-120-14,"Unna Comedone Extractor",Uncategorized,General,,
9c1e26c4-7f1d-4299-b4d1-493e06440ce4,26-220-00,"Scheinmann Exchangeable Tip",Uncategorized,General,,
bb336ddf-969d-4d45-9f82-cb3a55ec9e45,26-236-01,"Krause Exchangeable Tip",Uncategorized,General,,
02a6865e-faee-432f-99d7-e9e486c8be4b,26-162-17,"Luniatschek Gauze Packer",Uncategorized,General,,
a4a6e9e9-7a51-496c-a8ae-78d49423639e,25-430-17,"Terry Wire Introducer",Uncategorized,General,,
f870a6ef-136f-4ae1-a3eb-88437414ed26,26-196-22,"Brunings Interchangeable tube",Uncategorized,General,,
4e403908-7fe6-4374-b121-80c780fc0405,26-244-01,"Cordes Exchangeable Tip",Uncategorized,General,,
c1ff1ab2-f5bc-42a1-9c66-04b4bb006d9b,25-444-17,"Turvey Palatal Expander",Uncategorized,General,,
669340ea-fe87-455e-8693-99b8cf34436a,25-418-23,"Smith Ramus separator",Uncategorized,General,,
64b4dae2-504b-4399-890c-c7c6b8e6822f,25-460-18,"Steinhauser Reposition Instrument",Uncategorized,General,,
b16cd524-add7-427b-90ec-40b12b7f3b4d,25-434-14,"Terry occlusal wegde small",Uncategorized,General,,
084b6fb5-d845-4dbf-ba67-215aa3ad04e9,24-408-01,"Mod",Uncategorized,General,,
65c94550-405a-4457-9b07-bb0c71338626,26-198-18,"Brunings Laryngeal tube",Uncategorized,General,,
a4a36603-8771-4c28-9eaf-56e869eca0ea,17-122-14,"Unna Comedone Extractor",Uncategorized,General,,
3cd77490-ae95-4973-9191-b9cbd6a1e001,17-126-14,"Saalfeld Comedone Extractor",Uncategorized,General,,
5d8d5de6-6457-4d29-9440-415edc6e817a,15-106-33,"De Martel Wire Saw Guide",Uncategorized,General,,
11eea608-4e0c-4975-9928-ba26a939c665,15-125-11,"Love",Uncategorized,General,,
8166b786-30d0-4db2-b9b9-b0273c4f1faf,15-107-07,"Drill Point",Uncategorized,General,,
ac0763ad-9df4-40c9-8723-73c7cf8865fa,14-524-00,"Guide (only)",Uncategorized,General,,
3b9096c2-1038-4441-b728-67e4900fb0f2,25-312-20,"Eckelt Plate-pulling instrument",Uncategorized,General,,
bf505c26-4b6b-4ef4-9e99-730aad1ab569,15-124-17,"Love",Uncategorized,General,,
624f8e0d-b2ce-470d-9da7-c4bbc04c3b98,15-110-00,"Crutchfield Skull Traction Tong",Uncategorized,General,,
0c7cfb3f-abe8-4cfc-9b6f-7fb935bcb7e3,15-100-30,"Wire Saw",Uncategorized,General,,
c0deb957-5c04-4069-8c73-5ea5b9846dae,14-510-18,"Intima Spatul",Uncategorized,General,,
efc81b45-372b-403c-805a-e15d3d961aea,15-103-01,"Gigli Wire saw handle",Uncategorized,General,,
698980e6-009f-4a87-964b-9acf835dfed4,16-118-26,"Cleaning Brush for trachdeal tubes",Uncategorized,General,,
cdc023fa-2cdf-4bde-815f-476831b9e789,15-607-35,"Blunt Blades",Uncategorized,General,,
f23d2fbc-edc3-4e35-8d7d-d73319797f29,15-656-00,"Screw Driver",Uncategorized,General,,
a8a5b594-624e-43e6-8ff9-56393fc7f132,03-246-10,"Boucheron Ear Specula Set of 3 (Fig",Uncategorized,General,,
aa099bed-9e9b-47b5-b2ae-bb5a30f5a0df,15-624-45,"Blunt Blades",Uncategorized,General,,
b84c12f6-bd65-4e6b-b6b3-ac1cb5146701,15-602-40,"Medial Toothed Blades",Uncategorized,General,,
07fd2a17-0301-4b8a-a85b-9c58096f28c4,15-650-00,"Drill guide",Uncategorized,General,,
92fb6c0d-4d67-4797-b222-cfe7eda089df,15-622-40,"Medial Toothed Blades",Uncategorized,General,,
900d3e10-1b00-483a-97d9-f41515852390,15-605-35,"Medial Toothed Blades",Uncategorized,General,,
7d661621-d3ac-4dad-81a7-668b093ee0a5,20-230-17,"20-230-17",Uncategorized,General,,
d6d57e94-a8de-4871-833a-83ac8eb5c53b,20-230-18,"20-230-18",Uncategorized,General,,
561e2d19-795a-415b-8fc5-0679245a3854,25-278-15,"Rowe Wire Pusher",Uncategorized,General,,
56233f47-1636-4e81-a4f3-4ae8a6a22369,25-210-25,"L&#038;M for vertical osteotomy",Uncategorized,General,,
6d933070-e2a9-4e15-95ce-88b9632608d6,25-212-28,"L&#038;M for vertical osteotomy",Uncategorized,General,,
7d6f6f7e-080c-47e7-9f5f-b711e5deed3f,25-254-50,"Dunn Dautrey Posterior Ret",Uncategorized,General,,
0af1f09c-f0fc-4c9e-b013-baf0d561515d,15-635-30,"McCulloch 6-teeth Wide Muscle Blades",Uncategorized,General,,
787dc877-59a4-4a80-b77a-90b8d24950b4,15-612-40,"Small Lateral Serrated Blades PEEK",Uncategorized,General,,
80bc26c1-1e26-462d-b4aa-979fe13c09c3,15-627-45,"Blunt Blades",Uncategorized,General,,
d26e079c-d85d-4396-a8db-ff0cf5cf5207,20-230-19,"20-230-19",Uncategorized,General,,
5e7fcc69-180a-4829-8874-a248b09640f1,15-596-40,"Medial Toothed Blades",Uncategorized,General,,
deb40f1a-bf69-4b84-b944-0216d28b4c91,20-230-20,"20-230-20",Uncategorized,General,,
865137b5-0926-444a-82eb-11716266c43a,25-140-00,"Dingmann Mouth Gag",Uncategorized,General,,
aa1a88c4-7276-4e04-bdf5-247fcc0f109d,16-126-13,"Ueckermann-Denker Crycothyreotomy Trocar",Uncategorized,General,,
d1a640af-fd66-4e58-8680-de35447c2e9e,15-655-00,"Drill Guide",Uncategorized,General,,
8c840688-4254-4a2e-adaf-999046cf4ff1,15-621-21,"Quick Connect blade positioner Handle",Uncategorized,General,,
b0d917cb-a585-4d39-83e2-4ea9e96aa154,15-648-12,"Distraction Pin A/B",Uncategorized,General,,
e44c7cd1-426a-42e8-abd1-11d09586bb73,15-597-40,"Lateral Serrated Blades",Uncategorized,General,,
b6a19f26-9206-422f-8ec2-c227f3ce1c24,15-615-40,"Medial Toothed Blades PEEK",Uncategorized,General,,
6b8dfa1c-2d8a-4d3f-815d-6af17fe11ac7,15-562-14,"St",Uncategorized,General,,
ac6a5bd5-8ed8-4c62-982a-0bc4399da33b,15-649-00,"Twist Drill",Uncategorized,General,,
29ec3690-39af-4bc6-84f6-d720155e9811,15-604-30,"Blunt Blades",Uncategorized,General,,
a20afb97-3ca9-4055-b571-30010a27f12f,15-639-50,"McCulloch 2-teeth Cervical Blades",Uncategorized,General,,
4ff3c412-b615-43e2-856d-14713195a267,15-623-40,"Lateral Serrated Blades",Uncategorized,General,,
c7c4d85e-1645-4e7a-af35-38fad59d7d6f,25-174-16,"Tobold Tongue Depressor",Uncategorized,General,,
20e50631-438b-4e8c-b6f6-b077f1e38d46,20-230-21,"20-230-21",Uncategorized,General,,
40716c70-30cf-44f3-8b50-700be358245c,25-134-00,"Neukam Mouth Gag",Uncategorized,General,,
921120f1-fcba-4ab0-bbb0-e8685bf4d4da,15-592-40,"Small Lateral Blades",Uncategorized,General,,
ada781a7-3e5d-4e2e-8bdf-80b0cc290847,15-654-00,"Twist Drill",Uncategorized,General,,
10a5ca15-aa33-4c4a-b021-ff663577908f,15-636-30,"McCulloch 2-teeth McCulloch 2-teeth",Uncategorized,General,,
761a513c-a9da-4afb-990c-2c4919dc8dfb,15-626-40,"Lateral Serrated Blades",Uncategorized,General,,
70cdb75d-2ec3-4868-9658-05b64ab9ee3e,15-616-40,"Lateral Serrated Blades",Uncategorized,General,,
17de0434-d7d9-4590-a549-bcffe6980194,15-598-45,"Blunt Blades",Uncategorized,General,,
417846c0-e48e-43a4-9ed6-52f3edeade11,25-176-01,"Wieder Tongue Depressor",Uncategorized,General,,
d957d9bc-9a47-478e-b6bc-e07d09b95774,25-172-15,"Tobold Tongue Depressor",Uncategorized,General,,
eb73f095-cac0-4fc5-87c9-a2f4dff3fd13,15-593-40,"Lateral Serrated Blades",Uncategorized,General,,
d52a567b-482d-451e-a581-0f25a6e3807d,15-651-00,"Screw Driver",Uncategorized,General,,
dc8d1098-0a9d-4621-b7c6-cbb34c08e27b,15-614-40,"Blunt Blades PEEK",Uncategorized,General,,
4b847fcc-52c4-4c2a-adac-d1b18d50912b,15-606-25,"Lateral Serrated Blades",Uncategorized,General,,
1f7a0226-5083-4257-8314-117cdbc2ad61,15-567-14,"St",Uncategorized,General,,
6082ac4c-ae5c-4701-b659-d1f68fd0c01d,15-591-35,"Medial Toothed Blades",Uncategorized,General,,
b31b1ca4-92c8-467e-afcc-6a6cc8a9cf05,15-120-00,"Kolner Scalp Clip",Uncategorized,General,,
40f44549-a0cb-4262-8f1c-9302fff89b60,15-111-00,"Crutchfield Skull Traction Tong",Uncategorized,General,,
a0c7e72d-0921-40ed-9411-da5c177b9e54,14-512-14,"Intima Spatul",Uncategorized,General,,
127d50b5-2fa7-485c-a6b6-64dba4169dcd,25-130-16,"Roser-Konig Mouth Gag",Uncategorized,General,,
2600f2d7-4a12-41b0-b336-e9acb87623ba,25-124-13,"Molt Mouth Gag",Uncategorized,General,,
4aef0f3e-39b1-4a9a-847b-de266effcba1,25-126-13,"Denhart Mouth Gag",Uncategorized,General,,
63c3e1af-eec8-4d34-8fa5-a9abe86c8750,25-122-10,"Molt Mouth Gag",Uncategorized,General,,
f54ad57d-f134-487a-ba6b-8547b6590b2f,25-112-50,"Adams Napkin holder",Uncategorized,General,,
ab3ac2ec-5ab9-47bb-b78a-30b62d2ec778,25-138-00,"Mclvor Mouth Gag",Uncategorized,General,,
8c142728-d4ac-4e68-aafa-1de478d41280,25-120-11,"Obwegeser Mouth Gag",Uncategorized,General,,
f91b9ebf-2bdb-440f-85ee-62fd85d00635,25-136-00,"Kilner-Doughty Mouth Gag",Uncategorized,General,,
924e3aef-a311-4564-a9a9-e3a31950ab35,25-118-13,"Heister Mouth Gag",Uncategorized,General,,
b5dbeadb-e77f-48e0-b957-6cddf580cc52,25-104-13,"Terry Graft packer",Uncategorized,General,,
9e157b9a-22d5-4511-9e55-e94f85989095,25-102-11,"Terry Graft packer",Uncategorized,General,,
ea3cce3d-4f58-4d1c-9ace-bcc8fc194ed5,24-411-01,"Nasel speula Adult with lock",Uncategorized,General,,
2beaf157-5eb0-4c3f-a595-023eef12ee8d,20-230-22,"20-230-22",Uncategorized,General,,
fdf918dc-afd3-4adc-8f2a-82a778423fc1,15-565-14,"St",Uncategorized,General,,
350e591f-3d47-450e-87f0-8e9103bb4002,15-121-00,"Raney Scalp Clip",Uncategorized,General,,
0c2b20bb-903b-40b6-be89-621ece14f2af,14-522-27,"Rumel-Belmont Tourniquet",Uncategorized,General,,
c45e5694-2591-4601-a9fb-b3257730dd6e,15-108-07,"Drill Point",Uncategorized,General,,
82f612f0-d2a6-4220-a994-fd35b602543e,20-230-23,"20-230-23",Uncategorized,General,,
db0ead7d-59d8-4ddc-93c6-b0db5915db5e,15-104-25,"Lebsche wire saw guide",Uncategorized,General,,
d2fab1a9-6571-434b-bd26-4725601a8edc,15-101-30,"Wire Saw",Uncategorized,General,,
71815360-eae8-4922-ad3b-d22b066b85cb,24-400-00,"Goldsmith (Thudichum)",Uncategorized,General,,
a423f52f-5c5e-4180-80fc-80f6cb540c89,24-302-01,"Cottle Handle cartilage crusher",Uncategorized,General,,
5ff2ad1c-8b68-46ad-9e04-542b1cb59e93,20-230-24,"20-230-24",Uncategorized,General,,
8d4c6792-b962-4b61-8588-ec113fe9c547,20-230-25,"20-230-25",Uncategorized,General,,
3b96d8bb-12dd-4072-affb-aa6cafba83fe,15-398-00,"Bone waxer",Uncategorized,General,,
024f0d7a-8cf0-47dc-a431-34e7667dd9b9,28-398-02,"Bedpan",Uncategorized,General,,
faad7445-ac08-4774-b145-cdf8b7c94925,28-400-02,"Bedpan",Uncategorized,General,,
11c43263-f5cd-4f75-9b68-35dc1abb666a,24-306-00,"Cottle Cartilage crusher",Uncategorized,General,,
22e71181-f4d2-4d3e-95da-ca0ecc12e814,24-383-04,"ST",Uncategorized,General,,
81be23d3-7a5c-4685-94cf-82c2f464cbdd,24-152-20,"Septum morselizer",Uncategorized,General,,
961c8a91-3e72-4185-b448-266e53b4074c,20-230-26,"20-230-26",Uncategorized,General,,
1e90cad2-2bd4-4a8c-a36f-35a8f1fef61a,24-156-18,"Rubin Septum morselizer",Uncategorized,General,,
8fb8b86f-4bb9-41d5-810a-cd382d3ab8c3,15-405-00,"Bone waxer",Uncategorized,General,,
938c0ce2-f20c-4f52-ab46-642995b5a92d,15-423-00,"Bone waxer",Uncategorized,General,,
3418a131-d941-4717-809b-c565f0cee540,15-263-00,"Vessel Knives",Uncategorized,General,,
af96625a-2408-4903-b160-84ae0c4b2121,24-154-01,"Rubin Protection cap for Septum morselizer ref",Uncategorized,General,,
e5c61889-444d-44d0-9825-344a1acf70cb,15-289-18,"Suture Pusher",Uncategorized,General,,
db5fa9f1-9f98-4ba7-8d29-18be2b3bc35a,23-540-16,"Politzer Tympanum Needle",Uncategorized,General,,
a4977a4c-3ae9-4b09-b3d8-1f09027a9366,23-536-17,"Politzer Tympanum Needle",Uncategorized,General,,
840543c6-8999-4232-bbbe-68638b9d9d77,23-538-16,"Politzer Tympanum Needle",Uncategorized,General,,
e4fb81e3-52eb-43eb-8482-ac1d27f3cc98,23-508-15,"Politzer Paracentesis Needle",Uncategorized,General,,
0d0d5f52-fe8a-4334-bf1c-54eaa46e062d,23-198-16,"Needle",Uncategorized,General,,
c3ca8af0-9f39-454d-850c-a481dca9357a,23-134-01,"Barbara micro ear needle",Uncategorized,General,,
dc98df34-90e0-4d94-a4e4-5ad71d307164,23-400-03,"Dieter Malleus nipper",Uncategorized,General,,
14412576-9ba3-4486-9e69-d677bed531a2,23-406-06,"Dieter Malleus nipper",Uncategorized,General,,
1b048c73-c598-441f-b9f3-eed4606813a3,23-494-16,"Moldenhauer Foreign Body Lever",Uncategorized,General,,
eef83644-550e-4e18-87cf-7f432649db9b,23-200-16,"Needle",Uncategorized,General,,
0145888e-07bc-4f30-a2a0-feb4c3e0def8,23-180-35,"House Micro measuring rod",Uncategorized,General,,
809e2a81-0040-45ac-9bba-4d4e254107e9,09-310-01,"Jefferson Ventricular cannula",Uncategorized,General,,
1366ed6d-69f8-4146-9fb4-e8f693fa926b,23-140-04,"Rarsen micro ear needle",Uncategorized,General,,
6a3cde91-b6f5-49be-9bb7-7622d353d481,23-206-16,"Plester",Uncategorized,General,,
f2129ce7-bfe2-4fac-830b-f06c15dbbb50,15-311-24,"Hardy Implant Fork",Uncategorized,General,,
0e0a6dfc-167e-49f7-84be-66424e98ace6,23-136-02,"Barbara micro ear needle",Uncategorized,General,,
4bcbbed3-a1ef-4b67-8447-6addf6f3c822,04-116-04,"Muller Vessel Clips",Uncategorized,General,,
d7c057bf-b859-4030-865e-ea66f345a963,23-196-16,"Needle",Uncategorized,General,,
e0b510b3-ba0a-4fb3-9f37-4172f4bc81e4,04-104-04,"Muller Vessel Clips",Uncategorized,General,,
b1c07aa0-cfc5-4c7d-a774-846452f5517b,23-402-04,"Dieter Malleus nipper",Uncategorized,General,,
5ff7c88e-2f36-4032-a685-a42cac512147,04-140-02,"Muller Vessel Clips",Uncategorized,General,,
0ff6a181-1987-4c44-97ce-f11d155abe5f,23-306-90,"Socket",Uncategorized,General,,
f4868827-09e6-4012-a35f-d4dfa057b2ef,23-184-16,"Plester Wire Guide",Uncategorized,General,,
5bfc84ac-22eb-41d4-be05-8056fef3a779,15-321-26,"Fahlbusch Scoop",Uncategorized,General,,
ec2bd848-36aa-493f-8f21-40fb0f92e292,04-136-02,"Muller Vessel Clips",Uncategorized,General,,
bbaca57d-1e9f-4e8b-97d5-cd4c07f44821,23-492-01,"Billeau Ear loop",Uncategorized,General,,
d7f483c9-a1d3-4e8c-8009-dd1d3e34ddae,23-404-05,"Dieter Malleus nipper",Uncategorized,General,,
457b6d4a-798a-4677-9010-e5ac08e6ad03,23-300-90,"Socket",Uncategorized,General,,
ccf313b6-1a14-4b6c-a42a-3fd7a457599c,23-204-16,"Plester",Uncategorized,General,,
eee67ae0-a9eb-4141-be56-c8cfb73311d9,23-158-01,"Barbara micro ear needle",Uncategorized,General,,
b70e905c-c75a-4e5a-8b83-3cc6788f407c,09-302-01,"Heparin Flushing needle",Uncategorized,General,,
94339d96-1897-4a6b-bfec-ac05ec94ca7d,23-378-10,"Quire Foreign body lever",Uncategorized,General,,
7283ab52-61e1-452c-8b20-6d37a2543e5d,23-296-90,"Socket",Uncategorized,General,,
8a6ed004-05c7-4607-bd7b-a194008289c6,23-270-90,"Weights (Pair)",Uncategorized,General,,
ce284012-5169-4fdd-bdb7-47dc9dcb8bfd,23-160-02,"Barbara micro ear needle",Uncategorized,General,,
8a22d651-e4ca-4b96-8aa0-74afaf415d5e,23-138-03,"Barbara micro ear needle",Uncategorized,General,,
b2caf974-e435-4099-98dc-8409140e022d,23-118-01,"House-Dieter Malleus Nipper",Uncategorized,General,,
2a7d7f6f-55d4-4135-9735-ce55963a81c1,23-190-16,"Plester Instrument for placing wire prothesis",Uncategorized,General,,
1c058e5c-5c1d-40c3-8dd0-60eb53297fcb,13-258-05,"Snyder-O",Uncategorized,General,,
13c342b0-f143-40f1-9b56-44291475a0f5,21-256-30,"Pestalozza Placenta Scoop",Uncategorized,General,,
f747972a-bcb9-4a78-bfa0-85cda4e08fc3,21-100-35,"Martin Pelvimeter",Uncategorized,General,,
edab358e-3813-4bf6-aeb1-df66143d158e,21-178-27,"Smellie Perforator",Uncategorized,General,,
e7717bb7-512a-4008-b470-fd5f59e8c749,21-106-33,"Breisky Pelvimeter",Uncategorized,General,,
daaaf43d-6af5-4e87-a0af-36dfd2d00070,20-230-80,"20-230-80",Uncategorized,General,,
004247cd-7460-48e7-b7b4-e54bee54424e,20-330-15,"Doyen Myoma Screws",Uncategorized,General,,
47800d6e-7067-4316-b87f-5689c9700239,21-254-01,"Cuzzi Placenta Scoop",Uncategorized,General,,
8215ddbe-d8aa-4648-b8b3-867ffd4b85fb,15-287-23,"Sharp Scoops",Uncategorized,General,,
96e30224-f641-4f09-9a54-e56a19a796c6,20-332-17,"Myoma Screws",Uncategorized,General,,
e357c336-265f-4873-92fe-5d29e881d4b0,15-261-00,"Vessel Knives",Uncategorized,General,,
533d05ce-4407-41f9-8f30-8c0ba0237955,20-198-40,"Breisky Vaginal Speculm",Uncategorized,General,,
1e01ebee-1bdb-4063-a134-4b53bcba9624,18-296-01,"Hirschmann Anuscope",Uncategorized,General,,
6d0cc872-d1d6-4613-a44e-7316471788e9,19-204-00,"Knutson-Koch Urethrography Instrument",Uncategorized,General,,
75bf5e93-80ec-4a60-afd3-aee1a4181aff,18-298-14,"Ives-Fansler Anuscope",Uncategorized,General,,
99f43236-ee5b-4ff9-8ff4-028c42887395,18-330-38,"Swab holder",Uncategorized,General,,
63a2aed3-2712-4466-87a9-8dc192a41cf9,20-196-20,"Breisky Vaginal Speculm",Uncategorized,General,,
6561aded-48c5-493d-9922-07e1e2d5c9ff,19-194-16,"Hajek Irrigating cannula",Uncategorized,General,,
9120505b-5839-42c6-916a-df2d447c340d,18-294-01,"Bensaude Anuscope",Uncategorized,General,,
c438eb9c-3757-4471-b6a2-9ee8cc7300b1,18-332-38,"Swab holder",Uncategorized,General,,
6824149b-07f3-4092-ac3f-20f2914731cd,18-328-00,"Ford-Dixon Haemmorrhoidal ligator with loading attachment an",Uncategorized,General,,
d24ee95f-2ee7-473f-a0a0-9bbd5415ff41,20-195-20,"Breisky Vaginal Speculm",Uncategorized,General,,
3767ef19-bdf2-441a-bcad-6d3830472de6,19-216-12,"Sachse Meatotome",Uncategorized,General,,
4af5500c-63cd-465a-bd46-b225b6dcfdea,18-340-09,"Katzenstein",Uncategorized,General,,
15a1e917-2e32-4f26-8a6a-f63c310d7a23,09-158-15,"Trocar for puncturing",Uncategorized,General,,
05c6c79f-78ae-4a98-8cd1-e02a0cf46d94,18-324-10,"Rudd Hemorrhoidal ligators",Uncategorized,General,,
a49257c0-4749-40f3-966c-d94f2fd030f6,18-344-30,"Buie Section tube",Uncategorized,General,,
ce5cbc1b-1f99-4bdb-b8c1-ca7be34e58c9,19-202-00,"Knutson Urethrography Instrument",Uncategorized,General,,
c719286c-71f9-4213-b5c9-aa60bc9a8c08,18-326-00,"Mcgivney Haemmorrhoidal ligator with loading attachment and ",Uncategorized,General,,
629a73c2-fe53-4005-b0e4-e22fb8aaa6c2,15-290-03,"Tumor Forks",Uncategorized,General,,
46ce33bf-2f93-4d8a-b930-e6042b681ead,15-288-23,"Sharp Scoops",Uncategorized,General,,
e2af9e4c-2268-470e-9ebd-a14c6c3c9b2c,09-136-08,"Redon Needle",Uncategorized,General,,
41899193-df1f-40dd-8222-91f6f392f9da,15-258-00,"Vessel Knives",Uncategorized,General,,
e9a7671e-c28e-48d0-b809-58768be6a291,15-262-00,"Vessel Knives",Uncategorized,General,,
d913635a-23ff-4d0f-8570-5e6a0c628336,15-259-00,"Vessel Knives",Uncategorized,General,,
4d2b5505-30ce-434d-a100-9d43b10d56fe,15-254-18,"Sharp Scoop",Uncategorized,General,,
a5adfa7b-cf77-4b97-8c7b-8cace6a5c43f,14-274-01,"Gregory",Uncategorized,General,,
0eefb8a3-f1e3-4beb-a58d-841d5cba0270,15-256-00,"Vessel Knives",Uncategorized,General,,
247eaebe-ee2e-4f71-9d67-548c85f6b598,15-260-00,"Vessel Knives",Uncategorized,General,,
72e51ddf-501c-4ceb-8ca0-980ec6c6a3f5,13-988-01,"Cerclage wire without eye",Uncategorized,General,,
859c3bb1-e639-4afc-96f6-da72c29568e3,15-255-23,"Suture Pusher",Uncategorized,General,,
fa1187c9-231f-4d2e-9a98-d14c0c27013e,14-272-09,"Gregory",Uncategorized,General,,
8ace2089-e782-4193-a1ed-2c04c4230e1f,14-110-21,"Schumacher Sternum Shears",Uncategorized,General,,
695bb94a-068e-4dca-b610-6d65458643a2,13-990-01,"Drill Bit",Uncategorized,General,,
142e871a-310b-4565-aaa5-1bfd2110698b,20-230-84,"20-230-84",Uncategorized,General,,
ab6bb73b-5d97-4f05-9ddf-de9324920f58,13-991-01,"Tap for 6",Uncategorized,General,,
6c2f38a8-40ea-42ba-8f7a-b8d1bc6c7630,13-984-01,"Double Drill Sleeve",Uncategorized,General,,
70053d6b-bd87-4577-8f84-fd6b5f8084f4,13-982-00,"Reverse Awl",Uncategorized,General,,
0940315f-646a-4797-bdfa-c313abeffebc,13-986-01,"Depth Gauge",Uncategorized,General,,
f111cfb2-d488-4a01-825f-9a475bed6829,14-100-23,"Bone Shears",Uncategorized,General,,
a25c6b55-9f46-4f3f-8741-6289083a2d38,13-987-01,"Cerclage wire with eye",Uncategorized,General,,
40eae7b7-2739-4457-a31f-29fa3dec6c18,13-992-00,"Epiphyseal Staples Set",Uncategorized,General,,
ca111d2e-35d8-4ce4-aa23-0f92ea4094e6,13-989-01,"Tap for 4",Uncategorized,General,,
161cdc6b-2fe8-4867-9ce2-44f34198579a,13-985-01,"Loaded Drill Guide",Uncategorized,General,,
9d69ea1f-1ecb-4317-8b46-c0d75b9fc85d,15-257-00,"Vessel Knives",Uncategorized,General,,
bf1c1533-c3cc-48b0-b0b1-be965208cd2f,13-983-01,"Double Drill Sleeve",Uncategorized,General,,
79d1478c-fc00-4a09-976d-b316f4237029,25-184-00,"Young Rubber inserts (Pair)",Uncategorized,General,,
ff1e60b2-ad32-4c76-8d1c-298b59feeb71,08-130-15,"Pinard Fetoscope",Uncategorized,General,,
d3d71de9-731f-4776-92ec-21a99bd95e6e,08-152-14,"Carroll Finger Goniometer",Uncategorized,General,,
7846503d-e2fe-4b4d-b14a-15bd13643601,09-114-03,"Coakley Antrum Trocar",Uncategorized,General,,
39f697df-6cb5-412f-8687-5d63253197bd,08-240-10,"Dermatoscope",Uncategorized,General,,
078810ee-0d2c-4234-b4b3-59fb5540d3ec,09-106-01,"Trocar",Uncategorized,General,,
0d6a5aa2-5b9c-4154-bc2b-06399e6ea9d3,07-174-14,"Cotton applicator",Uncategorized,General,,
22fb86d9-936b-430a-aaea-94088718f420,07-183-18,"Jobson-Horne Applicator",Uncategorized,General,,
9dc9c59a-a670-41b7-bf26-ca45b74892fa,08-150-01,"Jameson Caliper",Uncategorized,General,,
78ab4797-57b8-448c-8367-809528dd4299,09-110-01,"Gall Bladder Trocars",Uncategorized,General,,
51f4b346-e1db-4ea4-b4e3-e54bfd8265c0,07-144-16,"Probe",Uncategorized,General,,
d042ed9c-93ef-4fb0-853b-bfa0739e4704,08-158-32,"Bertillon Caliper",Uncategorized,General,,
e7482a72-6e27-456c-b373-c023a2626e4e,08-154-11,"Townley Caliper",Uncategorized,General,,
cadb5a54-c9a1-4be9-9617-6047dd4467b9,07-168-14,"Cotton applicator",Uncategorized,General,,
e60bcca2-8f74-475b-8eae-3098eb9ab4aa,07-180-18,"Cotton applicator",Uncategorized,General,,
df057bfb-4044-44c2-bdcb-e6cadf5e4e84,07-182-27,"Cotton applicator",Uncategorized,General,,
93a9ff72-5b63-43c3-82b3-3848de135304,09-108-01,"Empyema Trocar",Uncategorized,General,,
5055c58f-fac8-4ce9-ad7a-50f1ff584fed,08-156-01,"Moltgen Flexometer",Uncategorized,General,,
74be60ee-4241-4cfd-9401-20fc266ae050,08-162-01,"Iwanson Caliper",Uncategorized,General,,
cd5583b9-97b8-4a34-9e44-13e2f4fddb67,08-164-14,"Boley Caliper",Uncategorized,General,,
62b2d38a-a7fb-4123-9613-23de9060bbc3,07-172-14,"Cotton applicator",Uncategorized,General,,
35fe527f-5216-4675-ba04-24f92ff50fd9,09-132-08,"Redon Needle",Uncategorized,General,,
3d35da19-8133-49e6-9549-efd30d8ff8d8,09-112-04,"Pierce Antrum Trocar",Uncategorized,General,,
35d66a96-2cad-4daa-9080-473fee35146a,09-104-01,"Trocar",Uncategorized,General,,
2ea664eb-8a9f-473c-ab5e-35c1b7c211c3,08-132-18,"Pinard Fetoscope",Uncategorized,General,,
21da5560-38bc-4581-8af2-b2b8fc9e3e02,08-166-23,"Caliper",Uncategorized,General,,
981dbb00-6dbd-4fde-aa20-50bc8eded125,07-176-16,"Cotton applicator",Uncategorized,General,,
f67eaf4a-c1d5-4cf3-b8d6-e86347a0633e,13-975-02,"Hexagonal screw driver",Uncategorized,General,,
3b3708c1-86b9-4f8d-9113-a4da34d2b058,09-134-08,"Redon Needle",Uncategorized,General,,
a9671445-a053-4a08-9dee-e1c3f2a6ff03,09-102-00,"Universal Trocar",Uncategorized,General,,
c2707eb6-bcab-4647-b9a7-9d4dad21eb86,08-168-22,"Caliper",Uncategorized,General,,
c6bfc3f3-8e13-443e-9f76-e2f9ee1a50ef,07-178-18,"Cotton applicator",Uncategorized,General,,
2da438b0-998c-427b-936a-c9d7bb0983c9,08-245-20,"Dermatoscope",Uncategorized,General,,
55c7dba2-c308-475f-98c5-2aa383301400,09-100-18,"Klima Rosegger Sternal puncture needle",Uncategorized,General,,
bbcf4875-2658-4eed-a11d-2239d4153d76,07-154-11,"Modell PICCOLO Cotton Applicator",Uncategorized,General,,
b82dabbe-51ad-4af1-a1b8-031e4e00b9d8,09-130-08,"Redon Needle",Uncategorized,General,,
7b9d68fc-5a94-49d4-9fb8-74b570b0080b,06-656-00,"Vickers Low-Profile Complete",Uncategorized,General,,
45140403-8ed7-411d-afc8-42e4fb4ceeb8,07-164-14,"Lathbury-Farrell cotton applicator",Uncategorized,General,,
7cd7bd1f-4476-41f8-bbe4-3bdf40e78542,13-971-16,"Walton Finger Ring Saw",Uncategorized,General,,
b435b5de-5032-4de0-95bd-d3293197c423,13-702-23,"Bunnell Tendon Passer",Uncategorized,General,,
e286e052-a19f-4377-bde4-31a99dfca830,13-588-14,"Bone Lever",Uncategorized,General,,
dddc8051-3cbb-4278-9ad3-4969f9197c3e,13-622-26,"Bone Lever",Uncategorized,General,,
cd3c63eb-7e3b-4a31-be9e-ea8605179993,13-598-16,"Bone Lever",Uncategorized,General,,
b88f9d4c-4811-479d-9de0-a37493cbfa7c,13-596-16,"Bone Lever",Uncategorized,General,,
40101849-6cd8-4c26-9d70-670000cf7a31,13-632-08,"Bone Lever",Uncategorized,General,,
5889e3fe-e617-49b1-a9bb-810ea3accd5e,13-674-20,"Chnad",Uncategorized,General,,
d5a2b076-3b3d-46a4-9e25-4c5ec1f91aaf,13-590-15,"Bone Lever",Uncategorized,General,,
6e91095f-c1ed-4385-b600-ca51a7e10333,13-628-29,"Schumacher Bone Lever",Uncategorized,General,,
dbb0b12b-70f3-4976-b55a-c498b36d50e1,13-600-12,"Bone Lever",Uncategorized,General,,
13f8b7b1-c06f-41e7-9f7e-f2e83118158e,13-648-15,"Tiemann-Kolbel Glenoid lever",Uncategorized,General,,
6cbacf2f-6071-4051-a12e-1bdcfef3cdda,13-618-24,"Bone Lever",Uncategorized,General,,
fc01fd15-b9ab-44a5-a7d9-3a570eb14d31,13-696-00,"Tendon passing instrument",Uncategorized,General,,
b742c4e5-35ec-48ea-b258-8c64757a8092,13-650-20,"Tiemann-Kolbel Glenoid lever",Uncategorized,General,,
064a8f98-15e6-4d16-a7ed-46401c1ec43b,13-630-06,"Bone Lever",Uncategorized,General,,
cd73ef16-0ffc-4f86-9bac-c5e95e84248f,13-612-22,"Wagner Bone Lever",Uncategorized,General,,
f9e6d0ab-0a0d-4052-ac30-fcf7c4799dd8,13-592-15,"Bone Lever",Uncategorized,General,,
4d31f873-8561-4d7a-9647-bfa2f08a3268,13-626-34,"Schumacher Mod",Uncategorized,General,,
e1e51e52-c7ea-4548-a741-a2cb0bea73bc,13-614-22,"Bone Lever",Uncategorized,General,,
f119a8ef-f7d4-42a8-9de8-16b0fdbef9f5,13-634-27,"Bone Lever",Uncategorized,General,,
1e2774f3-d445-4bbc-ad56-96c60884fa15,13-616-24,"Bone Lever",Uncategorized,General,,
6c388fcf-b805-4cee-b1f6-c85fa294ff9e,13-214-04,"Screw driver",Uncategorized,General,,
d7d43993-fc5f-43ff-8dfc-ba782e228745,07-170-14,"Cotton applicator",Uncategorized,General,,
d15129f5-d57e-4ff0-9c0d-82174caf0f05,07-162-12,"Farrell cotton applicator",Uncategorized,General,,
0cb71b83-27e9-4e5e-bed9-0705df523108,06-362-19,"Davidson",Uncategorized,General,,
df032864-b645-4fcd-98b6-73389aa2f9ca,06-396-01,"St",Uncategorized,General,,
8a19d911-49ab-4fdd-ae5a-7930ed252f81,06-410-00,"Rochard fixation device",Uncategorized,General,,
2f1a1f78-f051-4c7d-8367-c7396178f401,06-364-18,"Davidson",Uncategorized,General,,
076dca77-e8ec-482b-bef8-a5087b676e1b,13-236-14,"Drilling chuck",Uncategorized,General,,
11e3df6e-3c57-4f0b-bb7a-74080728c4d5,06-418-01,"Sterberg Lip and Cheek Retracror",Uncategorized,General,,
5b95b8c0-fbef-45b2-98a2-5cdff4eec329,13-234-11,"Reill Drilling chuck",Uncategorized,General,,
b0aaf123-7710-418b-9f4b-5bfaceff6c92,13-258-03,"Snyder-O",Uncategorized,General,,
bf75aca0-4a56-445e-a698-6e19e7f4b57e,06-414-22,"Doyen-variation Fixation Device",Uncategorized,General,,
17c130b0-60a5-470e-ba3e-325d55f98644,13-238-15,"Drilling chuck",Uncategorized,General,,
4ee3862d-59c0-48cd-8006-07a576a80d55,13-242-00,"Ralk Hand Drill",Uncategorized,General,,
46f23860-9088-4804-afe9-3c3dbbf1dabe,13-226-16,"Drilling chuck",Uncategorized,General,,
528c8afb-c4ee-436b-b0d9-03258ed3981f,13-183-23,"Wire Cutting Plier",Uncategorized,General,,
11c06be4-d3e1-4668-9fd1-6ecea9c6722e,13-232-08,"T handle for quick coupling",Uncategorized,General,,
b1bf8e2f-c66e-41ee-b1d4-525235f02d8a,13-228-04,"Drilling chuck",Uncategorized,General,,
5d72fd8d-4997-4177-9fbe-38bcf538cfeb,13-230-10,"Drilling chuck",Uncategorized,General,,
3dab725c-842f-40b4-9484-0cf09cb9ac1d,13-218-00,"Wire traction bow",Uncategorized,General,,
4548fdc3-4de0-48af-9004-3a6a2cb98fc8,13-216-00,"Wire traction bow",Uncategorized,General,,
c29b8902-31bf-454c-ab4d-13087a7e72f6,13-212-00,"Fixation disc",Uncategorized,General,,
37b367c6-209d-40f3-b1e6-d4dddbdbd033,13-204-18,"Wire tightener",Uncategorized,General,,
cbf1f8d3-a59d-469b-9ce7-6948a30002aa,13-240-01,"Bunnell Hand Drill",Uncategorized,General,,
c123e205-16d6-401c-8bb5-e7f2d594479d,13-224-14,"Steinmann pin",Uncategorized,General,,
c832671f-f1d9-43bb-b0d5-55f68e04517c,13-196-24,"Wire cutting pliers",Uncategorized,General,,
caa62a6f-c5a1-433e-a1a5-9b7ae144e226,13-166-19,"Flat Nose Plier",Uncategorized,General,,
a157dcef-8c98-46ca-8e29-db2a750224e4,13-115-03,"Spherical Burr",Uncategorized,General,,
5ab2389f-6f93-4fcd-a2f4-82fc82f981b0,11-554-01,"Reverdin Needle",Uncategorized,General,,
1fa8508a-a7c0-41b8-8cbf-300468b8aac8,11-608-23,"Modell Wien Ligature Catcher",Uncategorized,General,,
0967fc64-5da8-446a-aa2e-e4b141d62beb,11-594-18,"Schmieden Ligature Conductor",Uncategorized,General,,
513fe5f5-1711-4624-ba08-462974a798a1,11-578-21,"Deschamps Ligature Needle",Uncategorized,General,,
ef3a3b44-25a6-4fec-aad2-d057e457d7ff,13-178-13,"Wire Cutting Plier",Uncategorized,General,,
de9ad10c-a8a4-4be4-a062-1243be83ba1d,11-574-24,"Deschamps Ligature Needle",Uncategorized,General,,
2baad252-c8b1-429a-9a60-7a6b21929ce7,13-108-40,"Bier Amputation Saw",Uncategorized,General,,
4c5ae70f-ea7b-4d6d-9c8c-96fba45c5308,13-120-00,"Kirschner Hand Drill",Uncategorized,General,,
daf70ad2-1a18-400b-8718-a870f0d3f3a9,13-192-30,"Cutter for cutting off KIRSCHNER wires",Uncategorized,General,,
94d430ed-f8d8-422b-9053-2cbcb193aa9b,13-156-01,"Flat Nose Plier",Uncategorized,General,,
a15ff5ff-0332-4b63-a4fc-d64a42354753,11-550-01,"Reverdin Needle",Uncategorized,General,,
27ad3eeb-6a2f-4779-87c2-6637f2d7a0ac,13-114-01,"Twist drill",Uncategorized,General,,
2a5a8dd5-4ebc-46e1-a8d8-bd8b1ae8bff3,11-582-01,"Brunner Ligature Needle",Uncategorized,General,,
b2cf84c3-b642-46ef-85d8-b0197a4c415f,13-106-35,"Charriere Amputation Saw",Uncategorized,General,,
99d3f30a-0b95-4a6d-9b70-91a6c1d71594,11-600-22,"Payr Ligature Conductor",Uncategorized,General,,
9cc64ac3-4f63-4580-a1e4-9bb5e26810c2,13-152-20,"Vise Grip",Uncategorized,General,,
f18556c9-b708-4b24-82df-d771557de90e,11-274-18,"M",Uncategorized,General,,
ffe073a2-f720-4e21-93ae-ee01c45a003e,13-160-15,"Combi-flat nose plier",Uncategorized,General,,
686b8d96-deea-4bca-bd90-4ae11b648111,13-102-26,"Charriere Amputation Saw",Uncategorized,General,,
ed724dbe-ef27-49f6-9b93-7f51e3901373,12-214-17,"Wolff Plaster Breaker",Uncategorized,General,,
1adbcc7f-bac6-42f7-ad03-b1737f2ebac0,13-150-18,"Flat Nose Plier",Uncategorized,General,,
45affe40-96c0-4bc2-90ce-19aa469af1e5,11-606-23,"Ligature Adjuster",Uncategorized,General,,
909ad65c-3aa3-407f-ac2f-b12e8b1511a7,11-598-01,"Konig Ligature Conductor",Uncategorized,General,,
05485931-ca64-4f0c-8f7f-7365f0d42f5f,11-580-21,"Deschamps Ligature Needle",Uncategorized,General,,
fbfa8bcc-9167-46ec-a58c-f23453447c77,11-562-20,"Ligature Needle",Uncategorized,General,,
2e76d6a4-c139-4951-90fe-dc1d87804eb6,11-552-01,"Reverdin Needle",Uncategorized,General,,
adc56e79-5f90-4600-a339-f28df11dc941,13-180-17,"Wire Cutting Plier",Uncategorized,General,,
3195b578-6686-4c5b-b71b-b3fbf4e6cd5d,13-116-00,"Hudson Hand Drill",Uncategorized,General,,
8a2e4fe4-bfb4-4aad-be06-8d81ce4435e0,12-112-23,"Seutin plaster shear",Uncategorized,General,,
7c1176e8-4d17-4218-92e0-3356ab3ded70,11-590-28,"Demel Wire Guide",Uncategorized,General,,
27c2c18c-a23c-43e5-b434-ed9748b66568,11-602-22,"Payr Ligature Conductor",Uncategorized,General,,
9bc5f547-b1c3-4e82-99df-13bb89f20082,11-564-20,"Cooper Ligature Needle",Uncategorized,General,,
f541703f-a956-4cba-9a7c-d4c2966686b4,13-172-18,"Wire Cutting Plier",Uncategorized,General,,
1eb0b7a5-11bd-4e89-8692-a5fca77caf7b,13-190-18,"Maxi Cutter",Uncategorized,General,,
8c2f9a53-ccfb-4323-ab60-50759620beba,13-158-13,"Flat Nose Plier",Uncategorized,General,,
98aa9bae-d0fa-4f9e-b849-e3e6202a4402,12-216-26,"Wolff Plaster Breaker",Uncategorized,General,,
edb0e7c5-5697-45fd-aa85-05033c9a5620,12-104-20,"Esmarch plaster shear",Uncategorized,General,,
7e71ec3e-caf9-4878-b22b-b74e5a28819b,11-604-22,"Bozemann Knot Tier",Uncategorized,General,,
f31f0111-9ef2-477f-a044-5167f086ad06,11-588-28,"Ligature Conductor",Uncategorized,General,,
193d8386-7b29-431f-9a38-93435ea9b6d0,13-162-16,"Flat Nose Plier",Uncategorized,General,,
3e346549-9334-4d23-a18b-6138292543c0,13-122-00,"Hand Drill",Uncategorized,General,,
91cb2ae6-d352-463a-927e-b011f72b135e,13-200-01,"Kirschner wire traction bows",Uncategorized,General,,
849937bb-3300-4a6c-a551-79e4474cc111,12-196-16,"Engel Plaster Saw",Uncategorized,General,,
b14cef5c-4836-41e7-9597-9fe09d7ca600,12-106-23,"Bergmann plaster shear",Uncategorized,General,,
cef5dea1-addd-4e39-83db-9d5103b9f911,11-596-18,"Schmieden-Payr Ligature Conductor",Uncategorized,General,,
93700bba-ed27-4bb7-925f-605e40bf12d8,11-576-24,"Deschamps Ligature Needle",Uncategorized,General,,
091925fb-03c6-437c-85c1-2c35fa781511,11-570-20,"Deschamps Ligature Needle",Uncategorized,General,,
07504ddf-7acd-4e43-a238-58fe35104d77,13-164-01,"Flat Nose Plier",Uncategorized,General,,
2bbdcce4-a013-4805-9847-9907ba712fbe,13-118-00,"Hard Drill",Uncategorized,General,,
f1d88ac6-4c87-4457-8639-717814633856,11-558-30,"Schmieden-Dick Ligature Needle",Uncategorized,General,,
a82f710c-981c-4302-b345-0dca39786751,13-168-19,"Flat Nose Plier",Uncategorized,General,,
e9340e87-7a88-495e-b790-3bfb935d42ad,11-560-24,"Schmieden Ligature Needle",Uncategorized,General,,
3c5707fb-eb9a-4168-a4bb-0119d427594c,11-584-01,"Brunner Ligature Needle",Uncategorized,General,,
718ca6d3-7b2d-4d12-99fe-011913a31cff,13-104-29,"Satterlee Amputation Saw",Uncategorized,General,,
e4afe966-4df9-4b0b-8edb-f6e80825fcc6,11-586-25,"Kirschner Ligature Conductor",Uncategorized,General,,
7300b69c-561d-4da0-a3a8-edc90f6beb31,13-154-01,"Flat Nose Plier",Uncategorized,General,,
4a836d42-e804-41df-a09d-380d3e3d8808,06-416-79,"Chain with Weight (747 / 645g)",Uncategorized,General,,
bb0000d0-8562-4aa8-9e25-ee40e4a7055b,06-166-15,"Mannerfelt Modif",Uncategorized,General,,
4841c270-cfa9-4e58-9f84-2e066224494d,06-168-15,"Mannerfelt Modif",Uncategorized,General,,
51e8d811-612d-4f0f-babc-0cb3701d5c37,06-212-01,"Mannerfelt Modif",Uncategorized,General,,
712fd84f-44d2-4a18-9097-0b1cce9d89c7,06-184-01,"Mannerfelt Modif",Uncategorized,General,,
7516952e-0a26-4a0c-b34c-c9a899e36b10,06-186-01,"Mannerfelt Modif",Uncategorized,General,,
3e86852b-80a4-4a29-ad95-10eeac8ce0a0,06-164-13,"Mannerfelt Modif",Uncategorized,General,,
96f46f9e-688d-4238-9dbf-f04c39e87a74,28-240-05,"Medicine Cup",Uncategorized,General,,
b5495015-a276-4217-81f6-e4fc83c7287f,28-240-06,"Medicine Cup",Uncategorized,General,,
14799597-53a9-40a4-8980-f0e5cbd244d9,03-322-11,"Jeweler mod",Uncategorized,General,,
afb90019-1b4b-4c87-8092-2c6e872fc0bb,04-172-01,"Muller Vessel Clip",Uncategorized,General,,
2cb5179d-1331-4a19-8abe-57ba22aefbce,04-100-02,"Muller Vessel Clips",Uncategorized,General,,
74fcb9ba-8ab7-499f-b650-9be29a560c25,03-326-11,"Jeweler mod",Uncategorized,General,,
d6aadcc7-6fdf-423a-bf95-ecb5369437ed,04-182-09,"Biemer-Muller Vessel Clip",Uncategorized,General,,
e9de7dad-ecc2-4758-93f4-52b97c36ad22,04-144-02,"Muller Vessel Clips",Uncategorized,General,,
c7bd1933-4abe-43b7-8721-198459de09fe,03-328-11,"Jeweler mod",Uncategorized,General,,
3b71fba5-b033-4672-b7d1-83a8892a45ab,28-326-02,"Irrigator",Uncategorized,General,,
1a0e878a-1761-4376-ba8a-b66f80bda565,04-188-04,"Mini Vessel Clip",Uncategorized,General,,
28255f22-b983-4d42-bd8f-b02f8e8fbde4,04-174-09,"Biemer-Muller Vessel Clip",Uncategorized,General,,
5f356a45-7430-4612-bfa9-a50296204e3a,04-168-05,"Biemer Vessel Clip",Uncategorized,General,,
aa15e4f5-ef58-4d1a-a7c9-dc65bb12b80e,04-168-04,"Biemer Vessel Clip",Uncategorized,General,,
5e350fd6-17fc-4dca-8ff0-c35e9b9a00da,04-132-02,"Muller Vessel Clips",Uncategorized,General,,
c490096b-61b6-4647-8487-f75f13f4d1fb,03-318-11,"Jeweler mod",Uncategorized,General,,
a9b5b0ae-567d-48ec-8602-11bf20cbd0c3,03-324-11,"Jeweler mod",Uncategorized,General,,
85e6c4fe-6e70-4fc2-ac1b-2c74ea293182,04-178-04,"Biemer-Muller Vessel Clip",Uncategorized,General,,
883b68ae-4c97-4164-8049-7d1e9bdd5f1a,04-180-09,"Biemer-Muller Vessel Clip",Uncategorized,General,,
178ca2e4-ad95-4409-9ec5-dd109edcd5dd,04-116-02,"Muller Vessel Clips",Uncategorized,General,,
ad145599-4c71-4178-85f6-0e0fea3e6f15,03-320-11,"Jeweler mod",Uncategorized,General,,
3be65cd7-8ea9-4d87-8dbe-8ad939ad97bb,04-170-05,"Biemer Vessel Clip",Uncategorized,General,,
27e7fe1c-17be-42e8-91f7-df44746c9273,06-184-02,"Mannerfelt Modif",Uncategorized,General,,
b5df0719-7c01-44b3-976b-47080a929695,06-186-02,"Mannerfelt Modif",Uncategorized,General,,
a4c9d929-ca53-4d3c-8273-ed2fbe1b57c7,06-186-03,"Mannerfelt Modif",Uncategorized,General,,
88413bdd-0683-4838-b543-d717f7716ee5,06-184-03,"Mannerfelt Modif",Uncategorized,General,,
b7ac6ca2-651d-42cd-81b3-191921014466,06-212-02,"Mannerfelt Modif",Uncategorized,General,,
374e9905-9053-495d-b8e9-71b629229538,06-212-03,"Mannerfelt Modif",Uncategorized,General,,
985d6687-2398-4e45-9358-038da333c689,03-234-15,"Russ",Uncategorized,General,,
c4f0198c-1e77-4d72-9bdc-9ad4943e8396,02-238-16,"Locklin",Uncategorized,General,,
67464fbd-dd10-45eb-a289-7207d6c6ed7b,02-292-22,"Strully",Uncategorized,General,,
b331c9e2-12cd-4b57-a396-9f5f302155dc,02-296-17,"Dean",Uncategorized,General,,
8c8f35ce-2793-40bf-92d6-9fbd877185c8,02-308-15,"Schuhmacher",Uncategorized,General,,
ba67b16d-a1bd-49d1-8b84-2bc482ce9a36,02-290-14,"Favaloro",Uncategorized,General,,
1622aa6e-99c2-4030-83d2-74cdc995e468,02-230-15,"Cottle",Uncategorized,General,,
36379350-45d7-4719-9e00-f9f32dd15892,02-226-14,"Cinelli",Uncategorized,General,,
39da4bd3-1e48-4a40-90b1-902f03741038,28-326-03,"Irrigator",Uncategorized,General,,
d67f1c94-3a1d-41a4-89ce-f21c050e0371,02-304-18,"Waldmann",Uncategorized,General,,
2a0a4670-b9ce-4090-95e0-f643e7a777a0,28-330-02,"Measuring Jug",Uncategorized,General,,
55d0a45d-ddac-4511-aeba-fd644d3855b5,02-350-25,"Lloyd-Davies (Goligher&#8217;s)",Uncategorized,General,,
40ef98a9-00bc-42a4-baa8-6782c9354cc3,02-290-15,"Favaloro",Uncategorized,General,,
e96cef35-5db0-4862-bc5e-c25ac6c5d04c,02-222-10,"Converse",Uncategorized,General,,
27ba8c7c-0b53-4d9b-bbb8-0e35164339bf,02-235-13,"Goldman-Fox",Uncategorized,General,,
776d6a18-a6f0-481e-899e-31a11608974d,02-306-10,"Mod",Uncategorized,General,,
799e4297-86f5-41d1-8b13-eb589db2e7c8,02-310-16,"Busch",Uncategorized,General,,
38b665fb-3042-46c8-9eaf-1f429cc7c7a5,02-300-19,"Good",Uncategorized,General,,
3359df46-d2f7-4381-bc45-e5f4ff9dc54e,02-234-13,"Goldman-Fox",Uncategorized,General,,
530ac9ae-548c-414f-a644-b418e40e8436,02-216-12,"Kilner",Uncategorized,General,,
7899439e-5bbe-4194-82be-2b09c81428c4,02-232-18,"Heymann",Uncategorized,General,,
1c9509c7-ada4-4bbd-a4bb-e447431ca84f,02-240-16,"Locklin",Uncategorized,General,,
71563688-4595-4b3c-a6a7-12999d56b8ce,02-291-20,"Strully",Uncategorized,General,,
5e6ae15c-6616-484f-8409-3d3bbe529b80,02-220-10,"Converse",Uncategorized,General,,
7a7e02e1-6cb1-4f8e-9e8f-02dee6a49f33,02-224-11,"Cinelli",Uncategorized,General,,
5c085d12-96a1-439a-ab5b-8a99413a8664,02-236-11,"La Grange",Uncategorized,General,,
ca1e0a3d-1d30-44b5-bab5-9d6094f5768c,02-218-15,"Kilner",Uncategorized,General,,
e0798a12-ea24-46fe-b96b-0b08cfe16958,28-330-03,"Measuring Jug",Uncategorized,General,,
63d0c728-85a6-4756-a420-0fa64a0095dd,02-168-14,"Reynolds",Uncategorized,General,,
5ba5f56d-8a5e-4435-a96f-e7bc8a4d488b,28-330-04,"Measuring Jug",Uncategorized,General,,
e6948631-958f-48a8-b075-404dfda0378c,02-166-15,"Reynolds",Uncategorized,General,,
f3d989e1-0325-4c55-a566-637f9ae4ce86,28-398-01,"Bedpan",Uncategorized,General,,
aa1a49ae-70d1-41f7-aed2-2740e47d626e,28-400-01,"Bedpan",Uncategorized,General,,
192574dd-eadd-40e2-8046-aa90e8a918a5,28-406-00,"Bedpan Simple",Uncategorized,General,,
b8274850-14ac-42b6-8bcf-10cf71321e58,28-348-01,"Sputum Cup",Uncategorized,General,,
75d1306c-6dcb-44b0-bbff-b2e4d32109f3,28-366-50,"Needle Cases Perforated",Uncategorized,General,,
2ea1e620-671d-40e2-bd28-ffa0994f7d4f,28-326-01,"Irrigator",Uncategorized,General,,
dcb9f889-9f8b-4ec6-878a-bfe679a44df8,27-166-13,"Obwegesser Flat Nose Pliers",Uncategorized,General,,
c7886ca8-1393-4579-bd64-9e3435e5e254,27-160-24,"Obwegesser Zygomatic Arch Awl",Uncategorized,General,,
44f2499a-adc8-4a36-be5c-37548f8d403f,dissecting-kit-13-pcs,"Dissecting Kit &#8211; Set of 13 Pcs (Packed in Pouch)

Chai",Uncategorized,General,,
37418604-6782-4de7-9dc2-96aff0457145,29-140-53,"Dissecting Kit &#8211; Set of 53 Pcs (Packed in Pouch)",Uncategorized,General,,
66dbcad8-9698-46f5-b22c-23a63d03ea5d,27-118-16,"Obwegesser chin holder",Uncategorized,General,,
d7080251-8250-4be1-98e4-f12fc775fff7,06-396-03,"St",Uncategorized,General,,
b51cc9ac-03ac-4053-b14a-7b0ff1955d45,06-418-02,"Sterberg Lip and Cheek Retracror",Uncategorized,General,,
2be3d8d4-8819-4722-ad16-a509ca407447,06-418-04,"Sterberg Lip and Cheek Retracror",Uncategorized,General,,
13994b4f-101e-41ba-bde7-20ae6c490b73,25-116-09,"Maunder Mouth gags wood",Uncategorized,General,,
ec5c99d7-6721-4726-a7da-22b440b61042,25-416-18,"Smith Sagittal split separators",Uncategorized,General,,
1f35b798-28b6-45b3-944d-82207e47f570,06-396-02,"St",Uncategorized,General,,
88077dca-9336-4bd0-a825-1af045e12416,06-418-03,"Sterberg Lip and Cheek Retracror",Uncategorized,General,,
4195083a-1043-4864-9db1-d54b1e32cce4,24-143-02,"BLAKESLEY-CASTELNUOVO RHINOFORCE?ll",Uncategorized,General,,
1c34140b-2be7-4e0d-803c-ab3b01f47588,23-510-16,"Gerzog Paracentesis Needle",Uncategorized,General,,
39d176f8-c31a-4eac-b936-3519eec2b722,23-490-17,"Weber-Loch Foreign body instruments",Uncategorized,General,,
ec66806b-38c1-434c-8513-942a1f50251c,23-568-00,"Ear Syringe",Uncategorized,General,,
db8f496f-1d1d-4a05-ae9d-bf9f4954b7fe,25-414-18,"Smith Sagittal split separators",Uncategorized,General,,
69094ca5-b10d-4f5a-8f9c-2da6c126bddb,21-108-20,"De Lee Pelvimeter",Uncategorized,General,,
bac9a519-2fe4-428c-a4a4-b860f1a4e7c5,20-266-26,"Beacham Amniotome",Uncategorized,General,,
ce49b9bf-ecee-4f61-add9-b1937aa479ae,15-617-40,"Blunt Blades PEEK ? Rotatating",Uncategorized,General,,
4a15fa12-f26e-4262-b18d-ba977ba318c4,15-603-25,"Lateral Serrated Blades",Uncategorized,General,,
4c7acfd3-8d30-48e8-b3db-fc068ffa17cd,15-634-30,"McCulloch 4-teeth Narrow Muscle Blades",Uncategorized,General,,
8b715755-e274-4a74-9935-dfe4c57920f4,15-613-40,"Lateral Serrated Blades PEEK",Uncategorized,General,,
06118e17-c805-4aab-942a-f86545791235,13-973-22,"Loute Wire Tightener",Uncategorized,General,,
9ded4c70-ffcb-433a-b6c5-34ac4ecc9fc8,15-109-01,"Crutchfield Skull Traction Tong",Uncategorized,General,,
a402922d-25e2-437c-90d2-3086fe9d13a8,13-977-18,"Countersink",Uncategorized,General,,
bc2d3eff-6b43-41c5-8cd7-6f66f2499fce,15-307-01,"Hardy-Fahlbusch (Small-Tip)",Uncategorized,General,,
e9207af9-c824-48f2-8a85-184e05ddc1b3,13-979-22,"DHS/DCS Wrench",Uncategorized,General,,
49e79710-a0e4-4b8b-8784-a3970d5b4f93,13-974-11,"Handle with quick coupling",Uncategorized,General,,
bb5f7e65-d124-42b5-bd0c-244a9e455f9f,07-162-16,"Farrell cotton applicator",Uncategorized,General,,
662be5e8-d3cd-4a32-9985-e7fc385ed950,07-164-15,"Lathbury-Farrell cotton applicator",Uncategorized,General,,
d73b6a40-03ee-4a20-ad88-dbb2f31cf298,07-164-18,"Lathbury-Farrell cotton applicator",Uncategorized,General,,
538dd7c9-fb00-4ee2-a67d-42a3f985f6cc,09-104-03,"Trocar",Uncategorized,General,,
89e31623-f215-4991-8146-93cf34390033,13-970-14,"Finger Ring Saw",Uncategorized,General,,
59efd606-e4fd-46ab-99f9-4d54d21ef1c3,07-162-14,"Farrell cotton applicator",Uncategorized,General,,
4631c429-ae37-47b2-88db-350914916e79,09-130-12,"Redon Needle",Uncategorized,General,,
dd184029-d0b8-4e4f-81bd-5cd49c140e10,08-162-02,"Iwanson Caliper",Uncategorized,General,,
aa67e4ff-8c8b-437d-adc2-8f608ca25472,09-104-02,"Trocar",Uncategorized,General,,
63842a3c-d059-45b2-af0d-94a8ceb51686,09-106-03,"Trocar",Uncategorized,General,,
d38faf25-06fe-43f1-a967-f4534b8b1ec9,09-110-03,"Gall Bladder Trocars",Uncategorized,General,,
725b8fa1-ed9a-4084-b1df-778cfd8f8f11,09-104-04,"Trocar",Uncategorized,General,,
eb2a3a3b-c2ff-4ed8-be01-804d89efaef2,09-130-16,"Redon Needle",Uncategorized,General,,
ee196bd5-067f-4b6b-affd-afa524ba497c,09-132-12,"Redon Needle",Uncategorized,General,,
cce95478-2a2f-4d11-8297-96aa37f718bd,09-132-16,"Redon Needle",Uncategorized,General,,
52249b8a-b942-4b5b-b7b9-f68883714c53,09-134-12,"Redon Needle",Uncategorized,General,,
8868d3e9-cb84-458d-a5f6-0e1bf813cb24,13-188-20,"Midi Cutter",Uncategorized,General,,
8dc73ae1-b35a-4ce3-a878-949c3b73f85a,13-194-00,"Wire cutting pliers with extendable handle",Uncategorized,General,,
d7317eda-760a-42eb-8d24-91b6c6948935,13-202-20,"Wrench",Uncategorized,General,,
89e83472-77f0-4b21-a488-01f55d0a7f61,13-254-00,"Virchow Skull Breaker",Uncategorized,General,,
3524c575-7d88-42f3-9f33-73c786496747,13-186-18,"Midi Cutter",Uncategorized,General,,
b0182c9f-f81c-46c1-9d2e-c5f6ed225caa,09-130-14,"Redon Needle",Uncategorized,General,,
06596590-542e-46dc-b604-67531ddca81d,09-130-10,"Redon Needle",Uncategorized,General,,
2e91687f-b9cd-4e14-9149-fc1878313cca,09-108-02,"Empyema Trocar",Uncategorized,General,,
832be667-7451-4732-a125-be1847eb3d77,09-130-18,"Redon Needle",Uncategorized,General,,
e49bb70e-d799-4ce9-bc44-43f0acbcefaa,09-132-10,"Redon Needle",Uncategorized,General,,
651866a8-eedd-41dc-ae01-3d377115116b,09-132-14,"Redon Needle",Uncategorized,General,,
5f05f9b1-00c8-4917-8952-5fddf87bdd2a,09-132-18,"Redon Needle",Uncategorized,General,,
27b8272e-59a2-4216-871d-1db07bf27e57,09-134-10,"Redon Needle",Uncategorized,General,,
3cfa4dfc-b695-4f21-b0fe-aaa8e2eb945e,09-134-14,"Redon Needle",Uncategorized,General,,
6a43af47-4b3b-46d8-a387-b476d47ba207,09-134-18,"Redon Needle",Uncategorized,General,,
0e3f9601-631d-4bae-96fc-05f516e4833d,09-136-10,"Redon Needle",Uncategorized,General,,
65c7d52f-4b4d-4e4f-b7d7-8822a3a221c9,09-136-14,"Redon Needle",Uncategorized,General,,
59f7f65e-cdcf-44d3-a3eb-327ccadfc0d9,09-136-18,"Redon Needle",Uncategorized,General,,
7dd2f844-bf00-4bb1-994f-9e1aa09bbdf1,09-110-04,"Gall Bladder Trocars",Uncategorized,General,,
56fcbe83-59e3-40ab-bc66-73f86f91ac8d,11-568-12,"Kronecker Ligature Needle",Uncategorized,General,,
4c6079e1-1bf8-4b23-ac37-d3c9c4c2eb31,09-110-02,"Gall Bladder Trocars",Uncategorized,General,,
217b2699-01e6-47a3-965b-08675da1d5af,13-184-23,"Wire Cutting Plier",Uncategorized,General,,
5d19cebc-4bc7-4980-b460-5d877ad57e2b,09-136-12,"Redon Needle",Uncategorized,General,,
a9b50da5-dc06-4ec3-acef-9708771ff601,09-136-16,"Redon Needle",Uncategorized,General,,
8961028f-fac1-45f1-b75a-58940a0d3010,13-182-23,"Wire Cutting Plier",Uncategorized,General,,
d509f144-1ade-4b31-ae19-502849d1f62d,13-174-15,"Wire Cutting Plier",Uncategorized,General,,
3b293aa6-a7ed-40d0-8f2f-cfe80dc98d9f,10-108-01,"Fiber Optic (F",Uncategorized,General,,
3d31556d-b9d1-4f55-ae40-59adcaedd0b2,10-100-01,"Flexible Tip Fiber Optic (F",Uncategorized,General,,
339cac36-3916-4ee6-ba58-0904242a8849,09-302-02,"Heparin Flushing needle",Uncategorized,General,,
42eb479b-d0c7-43ab-b2f2-31b0c308fcc0,09-308-02,"Elsberg (Silver) Ventricular cannula",Uncategorized,General,,
86ea273c-69bf-4674-8e23-858cbfd5708e,10-100-02,"Flexible Tip Fiber Optic (F",Uncategorized,General,,
14b6ce5b-7406-4408-86c3-53484e15772e,07-156-11,"Modell PICCOLO Cotton Applicator",Uncategorized,General,,
ce1903b7-ff36-4a63-8d91-5763e8dd15d3,09-308-03,"Elsberg (Silver) Ventricular cannula",Uncategorized,General,,
59526a91-751e-4924-841f-e299e0529f3b,10-100-03,"Flexible Tip Fiber Optic (F",Uncategorized,General,,
0fea6f73-feda-4fc2-8acf-05ab88bcc0a7,09-302-03,"Heparin Flushing needle",Uncategorized,General,,
55c7b65d-17da-4c0b-ad2c-fc0d347eb58b,09-302-04,"Heparin Flushing needle",Uncategorized,General,,
e023d4c7-044d-43c5-a247-547bfd2a12d2,09-308-01,"Elsberg (Silver) Ventricular cannula",Uncategorized,General,,
fd7a9e0f-d7be-4790-b33d-1b03931a53d7,10-100-04,"Flexible Tip Fiber Optic (F",Uncategorized,General,,
d3a43dcf-7066-4f6d-8f60-fd2c83f9b97d,10-108-02,"Fiber Optic (F",Uncategorized,General,,
fa6e0797-74e3-4a6b-8e6e-887652fd4f2f,10-108-10,"Fiber Optic (F",Uncategorized,General,,
ea09e803-54be-489e-8267-4eacd9ec873d,04-176-09,"Biemer-Muller Vessel Clip",Uncategorized,General,,
6fde9878-8e34-4158-9f0b-f0cdf4979fb5,10-108-30,"Fiber Optic (F",Uncategorized,General,,
104dbf11-12fc-43b2-ab38-644d358b23af,10-108-04,"Fiber Optic (F",Uncategorized,General,,
a228ccb5-4853-43c6-81eb-134b794b8ba2,10-108-20,"Fiber Optic (F",Uncategorized,General,,
240ded93-187f-4a5a-ad4e-fb2b99fee65f,13-198-32,"Wire cutting pliers",Uncategorized,General,,
7a90c2be-35b8-4d8d-9b61-576ef8bfe3e9,02-168-15,"Reynolds",Uncategorized,General,,
559e5a29-5225-4d2e-a151-90e70d7c774a,02-168-18,"Reynolds",Uncategorized,General,,
30ce04c5-e269-4cca-b257-e8b57bdcc967,02-248-18,"Diethrich",Uncategorized,General,,
4cd62d59-9f11-4331-8268-1d52f0f7076a,02-250-17,"Diethrich",Uncategorized,General,,
f1ee0730-82af-404d-b42c-884a1bfb26ab,02-252-17,"Diethrich",Uncategorized,General,,
ae31a4bd-91db-4c9b-a251-a3ddbc422a54,02-264-18,"Micro-Hegemann",Uncategorized,General,,
489e18f9-2a05-4e96-8ad6-a6aa43418a25,02-306-12,"Mod",Uncategorized,General,,
f1ea0e71-b755-4445-89c4-c9e6940e3db9,02-298-17,"Dean",Uncategorized,General,,
12d2b19e-9a38-4f98-b1d6-9a6f10b429e8,02-262-18,"Micro-Hegemann",Uncategorized,General,,
c158886b-3d38-49d1-b2d2-fc2ab1b1bbdf,02-306-15,"Mod",Uncategorized,General,,
61d3dac9-01c9-4441-99c4-7282f5a723a5,02-312-16,"Busch",Uncategorized,General,,
8e5fab2f-31cd-4621-8986-25bab89d9054,02-260-18,"Micro-Hegemann",Uncategorized,General,,
57724671-ba6d-4df1-ac37-5fc619ba76d7,13-210-01,"Fixation disc",Uncategorized,General,,
6c6ee029-0365-460f-8fc6-a611a18b8ad3,02-254-17,"Diethrich",Uncategorized,General,,
ea555146-8250-4e40-9fca-0b62c4cef3b1,20-230-90,"20-230-90",Uncategorized,General,,
776688d7-93e1-4f3c-b4a3-9cd6936be84a,03-234-20,"Russ",Uncategorized,General,,
3d5acc75-6f59-4923-931e-dbebb0256ae7,03-234-25,"Russ",Uncategorized,General,,
43c09956-78ad-424d-ba5b-b837dcff6180,03-318-13,"Jeweler mod",Uncategorized,General,,
a5db6adb-74bf-49fe-aca9-85d162c97cfc,03-320-13,"Jeweler mod",Uncategorized,General,,
92b60156-1220-4119-bbca-315fc03d211a,03-322-13,"Jeweler mod",Uncategorized,General,,
5ff46fb5-fd29-4ef2-87b2-96189187b436,03-324-13,"Jeweler mod",Uncategorized,General,,
3ae24f5f-2fa9-403e-adaa-a0078d7731ca,03-326-13,"Jeweler mod",Uncategorized,General,,
c3bd0657-e51c-457d-b5c4-2f943e8be783,03-328-13,"Jeweler mod",Uncategorized,General,,
63b1f7fc-ed03-4050-bf24-c14c29b02fd6,04-104-02,"Muller Vessel Clips",Uncategorized,General,,
cacb4d62-39c9-4a62-a279-38fab3684aa4,20-230-94,"20-230-94",Uncategorized,General,,
86e90b84-1e02-4a6b-9c66-66942d4799f9,20-230-98,"20-230-98",Uncategorized,General,,
cddda15d-1ef5-4028-b3ec-7eb23e14a982,04-100-04,"Muller Vessel Clips",Uncategorized,General,,
1273fbe3-4db5-4fa8-ba8b-1d611adc2de0,04-102-12,"Muller Vessel Clips",Uncategorized,General,,
8c796bd2-efb1-4ff4-b201-ff625b1893ae,04-102-14,"Muller Vessel Clips",Uncategorized,General,,
ea1d5236-38e3-4f09-bc27-c15d8de3156a,04-108-02,"Muller Vessel Clips",Uncategorized,General,,
25e96b96-8673-46c4-aa68-c8dbd83c19a1,04-110-12,"Muller Vessel Clips",Uncategorized,General,,
10e7572a-8472-4cc7-b586-64e592914fce,04-110-14,"Muller Vessel Clips",Uncategorized,General,,
c3e0ddde-6683-4ac0-b810-c30ebb929e4d,04-112-02,"Muller Vessel Clips",Uncategorized,General,,
e005ffc4-4f9c-4dd6-9547-40998c38578a,04-112-04,"Muller Vessel Clips",Uncategorized,General,,
acfe0a3f-fd6e-4389-a54a-e0344cd214b2,04-114-02,"Muller Vessel Clips",Uncategorized,General,,
97641378-c820-4697-a44f-ddcfa28d6154,04-114-04,"Muller Vessel Clips",Uncategorized,General,,
0e177aaa-901a-4dd5-a552-009d98a847c6,04-118-12,"Muller Vessel Clips",Uncategorized,General,,
f5dcedec-205e-4fd9-a6ef-8008b6d92f1e,04-118-14,"Muller Vessel Clips",Uncategorized,General,,
9932f22f-86c5-40dc-84a7-43d67709be2b,04-120-02,"Muller Vessel Clips",Uncategorized,General,,
47fee0d1-9e4f-42cd-9071-2dc56962fdd7,04-120-04,"Muller Vessel Clips",Uncategorized,General,,
3ad3a4de-9e2d-450e-b200-13a01a49d45a,04-122-12,"Muller Vessel Clips",Uncategorized,General,,
2a1dc342-89b9-4d8d-bc63-d477c38355ed,04-122-14,"Muller Vessel Clips",Uncategorized,General,,
aa7ffc0a-d1d8-4069-b127-1038e69079ec,04-124-02,"Muller Vessel Clips",Uncategorized,General,,
b83afe88-9f4e-448f-9959-5cbebfcb8ebc,04-124-04,"Muller Vessel Clips",Uncategorized,General,,
ce35645a-68c8-460b-a3cf-8b40340b13f0,04-126-12,"Muller Vessel Clips",Uncategorized,General,,
f30d6c1c-85fa-406b-a67e-5216f8ff9ac1,04-126-14,"Muller Vessel Clips",Uncategorized,General,,
333683ed-2f54-4670-9d41-984f57f44fff,04-128-02,"Muller Vessel Clips",Uncategorized,General,,
aa2de83e-2703-4c32-970a-60fa4b597c63,04-128-04,"Muller Vessel Clips",Uncategorized,General,,
f731a458-f6e5-4496-b849-98d641cef818,04-130-02,"Muller Vessel Clips",Uncategorized,General,,
271dd26c-6412-486d-a597-59096d591186,04-130-04,"Muller Vessel Clips",Uncategorized,General,,
dc30dbe8-cf42-443f-a8ed-32ba256ac763,04-132-04,"Muller Vessel Clips",Uncategorized,General,,
de030283-ae59-4ddd-b208-734be676018a,04-134-12,"Muller Vessel Clips",Uncategorized,General,,
934e6881-f367-4977-b2f8-4e64343ae824,04-134-14,"Muller Vessel Clips",Uncategorized,General,,
43db8e93-34e1-4127-9967-ebb8fbddba80,04-106-14,"Muller Vessel Clips",Uncategorized,General,,
bfdab31d-e8ed-432c-82e5-1210b74f8e58,04-108-04,"Muller Vessel Clips",Uncategorized,General,,
55d44822-5df9-45e1-a5e0-5dd6966d5caf,04-142-12,"Muller Vessel Clips",Uncategorized,General,,
da7c1837-b043-4658-aa81-8f62647ed743,04-142-14,"Muller Vessel Clips",Uncategorized,General,,
b407a39e-b26e-4ea1-af5d-5d20978f4a59,04-144-04,"Muller Vessel Clips",Uncategorized,General,,
bbc29214-4bbc-4ce5-b048-49e379945702,04-146-02,"Muller Vessel Clips",Uncategorized,General,,
d753ab16-4f99-4851-989d-18cd60ba43c4,04-148-12,"Muller Vessel Clips",Uncategorized,General,,
787469bc-488c-4e96-8b4b-19042e7935f7,04-148-14,"Muller Vessel Clips",Uncategorized,General,,
f7959df6-73f7-4a64-a9a2-dd593041cc8e,04-150-02,"Muller Vessel Clips",Uncategorized,General,,
be6f91aa-2d8f-4831-a487-c65bd0ce1eef,04-150-04,"Muller Vessel Clips",Uncategorized,General,,
b81bda1b-15a1-4a3c-8ccd-fb7c62dc5bdc,04-152-12,"Muller Vessel Clips",Uncategorized,General,,
0e575c3b-cca7-4f2e-b4e2-54aad5de59eb,04-152-14,"Muller Vessel Clips",Uncategorized,General,,
9a59206a-5649-41e7-8bc5-5789dd889016,04-172-02,"Muller Vessel Clip",Uncategorized,General,,
60797d44-8cbf-4267-a6e9-9babad526c1c,04-172-03,"Muller Vessel Clip",Uncategorized,General,,
4fd58137-84ac-41bf-8985-841f61117349,04-172-04,"Muller Vessel Clip",Uncategorized,General,,
72c38138-cab3-4f64-aff2-0bf3e887e9c5,04-188-06,"Mini Vessel Clip",Uncategorized,General,,
69014ab5-fdb6-4bcd-a1bc-77d252ba5805,04-188-08,"Mini Vessel Clip",Uncategorized,General,,
d6ee5fd6-30d8-4c07-a056-0180c215f808,04-188-10,"Mini Vessel Clip",Uncategorized,General,,
b2a056f8-574a-451d-a8ae-85c1fbfe77a5,04-138-12,"Muller Vessel Clips",Uncategorized,General,,
3a9f3463-cdc4-4947-a46c-fd89652ece3a,04-140-04,"Muller Vessel Clips",Uncategorized,General,,
6c6c8048-7355-4267-89b5-485c1d1d015e,04-146-04,"Muller Vessel Clips",Uncategorized,General,,
7ea3877d-4379-4b58-bfcf-85b00226d2b1,04-138-14,"Muller Vessel Clips",Uncategorized,General,,
67d5c01d-c679-4283-8daa-f77ecfaa8fb2,11-552-02,"Reverdin Needle",Uncategorized,General,,
dc329f0d-414a-48b5-9d8b-5dd74817f29c,11-554-04,"Reverdin Needle",Uncategorized,General,,
0feed580-7c90-43ca-b69e-7bed2f793963,11-582-02,"Brunner Ligature Needle",Uncategorized,General,,
7fac4734-8a1b-4445-b5b7-ff76dd9ae1db,13-106-92,"Charriere Amputation Saw",Uncategorized,General,,
e436f14d-47c1-42a7-b5db-82a9c4fe3ded,13-108-87,"Bier Amputation Saw",Uncategorized,General,,
4876e25b-3c6d-4732-ae89-dc45a519f32f,13-116-01,"Hudson Hand Drill",Uncategorized,General,,
1bde9f45-cec3-4511-8e46-749c38209e1e,13-116-05,"Hudson Hand Drill",Uncategorized,General,,
aafd5a01-a6b7-418b-9311-32c7c82be975,13-116-08,"Hudson Hand Drill",Uncategorized,General,,
49ccd4ac-5d89-42e0-9a02-c11067391f11,13-154-02,"Flat Nose Plier",Uncategorized,General,,
c4af4200-16c4-4509-bad8-4dd5c2fd1a48,13-154-03,"Flat Nose Plier",Uncategorized,General,,
77e729e8-8728-46ad-9924-334bf34d0558,13-156-03,"Flat Nose Plier",Uncategorized,General,,
11b62088-1d78-4920-bead-ad38f5402f05,11-550-03,"Reverdin Needle",Uncategorized,General,,
e729d227-d41f-4fdd-871e-84c86029c467,11-552-03,"Reverdin Needle",Uncategorized,General,,
ac65f997-ccbb-45d8-b3c8-9cc5b086c235,11-554-02,"Reverdin Needle",Uncategorized,General,,
230c52a3-bafe-47ab-9b10-d065c1b7b7bb,11-590-29,"Demel Wire Guide",Uncategorized,General,,
1e9f47ec-1f11-46ed-9a01-2c387e88051b,11-598-02,"Konig Ligature Conductor",Uncategorized,General,,
b88960cc-3064-42a8-ba71-319408a031f6,13-108-83,"Bier Amputation Saw",Uncategorized,General,,
3bebf9d3-4a74-4dc8-b3c3-5bf51fe156a8,13-114-27,"Twist drill",Uncategorized,General,,
00d26582-61d3-412c-ba06-8d1d471087d5,13-116-02,"Hudson Hand Drill",Uncategorized,General,,
d583c66a-10c3-4f4d-a55a-a9beedf8cab2,13-116-09,"Hudson Hand Drill",Uncategorized,General,,
8e36d6bd-9547-4a74-8b35-cab473e75e3b,13-118-06,"Hard Drill",Uncategorized,General,,
ffddfdf9-d729-4cab-8759-938ad420967a,11-550-04,"Reverdin Needle",Uncategorized,General,,
76d1e023-1b21-4074-98c5-b78ecd6f3273,13-116-06,"Hudson Hand Drill",Uncategorized,General,,
9e64dbcf-873f-4b0d-a977-72a120af879f,13-104-90,"Satterlee Amputation Saw",Uncategorized,General,,
b9eae7b7-7127-4768-a1d5-c785350d47bb,13-106-95,"Charriere Amputation Saw",Uncategorized,General,,
4d27cca9-4891-4535-b57c-03e84da03a13,11-584-02,"Brunner Ligature Needle",Uncategorized,General,,
d8f8cce6-a6e6-44a5-aa5b-12241c547078,11-590-31,"Demel Wire Guide",Uncategorized,General,,
e5c93cf9-ed40-4ac5-8db0-6abc5eaad73f,13-108-85,"Bier Amputation Saw",Uncategorized,General,,
9b3896cc-5ca0-4541-aebb-bab2a9116fb5,13-116-04,"Hudson Hand Drill",Uncategorized,General,,
d8f393b5-07aa-40a8-b0a4-3ae8e7431288,13-116-07,"Hudson Hand Drill",Uncategorized,General,,
192caa36-3449-4bd1-8681-584c37f1dff1,13-118-90,"Hard Drill",Uncategorized,General,,
c170e370-f9c9-4362-8cb6-ef220013b0ab,13-152-24,"Vise Grip",Uncategorized,General,,
07cef59f-f271-428e-a378-2ce8d1ce478a,13-190-22,"Maxi Cutter",Uncategorized,General,,
b84a8d5d-bdf6-4bba-98ee-530d6706d3c0,11-598-03,"Konig Ligature Conductor",Uncategorized,General,,
4fe933d4-c3a9-43c2-bbed-18fec76a728c,13-106-98,"Charriere Amputation Saw",Uncategorized,General,,
356f0818-7ba6-4a43-b0ce-d7032f77c7c0,13-200-04,"Kirschner wire traction bows",Uncategorized,General,,
7f845f42-2b43-4f64-9286-098d58e7e632,11-554-03,"Reverdin Needle",Uncategorized,General,,
6b9078d5-c9fd-437b-afc9-64e2caec1c0d,13-102-90,"Charriere Amputation Saw",Uncategorized,General,,
7b18a8c1-0fba-4f08-8d6a-e9941b964db5,13-232-10,"T handle for quick coupling",Uncategorized,General,,
1711957a-90b2-4e3c-8049-8f8d0f963d65,13-156-02,"Flat Nose Plier",Uncategorized,General,,
6c930775-eb99-4e26-ac6d-d95a614ee236,13-220-26,"Kirschner Wire traction bow",Uncategorized,General,,
5e0106d7-819d-40af-a576-cbf6bd187e3b,13-200-05,"Kirschner wire traction bows",Uncategorized,General,,
6e2f1635-aa75-493e-a5c9-20b7aea3a9be,13-164-02,"Flat Nose Plier",Uncategorized,General,,
52207a38-7d7a-4a2c-892a-15b70aa005b4,13-200-02,"Kirschner wire traction bows",Uncategorized,General,,
70ad419d-fa61-43f9-9e0e-14e2e561f759,13-224-18,"Steinmann pin",Uncategorized,General,,
d5fa9c1d-6a48-4ddc-858b-c995811d77f9,13-220-18,"Kirschner Wire traction bow",Uncategorized,General,,
8bdf26f5-d83e-4c94-a2d6-4b17d9c15b64,13-200-03,"Kirschner wire traction bows",Uncategorized,General,,
3f6f7197-d5d5-4f8c-8c3c-f3c98103d9d3,13-224-20,"Steinmann pin",Uncategorized,General,,
e4e374f7-6d0b-4274-842e-543ac3ac24b3,13-210-02,"Fixation disc",Uncategorized,General,,
51d6182e-bc52-4431-ae51-760c479318fc,15-653-12,"Distraction Pin A/B",Uncategorized,General,,
ec361e13-df54-4f60-9154-4b55abfab335,13-240-02,"Bunnell Hand Drill",Uncategorized,General,,
03d5c19c-8f21-4a81-a0c1-2cdd5937c464,13-224-16,"Steinmann pin",Uncategorized,General,,
f119297e-1b1e-4af7-98c0-c1875ff7979f,24-154-18,"24-154-18",Uncategorized,General,,
640d21f0-934f-4e08-996d-566ca23e4cbb,24-162-02,"24-162-02",Uncategorized,General,,
0eb446c1-20da-462b-a1b6-09fd3f20af95,24-164-02,"24-164-02",Uncategorized,General,,
2d6a59fd-f0e6-4c04-9d1f-1bf1e2dec800,28-306-08,"28-306-08",Uncategorized,General,,
4ab13fec-f5b2-482f-b30e-fd737b3bcb75,28-306-09,"28-306-09",Uncategorized,General,,
7dda2fca-6c1f-4dd1-afe7-2eadd5ee686a,13-696-01,"Tendon passing instrument",Uncategorized,General,,
ce4dfcf3-8517-4315-b936-243b1c084edb,13-971-40,"Walton Finger Ring Saw",Uncategorized,General,,
791e0ca4-a4cb-4e4f-bffb-63e0f9b2564b,13-975-04,"Hexagonal screw driver",Uncategorized,General,,
ebbe893f-2e01-4ccd-a1c0-f45c94864d3f,13-980-01,"Bending Iron",Uncategorized,General,,
9dc94642-51de-45af-a3d5-6d386e4060a5,13-986-02,"Depth Gauge",Uncategorized,General,,
daadf370-b624-4120-8d56-7fdbefef74ae,13-983-02,"Double Drill Sleeve",Uncategorized,General,,
8040ae0e-19bd-4884-945a-7c3ecd682b44,13-984-02,"Double Drill Sleeve",Uncategorized,General,,
93db27e9-e176-4e4a-82cf-82b62c6968d8,13-985-02,"Loaded Drill Guide",Uncategorized,General,,
864590ee-c0c3-4d16-bc67-1a1523840073,13-985-03,"Loaded Drill Guide",Uncategorized,General,,
83aa1c00-a0d9-4f36-a224-1ead46a99e11,13-985-04,"Loaded Drill Guide",Uncategorized,General,,
c54e6fa9-9ba4-4c81-8135-a9f51080a3a6,13-985-05,"Loaded Drill Guide",Uncategorized,General,,
40bf62b3-af1f-4823-bbfb-4a2d57d33f50,13-986-03,"Depth Gauge",Uncategorized,General,,
593db4b2-d2d8-48ed-ba2c-f147fab63a6a,13-986-04,"Depth Gauge",Uncategorized,General,,
9f96094a-9d0a-4c47-af46-60e45fb8ab70,13-986-05,"Depth Gauge",Uncategorized,General,,
ef53bdab-b53a-4f34-ade5-72417655fd91,13-986-06,"Depth Gauge",Uncategorized,General,,
dd1ba44d-a4a2-4be9-aa5f-406c386a8453,13-986-07,"Depth Gauge",Uncategorized,General,,
f1b5b739-7296-4d7d-a9d8-f58153db1b57,13-986-08,"Depth Gauge",Uncategorized,General,,
773d9a40-4ac4-4c67-ba6a-93bb240a884f,13-986-09,"Depth Gauge",Uncategorized,General,,
a36309ba-e7f2-4d9c-a025-b2e7a8ab1d73,13-987-02,"Cerclage wire with eye",Uncategorized,General,,
4f3c9778-36ab-4c37-98b9-8ec4a93482c6,13-987-03,"Cerclage wire with eye",Uncategorized,General,,
c7eddad4-7548-4af1-b151-4008a9e4918c,13-987-04,"Cerclage wire with eye",Uncategorized,General,,
459db87b-9214-4f48-920d-1fb97e03436f,13-987-05,"Cerclage wire with eye",Uncategorized,General,,
7a58f6ce-7a3c-42a3-a905-98dc3e646516,13-975-03,"Hexagonal screw driver",Uncategorized,General,,
94b57cf9-f5c4-46d6-b596-1291d340baef,13-971-30,"Walton Finger Ring Saw",Uncategorized,General,,
34c39236-8468-46cf-a55d-2fb66c5c95a3,13-988-04,"Cerclage wire without eye",Uncategorized,General,,
de021e10-3ea4-4656-bcf6-fa1fc545e1d1,13-988-05,"Cerclage wire without eye",Uncategorized,General,,
90267aee-52c4-4bb1-90da-579bdbe4ad9d,13-989-02,"Tap for 4",Uncategorized,General,,
85eb15b0-8646-4e3a-bfa4-ad2f88959365,13-992-01,"Epiphyseal Staples Set",Uncategorized,General,,
691e24ef-f006-4005-a039-7090fd4dba54,13-992-02,"Epiphyseal Staples Set",Uncategorized,General,,
c2e1b555-5654-481b-ab31-87edc04c5f3f,13-992-03,"Epiphyseal Staples Set",Uncategorized,General,,
dabf3045-12e9-464a-b2db-0624da38b304,13-992-04,"Epiphyseal Staples Set",Uncategorized,General,,
79a164c8-d762-4c02-8880-cd871e69a01c,13-988-02,"Cerclage wire without eye",Uncategorized,General,,
187b33a0-48d2-4e05-8512-3834e536f9fe,13-988-03,"Cerclage wire without eye",Uncategorized,General,,
5b194723-9798-427a-9d0b-c918efb9a9c6,14-272-19,"Gregory",Uncategorized,General,,
8f8b7ff6-f6b3-45ec-9d2a-166f57780556,15-307-02,"Hardy-Fahlbusch (Small-Tip)",Uncategorized,General,,
4f156288-18d1-4409-bde0-255a5ed40020,15-307-03,"Hardy-Fahlbusch (Small-Tip)",Uncategorized,General,,
ff4ba6d9-f639-4055-bb45-ce5d74c4537f,15-307-04,"Hardy-Fahlbusch (Small-Tip)",Uncategorized,General,,
a3082fe7-897f-4f5a-8bf8-5af28157d19d,15-307-05,"Hardy-Fahlbusch (Small-Tip)",Uncategorized,General,,
de9da4d3-7c74-4157-8e01-13b99872d605,15-308-01,"Hardy-Fahlbusch (Small-Tip)",Uncategorized,General,,
d62b919e-0fa0-472f-85e3-85091106221a,15-308-03,"Hardy-Fahlbusch (Small-Tip)",Uncategorized,General,,
e3725180-8c49-466e-8564-773c9fe8fe69,15-308-04,"Hardy-Fahlbusch (Small-Tip)",Uncategorized,General,,
13aac7a4-026a-443a-a220-807b702178ec,15-308-05,"Hardy-Fahlbusch (Small-Tip)",Uncategorized,General,,
df463460-7d2c-4174-bb48-ca3ec97baa12,09-106-02,"Trocar",Uncategorized,General,,
4bb6bbea-1c99-40d7-8cf6-7130c3643dec,10-108-03,"Fiber Optic (F",Uncategorized,General,,
8732adb8-e80a-4c4f-944d-4fe1a6139c24,11-550-02,"Reverdin Needle",Uncategorized,General,,
b8e803a7-0086-45ba-b5d4-2fc64d7c1458,13-987-06,"Cerclage wire with eye",Uncategorized,General,,
f63b49ca-8d22-4854-b3d1-81e8a9be8645,13-970-30,"Finger Ring Saw",Uncategorized,General,,
1af6f201-37ac-4903-b8ff-bef3e3d7e118,14-272-11,"Gregory",Uncategorized,General,,
350f6f39-11ba-4fec-aad9-436924dc5447,07-164-16,"Lathbury-Farrell cotton applicator",Uncategorized,General,,
704d1341-3202-4e04-8990-d7ce797100c4,21-212-03,"Ovum Forceps",Uncategorized,,,
78f765a7-50e9-4344-9d1e-1c5f852819cb,25-254-60,"Dunn Dautrey Anterior Ret. 6.5x60mm 14.5cm",Uncategorized,,,
e4d632f6-1bf0-43b3-ac1b-9ee25db68555,14-314-16,"DeBakey Vascular Forceps",Uncategorized,,,
8b8b661c-4037-49d9-8140-28749702e734,26-196-32,"Brunings Interchangeable tube",Uncategorized,,,
8118f81b-487f-4564-8772-071072e79eb8,14-314-20,"DeBakey Vascular Forceps",Uncategorized,,,
f914a364-390e-4796-ba2b-92bb8a312474,14-314-24,"DeBakey Vascular Forceps",Uncategorized,,,
7f0f98c8-abb7-4d5d-8185-a47bcf67f6c5,14-314-30,"DeBakey Vascular Forceps",Uncategorized,,,
7dc10b3d-a023-4570-8de9-7d2b14b0446c,22-144-03,"Bowman Lacrimal Probe / 1",Uncategorized,,,
fafa4b16-3223-450d-afb6-f10b3e6faca4,22-144-04,"Bowman Lacrimal Probe / 2",Uncategorized,,,
1f3168da-72ab-4f4e-b8b9-3d9b2d1e87bd,22-144-05,"Bowman Lacrimal Probe / 3",Uncategorized,,,
04b86d58-567b-4033-9aee-6156cb46e24a,24-388-14,"Eicken-Killian Antrum irrigation Cannula",Uncategorized,,,
887bb7f4-e4c2-47a9-8b52-2d9eff61ba37,24-400-01,"Goldsmith (Thudichum)",Uncategorized,,,
e516e641-ca2d-46c9-a5fc-6646a5445165,24-400-02,"Goldsmith (Thudichum)",Uncategorized,,,
b5dff759-2876-4c4e-9fc3-2548c79740b4,24-400-04,"Goldsmith (Thudichum)",Uncategorized,,,
a4f66c64-2018-4fa4-94bc-1369ed67c745,26-196-41,"Brunings Interchangeable tube",Uncategorized,,,
90dcb0f4-c20e-481b-9185-425bbd1ef0f2,27-278-02,"Marchac Frontal template",Uncategorized,General,,
7a52fa92-1d94-4105-a85b-e2af4a32e994,28-236-02,"Wash Basin",Uncategorized,General,,
3b2ab06d-b65b-4141-8098-3bf6761a5911,28-236-03,"Wash Basin",Uncategorized,General,,
558c14d7-bf48-40a3-bb6c-709316a5ee4e,28-236-04,"Wash Basin",Uncategorized,General,,
df9847a9-2f59-4a87-9af8-249f2d59968b,28-236-05,"Wash Basin",Uncategorized,General,,
79631d04-500d-4edf-a1f6-7e1d5bc2e5e4,28-240-02,"Medicine Cup",Uncategorized,General,,
cfb466a7-6099-4f48-ad7d-a7673c54d635,28-240-03,"Medicine Cup",Uncategorized,General,,
cfe6450f-ecf6-46da-a74b-f51798bc9520,28-240-04,"Medicine Cup",Uncategorized,General,,
aca55e04-d2cc-4cad-843d-5aeffdcccf82,28-336-02,"Measuring Jug",Uncategorized,General,,
084ecd93-78ee-442d-bb40-9fe9e9e29ff9,28-336-03,"Measuring Jug",Uncategorized,General,,
e2f830f4-6e04-42fd-8674-60ebf10824c3,28-336-04,"Measuring Jug",Uncategorized,General,,
ff3393c2-36c8-40cf-9090-7e00bf91741c,28-348-02,"Sputum Cup",Uncategorized,General,,
e54abe51-160f-4989-8141-4fd906f5c7c7,28-348-03,"Sputum Cup",Uncategorized,General,,
a9f3cc2f-a217-4b8c-8a16-2711ea9c2c37,28-382-02,"Petri Dish",Uncategorized,General,,
d390c5e5-ee7e-4e40-8b2d-65fc5e3df971,28-382-03,"Petri Dish",Uncategorized,General,,
400e9e88-0e5e-41cb-89b7-845f28e58ff3,28-382-04,"Petri Dish",Uncategorized,General,,
1840ff6e-2ba0-413f-b9d1-eed684a9fb05,15-595-35,"Blunt Blades",Uncategorized,General,,
e09c61d7-52fc-45cf-aa62-3897e871bc4a,21-254-02,"Cuzzi Placenta Scoop",Uncategorized,General,,
787e47e4-5c07-4638-8fee-a1c6375a1e2d,21-254-03,"Cuzzi Placenta Scoop",Uncategorized,General,,
d7a2d037-389e-4c10-8c1a-21e6abaf48c9,25-108-01,"Lindemann Burr for vertical cuts in the buccal aspect of the mandibule",Uncategorized,General,,
3588492e-f764-492e-a45b-140dbbc52fd6,25-108-03,"Lindemann Burr for vertical cuts in the buccal aspect of the mandibule",Uncategorized,General,,
7f01b309-fc4b-4a49-a8e9-ccdd5deb666b,23-492-02,"Billeau Ear loop",Uncategorized,General,,
9bbe5199-082e-4821-8ea5-9219f865dbd4,23-492-03,"Billeau Ear loop",Uncategorized,General,,
6164ba1a-6b1a-4e43-adad-e22d414eed06,25-176-02,"Wieder Tongue Depressor",Uncategorized,General,,
74d40d57-068a-45f5-a5ae-748fb6c1d25d,23-118-02,"House-Dieter Malleus Nipper",Uncategorized,General,,
66a91a0b-9c90-41cc-ae96-ae13a7000423,23-120-02,"House-Dieter Malleus Nipper",Uncategorized,General,,
8476a25c-0f23-44d5-88ab-6550e2f0ea23,23-120-01,"House-Dieter Malleus Nipper",Uncategorized,General,,
cf88670f-e6ac-41cd-ac4f-281fe5d1e097,02-246-19,"Diethrich",Uncategorized,General,,
fa388bb3-9626-45af-ab39-09ede66bee72,02-258-18,"Micro-Hegemann",Uncategorized,General,,
f9f1a354-e770-4d62-bcef-8f5474a71e89,02-350-32,"Lloyd-Davies (Goligher&#8217;s)",Uncategorized,General,,
c699e329-2ed0-4945-bd1f-f157da8e8dcc,03-242-00,"Zollner Ear Specula Set (Fig",Uncategorized,General,,
804d3f1a-b3be-45f4-a813-34b7da5714f2,24-408-03,"Mod",Uncategorized,General,,
0bb77698-4c63-494f-a4e2-88b33e5f21f0,04-136-04,"Muller Vessel Clips",Uncategorized,General,,
aa22c9b3-1028-4fe5-809c-9d1aab03b016,24-408-02,"Mod",Uncategorized,General,,
6f6a927a-3ac7-4ea2-9b8c-1c98e71206db,18-296-02,"Hirschmann Anuscope",Uncategorized,General,,
e475c9ca-bd1a-4dbf-ba40-1b061721cf98,18-294-02,"Bensaude Anuscope",Uncategorized,General,,
fa5ebf1c-5e4a-4622-9ece-812c4c209691,18-296-03,"Hirschmann Anuscope",Uncategorized,General,,
54f46821-8c74-432c-9a14-87cb5a77d00b,26-224-02,"Brunings Exchangeable Tip",Uncategorized,General,,
1f6d5d64-e81b-4819-b540-a3b2bb180dba,26-236-02,"Krause Exchangeable Tip",Uncategorized,General,,
e3ba3f7f-94af-43b2-bfef-8851603ca18c,26-244-02,"Cordes Exchangeable Tip",Uncategorized,General,,
a2cec13b-9eee-49bd-835f-a67516d9e1f6,26-244-04,"Cordes Exchangeable Tip",Uncategorized,General,,
b6f8c801-806c-48a5-9c68-e7a6ecc62a15,26-252-02,"Cordes Exchangeable Tip",Uncategorized,General,,
b09a2a2c-af5e-4393-ac8b-c3ff8337b734,26-244-03,"Cordes Exchangeable Tip",Uncategorized,General,,
064d31e3-ef88-4e60-b243-67032f3af492,09-104-05,"Trocar",Uncategorized,General,,
ef2a391e-0d13-455c-8cb8-0507cc5523cc,09-106-04,"Trocar",Uncategorized,General,,
0f29fd50-8466-47ad-845a-8decf2392881,09-134-16,"Redon Needle",Uncategorized,General,,
c7f64e91-c405-4146-ba28-f4460bf14f02,04-106-12,"Muller Vessel Clips",Uncategorized,General,,
adfde126-21c3-415c-a69d-ee452f99b2f4,20-230-04,"20-230-04",Uncategorized,General,,
277586d4-90c3-43c4-b156-3e7c21395d9f,20-230-05,"20-230-05",Uncategorized,General,,
5874498b-bcde-4823-8e88-6a4cec6fd058,20-230-06,"20-230-06",Uncategorized,General,,
1998c316-1742-45c0-8a48-9df56fbfdbea,20-230-07,"20-230-07",Uncategorized,General,,
c134b3c2-6dec-42d9-8a59-090e10d50730,13-192-47,"Cutter for cutting off KIRSCHNER wires",Uncategorized,General,,
6c49c5aa-a6e3-4bf9-8a50-2ead1d1d1d65,11-552-04,"Reverdin Needle",Uncategorized,General,,
16d7b1b5-13f8-4fff-940f-1681ff7ed84e,13-116-10,"Hudson Hand Drill",Uncategorized,General,,
d608ce5e-b1f0-4c92-9739-b04bdb702e22,13-970-40,"Finger Ring Saw",Uncategorized,General,,
348407d4-8858-4cb7-9b96-1de07906a8e2,13-987-07,"Cerclage wire with eye",Uncategorized,General,,
cc0a4c1a-0b04-4673-895c-37752ae087cd,13-980-02,"Bending Iron",Uncategorized,General,,
cfa26e09-b9a4-4f8c-aa80-f0f16d433f6c,20-230-08,"20-230-08",Uncategorized,General,,
57eba9b8-12f4-4ae1-a89e-306af9d2b7a6,20-230-09,"20-230-09",Uncategorized,General,,
9501bf05-cd37-4499-9c6b-c60919f12f2b,20-230-10,"20-230-10",Uncategorized,General,,
df63df9a-f827-42ab-a325-cbcfa0da3c3f,02-206-19,"02-206-19",Uncategorized,General,,
110a2de8-dfb5-4a0b-9ce2-b59d04199ed2,02-256-18,"Micro-Hegemann",Uncategorized,General,,
302b4c37-f34b-4de9-971a-ff1aecf9c2de,20-230-11,"20-230-11",Uncategorized,General,,
702c5ea9-0746-4b94-8696-57fee4442446,20-230-12,"20-230-12",Uncategorized,General,,
fced4b93-4ad2-4874-ae7c-8c970bf19adb,06-480-10,"06-480-10",Uncategorized,General,,
19b7b99f-ad80-47a4-8680-9b319b710823,06-634-40,"06-634-40",Uncategorized,General,,
866c26e0-c7bc-4557-9964-0dd66fa61313,11-166-11,"11-166-11",Uncategorized,General,,
95e09689-2d34-4026-af18-8b96eee63538,11-566-12,"Kronecker Ligature Needle",Uncategorized,General,,
c98f8104-5368-46f4-a432-8aa5117487d0,11-572-20,"Deschamps Ligature Needle",Uncategorized,General,,
1bed2664-9624-4ab2-ae75-4aaa60ceb03e,12-102-18,"12-102-18",Uncategorized,General,,
178e0e44-5be4-4c6f-80bf-4bbb12240df6,12-102-20,"12-102-20",Uncategorized,General,,
740fe8d1-7103-4771-ad03-610137ca5563,20-230-13,"20-230-13",Uncategorized,General,,
f5ef3b42-f966-4c1d-9f5c-90ac8e70dad6,13-176-17,"Wire Cutting Plier",Uncategorized,General,,
5bc32dfc-6006-4622-9417-6d37f7487a31,13-260-08,"13-260-08",Uncategorized,General,,
2b889694-d147-4695-ba0a-afea3f9ed17b,13-652-17,"Tager bone lever for angle joint operations",Uncategorized,General,,
eb8b7bad-e255-419a-ae41-fd50f6fc99fb,20-230-14,"20-230-14",Uncategorized,General,,
a71796cb-22ee-43cb-aa5d-774dc72e9652,13-888-08,"13-888-08",Uncategorized,General,,
b780cc54-da9f-425a-8ebc-1daa47f81677,13-951-17,"13-951-17",Uncategorized,General,,
9ef246c6-36ce-48dc-9630-d190e29c1bba,13-951-20,"13-951-20",Uncategorized,General,,
80e176cd-54a3-4c76-869a-cb1c8bbcb925,13-951-22,"13-951-22",Uncategorized,General,,
d7aed2f7-3cb7-46b8-990b-997a0bf6122b,14-274-02,"Gregory",Uncategorized,General,,
8f30c5e4-5480-4710-b789-99c4404be25c,14-286-18,"14-286-18",Uncategorized,General,,
aea29636-f761-467c-a9e8-61cc0e9d0e1a,14-286-19,"14-286-19",Uncategorized,General,,
9ff2e3bc-ac97-421c-91fa-c6d3c88b94e3,14-313-02,"14-313-02",Uncategorized,General,,
e5e78844-d190-4409-909c-d9f6432a096d,14-313-03,"14-313-03",Uncategorized,General,,
12a8ef38-b5aa-4f2e-90cc-fca7da5014ae,14-313-04,"14-313-04",Uncategorized,General,,
bad37d42-f023-4103-b215-d314fe68cc1e,14-313-05,"14-313-05",Uncategorized,General,,
ecea5ab4-2c59-40dc-a0f4-b82dd18911ef,14-313-06,"14-313-06",Uncategorized,General,,
c047857a-5ddf-4725-aadf-e060830bd108,20-230-15,"20-230-15",Uncategorized,General,,
72fc4fc6-c2ee-4fad-852d-61c43ec8e51a,14-396-02,"14-396-02",Uncategorized,General,,
970d3ca0-7aa4-4e29-aa91-e55268552a85,14-396-03,"14-396-03",Uncategorized,General,,
b01ff4ff-ef2a-4774-a63e-c152e0ebd9cd,14-396-04,"14-396-04",Uncategorized,General,,
3d3869c7-2656-4567-aa64-45b76a03f73e,14-396-05,"14-396-05",Uncategorized,General,,
93b191de-3905-4aa5-b4ab-fe1ffc214125,14-396-20,"14-396-20",Uncategorized,General,,
9f0adc35-2fbc-45e3-ac9d-1a36c6173557,14-396-24,"14-396-24",Uncategorized,General,,
a65bf019-2432-4541-a274-8e1a94a52162,14-494-02,"14-494-02",Uncategorized,General,,
883a9eb4-13fd-4f97-9057-0a031fcfc1b8,14-504-10,"14-504-10",Uncategorized,General,,
151ea6de-6712-4f5d-9f98-eced1ca8a174,14-504-15,"14-504-15",Uncategorized,General,,
1c429918-13cc-4a88-9335-c3cff9ab3fd6,14-504-20,"14-504-20",Uncategorized,General,,
f29d78d8-3301-4533-a73c-87a9aa719e9c,14-504-25,"14-504-25",Uncategorized,General,,
7df8e478-a960-4891-ae29-7b5a13597df6,14-504-30,"14-504-30",Uncategorized,General,,
3284a5f7-b99f-427b-9ea8-444231af531c,14-504-35,"14-504-35",Uncategorized,General,,
ec42082e-20f8-4823-817c-cb702d78f057,14-504-40,"14-504-40",Uncategorized,General,,
b7f513c7-0971-4d59-b9f7-87f992b8c5cc,14-504-45,"14-504-45",Uncategorized,General,,
3e2166c3-681c-4718-a14b-4d9a596c6d31,14-504-50,"14-504-50",Uncategorized,General,,
a1b12ee6-bf56-4fe9-8948-07de6f3d3236,14-504-70,"14-504-70",Uncategorized,General,,
ad39ecdd-4fc0-41f0-ad3c-29e7078c9ee1,14-504-90,"14-504-90",Uncategorized,General,,
4c3560a3-65cd-4919-874a-405374fcb540,14-544-01,"14-544-01",Uncategorized,General,,
8eaa171b-7830-490d-97b0-bb0f7e29770a,15-105-05,"Gigli Introducer Guide",Uncategorized,General,,
6d2f1eb9-4e9b-4143-bbad-ffe6f29bd6c7,15-154-05,"15-154-05",Uncategorized,General,,
9a228f74-bee7-4658-8ac4-7b49228d9a14,15-154-07,"15-154-07",Uncategorized,General,,
89f25c2e-5116-4667-9a03-6d2cb99393f0,15-308-02,"Hardy-Fahlbusch (Small-Tip)",Uncategorized,General,,
6b99c01a-235a-40c6-a99f-fddb5a618022,15-446-02,"15-446-02",Uncategorized,General,,
98df872f-c4b5-4f61-aa47-60954257a410,15-446-03,"15-446-03",Uncategorized,General,,
26d8d30f-6fa2-48ff-aa91-c70a25012252,15-446-04,"15-446-04",Uncategorized,General,,
f4c3c792-fb65-471d-b528-0a20f8133024,15-446-05,"15-446-05",Uncategorized,General,,
6e238c6a-5667-4a13-aaea-415663277c29,15-446-06,"15-446-06",Uncategorized,General,,
28f3f44b-1879-4d8c-8d30-300bde64e6e2,15-479-01,"15-479-01",Uncategorized,General,,
e8a8d4c1-ce57-483b-b5d5-2b6bfcaac372,15-594-50,"Cervical Blades",Uncategorized,General,,
620f855d-e1d7-47a5-87dc-76386c064100,15-680-02,"15-680-02",Uncategorized,General,,
0f4d95c3-b6f3-43dd-b82d-603f2caba811,15-680-03,"15-680-03",Uncategorized,General,,
d0af879b-f861-4215-ad23-2306b57baa0f,15-680-04,"15-680-04",Uncategorized,General,,
9626d4cb-2d8b-4a75-a707-a02f61584a34,15-680-05,"15-680-05",Uncategorized,General,,
4b22ba8d-4ae8-43f2-a099-e39a84360336,15-680-06,"15-680-06",Uncategorized,General,,
fc9675f4-9cd0-4916-98b4-6dd5fbfc694b,15-680-07,"15-680-07",Uncategorized,General,,
af5b958a-42a3-4666-9dca-230816d0b828,15-680-08,"15-680-08",Uncategorized,General,,
01316028-15d3-4bed-8397-5d39310a998a,18-170-15,"18-170-15",Uncategorized,General,,
54688f20-b9cc-474c-b3dc-2edf1c78c170,20-230-01,"20-230-01",Uncategorized,General,,
c4592bf8-16b1-48b3-805e-e3e59c1e036e,20-230-02,"20-230-02",Uncategorized,General,,
d96da80b-7542-47a5-93ed-b793f79c3f20,20-230-03,"20-230-03",Uncategorized,General,,
c561ebbe-da32-4f75-9242-695eb8d9c46b,20-316-20,"20-316-20",Uncategorized,General,,
80f8891d-e925-4c58-980e-48ff1bd8aa6a,23-168-30,"23-168-30",Uncategorized,General,,
4848c8ae-3b33-4a64-b80e-606f91ae6210,23-334-26,"23-334-26",Uncategorized,General,,
669db374-99a5-4031-bc30-d09f12780b3d,24-400-03,"Goldsmith (Thudichum)",Uncategorized,,,
44fd7190-e6b6-4356-830f-0fc00d3a0ff2,25-108-02,"Lindemann Burr for vertical cuts in the buccal aspect of the mandibule",Uncategorized,General,,
d744f0ee-4f24-433c-9e8a-184472e4cba1,25-110-08,"Lindemann Burr for vertical cuts in the buccal aspect of the mandibule",Uncategorized,General,,
cc8f70fc-2c1b-4898-af04-4dd63e3e91f8,25-122-11,"25-122-11",Uncategorized,General,,
a792e2bf-5bb5-4389-9215-a823f96b684a,25-282-02,"25-282-02",Uncategorized,General,,
a4723420-32f1-413b-bb5a-bc96a9466037,26-200-00,"Fraenkel Exchangeable Tip",Uncategorized,General,,
209f205e-908a-4fe0-bf17-226641465e59,26-228-02,"Brunings Exchangeable Tip",Uncategorized,General,,
dfbfd25e-d771-4e31-be5c-2bafa766913b,27-230-02,"27-230-02",Uncategorized,General,,
f6cae9d2-0870-4dd2-8227-472244c09d69,27-230-03,"27-230-03",Uncategorized,General,,
55ca23fd-ed20-49af-b38d-436abb3dff62,28-296-02,"28-296-02",Uncategorized,General,,
d83184ba-eeee-4e52-bfe2-925294d5b8bf,28-296-03,"28-296-03",Uncategorized,General,,
82daaae1-6849-47ed-92fa-29ba9930eaab,28-296-04,"28-296-04",Uncategorized,General,,
7ccb19ac-72e4-43d9-bb87-ab43a84ccaaa,28-296-05,"28-296-05",Uncategorized,General,,
d0c1d2cf-13f7-4281-9dc8-c9de3c80f438,28-296-06,"28-296-06",Uncategorized,General,,
6cc6edb5-fa26-4531-b418-b7e7ee1cddb5,28-296-07,"28-296-07",Uncategorized,General,,
77d2bf25-d153-4bd3-8dbe-4f68f3e52dd3,28-296-08,"28-296-08",Uncategorized,General,,
91c79a8d-8df5-426a-b2c5-f27e4b0cd11d,28-296-09,"28-296-09",Uncategorized,General,,
5d72b76e-fae9-4e9a-a34e-86a09617e1d0,28-296-10,"28-296-10",Uncategorized,General,,
e06a0558-ef66-4307-a858-38e338dfa3ab,28-296-11,"28-296-11",Uncategorized,General,,
aec20656-254c-44e4-a6be-d872144422c5,28-296-12,"28-296-12",Uncategorized,General,,
0421e683-eb48-482d-a537-23bf3af4c171,28-300-02,"28-300-02",Uncategorized,General,,
fda0c6b2-4f8c-4af9-a77c-f4d867dc2837,28-300-03,"28-300-03",Uncategorized,General,,
f58021ba-4c28-4e56-973c-91554a879529,28-300-04,"28-300-04",Uncategorized,General,,
6aabe718-2ae7-4095-8eb2-9c0e30c61656,28-300-05,"28-300-05",Uncategorized,General,,
85f7ed7a-a2fc-437c-8f76-42b09ea7f515,28-300-06,"28-300-06",Uncategorized,General,,
d7a01790-ba85-440b-b7fc-427e0fb03eef,28-300-07,"28-300-07",Uncategorized,General,,
597fbbb5-d010-48be-bd45-a7852dad4380,28-300-08,"28-300-08",Uncategorized,General,,
74ac46d8-b2eb-4481-a1b4-e17d1a66481e,28-300-09,"28-300-09",Uncategorized,General,,
01b164a2-5cd8-48dc-b4cf-d9ecc362ae61,28-300-10,"28-300-10",Uncategorized,General,,
f477dc53-c9bf-4284-b8aa-9f9c9b2a0a6d,28-300-11,"28-300-11",Uncategorized,General,,
0310e77c-22bc-41c3-bcbf-d8db62a2857b,28-300-12,"28-300-12",Uncategorized,General,,
b5d08664-ac12-4b58-99c6-f5e69d76fd4d,28-306-01,"28-306-01",Uncategorized,General,,
739d1ca8-9139-4b4f-b8a8-ea02edb00ef0,28-306-02,"28-306-02",Uncategorized,General,,
ef2e51dc-fd26-489f-aacb-7a96f3f414de,28-306-03,"28-306-03",Uncategorized,General,,
6e2815f7-13ff-4214-907b-3310340bf419,28-306-04,"28-306-04",Uncategorized,General,,
0c0cac17-fcb9-4954-8e8c-3bf402efadf8,28-306-05,"28-306-05",Uncategorized,General,,
2378601a-fdb6-4be6-8799-e4b69d5e1d99,28-306-06,"28-306-06",Uncategorized,General,,
6619ae3a-8bcd-4e56-ac23-750f67de8730,28-306-07,"28-306-07",Uncategorized,General,,
3fe39bc7-381b-4ee0-a553-15518a72ff8b,29-106-P,"29-106-P",Uncategorized,General,,
4f73c551-0422-4409-ad3a-c3d5478b5779,29-116-13,"29-116-13",Uncategorized,General,,
2b5c5eea-4097-4737-83e4-0c092882ce94,29-141-15,"29-141-15",Uncategorized,General,,
b47d842d-4393-483f-b58b-2b165f807d46,01-100-01,"Dissecting Knife",Surgical,Dissecting Knives,,
2946ea59-0c54-4a7e-828a-ce7850627f20,01-100-02,"Dissecting Knife",Surgical,Dissecting Knives,,
d407a70d-1952-44c1-8b17-5c13cdc477f1,01-100-03,"Dissecting Knife",Surgical,Dissecting Knives,,
5f89159b-5c8b-4c62-b0c5-34e87049decb,01-100-04,"Dissecting Knife",Surgical,Dissecting Knives,,
d2620db2-e6c0-4ce1-9cb1-1bf7376689b6,01-100-05,"Dissecting Knife",Surgical,Dissecting Knives,,
19f85d5c-a3b3-4c15-a82c-7e5062d9e9b2,01-100-06,"Dissecting Knife",Surgical,Dissecting Knives,,
c885c755-bee6-4230-b39b-f9763a750426,01-100-07,"Dissecting Knife",Surgical,Dissecting Knives,,
b31cda83-f96e-437c-ae88-33f6cc72fadd,01-100-08,"Dissecting Knife",Surgical,Dissecting Knives,,
ba7463a1-bf01-4959-85f3-669f5ed7706d,01-100-09,"Dissecting Knife",Surgical,Dissecting Knives,,
1a7a493e-392f-4372-bf41-befe9424b6a8,01-100-10,"Dissecting Knife",Surgical,Dissecting Knives,,
47d67bfa-41ab-45b4-9338-7cbd3c972a40,01-102-25,"Autopsy Knife",Surgical,Autopsy. Cartilage. Post Mortem Knives,,
e0e8e97d-0396-44fb-8e33-9369c19f8844,01-104-21,"Virchow knife",Surgical,Autopsy. Cartilage. Post Mortem Knives,,
8ad8b525-5d47-449c-851e-9673357a029e,01-106-26,"Walb Knife",Surgical,Autopsy. Cartilage. Post Mortem Knives,,
d006f875-5656-4c48-8300-97e35da23ffa,01-106-29,"Walb Knife",Surgical,Autopsy. Cartilage. Post Mortem Knives,,
47addf4e-68a4-475f-a856-3dcfda659309,01-106-31,"Walb Knife",Surgical,Autopsy. Cartilage. Post Mortem Knives,,
37ad5292-8b1a-44c9-bb46-d19c9c0ec65f,01-108-26,"Virchow knife. with hollow handle Cutting length : 160 mm",Surgical,Autopsy. Cartilage. Post Mortem Knives,,
1ef1457a-8157-4fb2-83bd-ad99509d1eb9,01-108-33,"Virchow knife. with hollow handle Cutting length : 160 mm",Surgical,Autopsy. Cartilage. Post Mortem Knives,,
2a8fd45c-bac6-4365-8e69-03d3c15a2f0c,01-108-38,"Virchow knife. with hollow handle Cutting length : 160 mm",Surgical,Autopsy. Cartilage. Post Mortem Knives,,
5c8944ba-6abd-465c-9512-f02135c6a836,01-110-05,"Amputating knife",Surgical,Amputating. Cartilage. Autopsy Knives. Interosseous Knives,,
3abaf791-c6eb-4d52-89f7-f0cc7141858f,01-112-07,"Amputating knife",Surgical,Amputating. Cartilage. Autopsy Knives. Interosseous Knives,,
6ad2d2b3-f6e7-49aa-9a07-be800a5b026d,01-114-08,"Amputating knife",Surgical,Amputating. Cartilage. Autopsy Knives. Interosseous Knives,,
88ae5c6b-82f7-44b7-823a-7c38a9df70e8,01-116-19,"Amputating knife",Surgical,Amputating. Cartilage. Autopsy Knives. Interosseous Knives,,
8b9f344c-abe3-47d6-9ed9-f26967780d5f,01-118-11,"Interosseous Knife",Surgical,Amputating. Cartilage. Autopsy Knives. Interosseous Knives,,
581e37c4-326a-46bb-9fb1-2965f8ef79a2,01-120-12,"Langenbeck Flap knife",Surgical,Amputating. Cartilage. Autopsy Knives. Interosseous Knives,,
48c44775-0b39-42d3-bb64-8721d9391e1e,01-122-11,"Catlin interosseous knife",Surgical,Amputating. Cartilage. Autopsy Knives. Interosseous Knives,,
3f87c379-887d-4f57-b4fc-968208592ff3,01-122-16,"Catlin interosseous knife",Surgical,Amputating. Cartilage. Autopsy Knives. Interosseous Knives,,
634037e9-64e4-42ac-b822-250ea16b92cc,01-124-29,"Liston",Surgical,Amputation. Operating. Cataract. Resection Knives,,
17261575-e3bb-445b-a941-f52a8ca850fd,01-124-32,"Liston",Surgical,Amputation. Operating. Cataract. Resection Knives,,
7622b2ac-5535-418e-9587-d65d8b2b24f6,01-126-16,"Dieffenbach Oper+E30:E67ating knife",Surgical,Amputation. Operating. Cataract. Resection Knives,,
ceb8a0cf-a024-4651-8fd6-28629d21d487,01-128-16,"Dieffenbach Oper+E30:E67ating knife",Surgical,Amputation. Operating. Cataract. Resection Knives,,
e5f8b283-6890-4c14-9b27-57c07176a6c8,01-130-01,"Graefe Cataract knife",Surgical,Amputation. Operating. Cataract. Resection Knives,,
6b6ff6a1-2e8a-4c34-97b1-09464482cd0f,01-130-02,"Graefe Cataract knife",Surgical,Amputation. Operating. Cataract. Resection Knives,,
3a48d197-36b1-426f-9a91-7c36b5b6f8a6,01-130-03,"Graefe Cataract knife",Surgical,Amputation. Operating. Cataract. Resection Knives,,
83d14deb-4352-49e2-a1c5-017bd5b5c207,01-130-04,"Graefe Cataract knife",Surgical,Amputation. Operating. Cataract. Resection Knives,,
4d062814-4e00-4805-b855-e8bc403e3a41,01-130-05,"Graefe Cataract knife",Surgical,Amputation. Operating. Cataract. Resection Knives,,
23fbac90-ce5b-4ac6-b2a1-cb14990b90d4,01-130-06,"Graefe Cataract knife",Surgical,Amputation. Operating. Cataract. Resection Knives,,
2fe2c3ed-48e7-401e-a12a-d0418edb1356,01-132-18,"Langenbeck Knife",Surgical,Amputation. Operating. Cataract. Resection Knives,,
93b35d67-4ce7-4d89-a77f-375471ef240c,01-134-18,"Langenbeck Knife",Surgical,Amputation. Operating. Cataract. Resection Knives,,
8863939f-4925-4f6d-b422-eb6bb1948ae5,01-136-01,"Scalples",Surgical,Scalpels. Tenotomes,,
ffb829d4-7cb1-4c62-9dde-d2ebdb178832,01-136-02,"Scalples",Surgical,Scalpels. Tenotomes,,
91191b33-aeb4-4744-b4c1-53e34fea4fee,01-136-03,"Scalples",Surgical,Scalpels. Tenotomes,,
3538014a-b8bd-465a-912f-2e5afbd9a58e,01-136-04,"Scalples",Surgical,Scalpels. Tenotomes,,
9667fab3-6703-4ee3-a135-eca42b092cb7,01-136-05,"Scalples",Surgical,Scalpels. Tenotomes,,
37b9354e-cf45-437b-847a-61366b430683,01-136-06,"Scalples",Surgical,Scalpels. Tenotomes,,
37b39d34-ef97-4417-b741-4b12c2f48a3e,01-136-07,"Scalples",Surgical,Scalpels. Tenotomes,,
c4179ce9-d028-4892-a4be-3cea841401b5,01-136-08,"Scalples",Surgical,Scalpels. Tenotomes,,
cce2912b-2b7c-446c-801f-77ec60971035,01-136-09,"Scalples",Surgical,Scalpels. Tenotomes,,
5468bced-b433-4a63-9c0f-b02254f52aa5,01-136-10,"Scalples",Surgical,Scalpels. Tenotomes,,
a21d6c50-1e06-4103-afed-799b5d793d85,01-136-11,"Scalples",Surgical,Scalpels. Tenotomes,,
2fa61603-c990-47a8-916c-0698db42d66b,01-136-12,"Scalples",Surgical,Scalpels. Tenotomes,,
ca63fc14-01a4-4a77-a3a8-78d19238b14d,01-136-13,"Scalples",Surgical,Scalpels. Tenotomes,,
0febd7bc-42fc-47f5-9c88-7d4d5f693537,01-136-14,"Scalples",Surgical,Scalpels. Tenotomes,,
65e00485-d404-4040-8cf8-262d2de544da,01-136-15,"Scalples",Surgical,Scalpels. Tenotomes,,
ee443b7d-0202-425f-9429-749f01061138,01-136-16,"Scalples",Surgical,Scalpels. Tenotomes,,
2a5e96b9-f325-44f8-9c4c-0c84cfdbdb89,01-136-17,"Scalples",Surgical,Scalpels. Tenotomes,,
691a0091-1a5c-4f3b-8a39-00c574e17914,01-136-18,"Scalples",Surgical,Scalpels. Tenotomes,,
446d6e69-05a7-4775-a76f-281f6640c26a,01-136-19,"Scalples",Surgical,Scalpels. Tenotomes,,
64c114bd-9c44-439f-8eec-d28b78bf3317,01-136-20,"Scalples",Surgical,Scalpels. Tenotomes,,
d0672851-07c3-4163-91ff-56edcf3c2868,01-138-23,"Ayre Cone knife",Surgical,Cone Knives. Myomatome. Trigeminal. Tonsil Knives,,
b11d8190-4a22-424a-8d11-e1d79fff3c99,01-140-23,"Cone knife",Surgical,Cone Knives. Myomatome. Trigeminal. Tonsil Knives,,
0983497b-71a4-4b38-b978-139894e3e7fd,01-142-27,"Segond Myomatome",Surgical,Cone Knives. Myomatome. Trigeminal. Tonsil Knives,,
0ef8d88f-0a96-49fb-a280-f19ef5af33e3,01-144-20,"Olivecrona Trigeminal knife",Surgical,Cone Knives. Myomatome. Trigeminal. Tonsil Knives,,
11181b1d-c167-46cc-a427-307de206cbce,01-146-23,"Trigeminal knife",Surgical,Cone Knives. Myomatome. Trigeminal. Tonsil Knives,,
0e1cfc7c-839f-4832-9468-16fc7bfe9832,01-148-21,"Abraham Tonsil knife",Surgical,Cone Knives. Myomatome. Trigeminal. Tonsil Knives,,
f78ceec8-bae5-4277-b281-e6f13db63ef0,01-150-21,"Bruenings Tonsil knife",Surgical,Cone Knives. Myomatome. Trigeminal. Tonsil Knives,,
c19f9134-f116-44c1-9648-af95da6deaa0,01-152-20,"Fowler Tonsil knife",Surgical,Cone Knives. Myomatome. Trigeminal. Tonsil Knives,,
b40240ac-175b-491e-b85e-a89fc392dd93,01-154-09,"Troutman-Chris Blade Holder / Blade Breaker",Surgical,Blade Holders / Blade Breakers,,
20e5c0e7-1b60-45f6-8757-ff8fb548bf9c,01-156-09,"Troutman-Chris Blade Holders / Blade Breaker",Surgical,Blade Holders / Blade Breakers,,
13b69428-623e-4dac-a636-a5950d730154,01-158-11,"Barraquer Blade Holder / Blade Breaker",Surgical,Blade Holders / Blade Breakers,,
b0fc36bb-8fd1-4a26-a1c1-761d3636704c,01-160-13,"Castroviejo Blade Holder / Blade Breaker",Surgical,Blade Holders / Blade Breakers,,
76d200fd-2ec4-4901-8567-27dc5e956e66,01-161-18,"Blade Holders",Surgical,Blade Holders / Blade Breakers,,
0d1e39d9-33d6-4090-bc72-14deba05b45b,01-162-21,"Bayonet scalpel",Surgical,Blade Holders / Blade Breakers,,
bd40fca2-78ba-4d85-b9fd-fb27d659a66d,01-164-03,"Scalpel Handle",Surgical,calpel Handle,,
6591066b-4eea-40a4-8946-cef8425ab5d8,01-166-03,"Scalpel Handle",Surgical,calpel Handle,,
72be3cbb-e9e1-4fd3-b6ee-8647807cd246,01-168-03,"Scalpel Handle",Surgical,calpel Handle,,
f5049bbb-43b5-4e70-a5a5-83750b11fc1c,01-170-04,"Scalpel Handle",Surgical,calpel Handle,,
730a13d5-2e29-4b46-948b-5507b4686839,01-172-04,"Scalpel Double handle",Surgical,calpel Handle,,
f151f8f9-6292-4c59-b272-6d1bac6a7e81,01-174-03,"Straight Scalpel Handle",Surgical,calpel Handle,,
1f51e404-77b8-4f94-80a4-9691beab4301,01-176-03,"Angled Scalpel Handle",Surgical,calpel Handle,,
8dd587bc-60e0-4c87-8b93-73bd31cff5eb,01-178-04,"Straight Scalpel Handle",Surgical,calpel Handle,,
cb64f791-06ae-4075-8cb2-beef55f7ccfb,01-180-04,"Solid angled Scalpel Handle",Surgical,calpel Handle,,
e15fd32d-82cf-43b8-b8dd-7fb5439c9725,01-182-07,"Scalpel Handle",Surgical,calpel Handle,,
7a6121de-0d71-46f2-8261-ca8011c612ff,01-184-07,"Scalpel Handle",Surgical,calpel Handle,,
57eeb5a3-cf9f-4a4e-8abc-08695fdd164d,01-186-15,"Scalpel Handle",Surgical,calpel Handle,,
7db6eb13-ef50-4a0b-a926-0f1d60273546,01-188-03,"Scalpel Handle",Surgical,calpel Handle,,
6aa82061-18da-4121-9d33-158fd61feb9e,01-190-03,"Scalpel Handle",Surgical,calpel Handle,,
c5858833-bf35-4b25-a1a6-cd3e1c734b52,01-192-08,"Scalpel Handle",Surgical,calpel Handle,,
4b667a0b-c610-495b-8df2-4fd8156ffa02,01-194-09,"Scalpel Handle",Surgical,calpel Handle,,
15f719c9-fd4b-4f02-b66c-816ddd8e5813,01-195-11,"Scalpel Handle",Surgical,calpel Handle,,
962fc62e-442a-44eb-a121-d8bfb3ef3be1,01-195-15,"Scalpel Handle",Surgical,calpel Handle,,
9604c570-7e37-49a5-871e-1ea4d2d77709,01-198-30,"Dermatomes knife Schink Adjustable from 0.1 to 2.0 mm",Surgical,Dermatomes / Skin Grafting Knives,,
852b4b69-1ce1-4642-ba8e-324a32d4a762,01-200-00,"Dermatomes knife Schink Adjustable from 0.1 to 2.0 mm",Surgical,Dermatomes / Skin Grafting Knives,,
4b96d498-c2e8-406c-a7f8-9b012e0c7d1e,01-202-00,"Dermatomes knife Schink Adjustable from 0.1 to 2.0 mm",Surgical,Dermatomes / Skin Grafting Knives,,
8822a0dc-69e4-45df-a5ca-f79f6d42945d,13-440-01,"Williger Bone Curette",Surgical,BoneSurgery,,
938cb0a0-f8b9-4b88-bb68-e54841bde1c7,13-440-12,"Williger Bone Curette",Surgical,BoneSurgery,,
e08b5ecd-c017-4998-b876-ac03154b66e9,13-441-10,"Williger Bone Curette",Surgical,BoneSurgery,,
3ae0c41b-1b08-46f3-b95e-08aa3cd4adda,13-441-11,"Williger Bone Curette",Surgical,BoneSurgery,,
90db998d-c4ad-49da-a2b1-2b9c0731d8a8,13-458-06,"Periosteal Elevator",Surgical,BoneSurgery,,
195b5c7c-6161-4786-9ef1-8bfa3800ad03,13-458-07,"Periosteal Elevator",Surgical,BoneSurgery,,
a5b201ca-50b7-4bd3-8463-34ad2be838af,13-484-05,"Kahre-Williger Periosteal Elevator",Surgical,BoneSurgery,,
2a023d4d-879b-48e5-8319-2c55abbdf49e,13-486-08,"Doyen Periosteal Elevator",Surgical,BoneSurgery,,
9ffeca6e-935c-4358-a8b1-d37b2f032a1e,14-280-15,"Dardik Multi Purpose Vascular Clamp",Surgical,CardiovascularSurgery,,
d9721329-7262-4fdf-a026-d5f1da4e6f91,14-280-30,"Dardik Multi Purpose Vascular Clamp",Surgical,CardiovascularSurgery,,
79a489ee-cf11-4fde-a38b-eda6e3c474ee,14-280-45,"Dardik Multi Purpose Vascular Clamp",Surgical,CardiovascularSurgery,,
f4080031-fab0-474f-84b8-10372d2877b0,14-280-90,"Dardik Multi Purpose Vascular Clamp",Surgical,CardiovascularSurgery,,
7e7321b6-49f1-48a4-8481-9e9af935ac1a,14-282-17,"Dardik Multi Purpose Vascular Clamp",Surgical,CardiovascularSurgery,,
1374780e-5720-40ac-aeb8-5d34507c645d,14-282-30,"Dardik Multi Purpose Vascular Clamp",Surgical,CardiovascularSurgery,,
34db2450-a752-4caf-87d3-3d13c2807eb7,14-282-45,"Dardik Multi Purpose Vascular Clamp",Surgical,CardiovascularSurgery,,
59fd6544-8638-475d-8574-b97ad97f7d6a,14-282-90,"Dardik Multi Purpose Vascular Clamp",Surgical,CardiovascularSurgery,,
80f536c5-35fa-47a5-bdef-2ae3843b379b,14-288-16,"Gregory Profunda Clamp",Surgical,CardiovascularSurgery,,
f77e79be-22d4-4fc4-9f07-4241bdf1e1ef,14-288-18,"Gregory Profunda Clamp",Surgical,CardiovascularSurgery,,
14588bcf-82ec-4b3f-9f5f-3bd2331ed638,14-315-20,"DeBakey Vascular Forceps",Surgical,CardiovascularSurgery,,
b74e62da-701b-40ff-93b0-9311d844a9ea,14-315-24,"DeBakey Vascular Forceps",Surgical,CardiovascularSurgery,,
14a706b2-86bb-4150-be1c-b7a41439ae8b,14-316-20,"DeBakey Vascular Forceps",Surgical,CardiovascularSurgery,,
0e0868b4-3218-4eec-9308-4f749d7f2626,14-316-24,"DeBakey Vascular Forceps",Surgical,CardiovascularSurgery,,
bae473f9-8fed-4c67-9852-8a8448fa4303,14-316-30,"DeBakey Vascular Forceps",Surgical,CardiovascularSurgery,,
ef486845-769e-4697-9127-8c8b41391377,14-317-16,"DeBakey Vascular Forceps",Surgical,CardiovascularSurgery,,
9de22fe8-bb56-4cf7-975a-6be7a7f84f2f,14-317-19,"DeBakey Vascular Forceps",Surgical,CardiovascularSurgery,,
0cd61419-01f6-48ea-82f1-a174041d27f7,14-317-25,"DeBakey Vascular Forceps",Surgical,CardiovascularSurgery,,
2ed30c50-871f-4763-8db7-42fe7fb20e31,14-317-29,"DeBakey Vascular Forceps",Surgical,CardiovascularSurgery,,
b3c8edcd-d234-4cdf-9fb5-7f54991afdb2,14-318-20,"DeBakey Vascular Forceps",Surgical,CardiovascularSurgery,,
b6e2e19c-e881-46a5-a715-942dc5aefab3,14-318-25,"DeBakey Vascular Forceps",Surgical,CardiovascularSurgery,,
259efe58-8844-4ec0-a8d6-1d064409a781,14-318-30,"DeBakey Vascular Forceps",Surgical,CardiovascularSurgery,,
b0c57395-dec9-4fdb-97b5-e7517aec2fee,14-319-19,"DeBakey &#8211; Diethrich Vascular Forceps",Surgical,CardiovascularSurgery,,
9d2e5e7e-2bfc-41d9-9755-1f32db50d396,14-319-24,"DeBakey &#8211; Diethrich Vascular Forceps",Surgical,CardiovascularSurgery,,
d2eb9abb-c568-4ac0-bc0d-db7c6a9d2ada,14-320-19,"DeBakey &#8211; Diethrich Vascular Forceps",Surgical,CardiovascularSurgery,,
1e2ec614-7dc6-4e35-98b5-529a2b6b8266,14-320-24,"DeBakey &#8211; Diethrich Vascular Forceps",Surgical,CardiovascularSurgery,,
3da3ba46-d25e-4487-a907-dc60c44b5d36,14-321-19,"DeBakey Vascular Forceps",Surgical,CardiovascularSurgery,,
57cc4759-ac4c-4222-b1ec-1e6e153612d5,14-321-24,"DeBakey Vascular Forceps",Surgical,CardiovascularSurgery,,
425239fc-7ba0-4774-859a-1a8cd1e43c74,14-321-30,"DeBakey Vascular Forceps",Surgical,CardiovascularSurgery,,
fa8afbd7-997e-477c-84bc-f34abb309a6c,14-321-38,"DeBakey Vascular Forceps",Surgical,CardiovascularSurgery,,
e7b34cdd-81d3-42dc-8a53-c0c4332db3fa,14-322-19,"DeBakey Vascular Forceps",Surgical,CardiovascularSurgery,,
d408b7f6-bbfa-437b-8e4f-1e7208c9ace0,14-322-24,"DeBakey Vascular Forceps",Surgical,CardiovascularSurgery,,
50b10d64-b853-4d77-993f-c900541e3c39,14-322-30,"DeBakey Vascular Forceps",Surgical,CardiovascularSurgery,,
f50d93bc-3500-433b-a55e-003f6c5241c6,14-322-38,"DeBakey Vascular Forceps",Surgical,CardiovascularSurgery,,
50148d34-8d67-45e3-b4eb-f7c9b12a8e42,14-323-19,"Cooley Vascular Forceps",Surgical,CardiovascularSurgery,,
7b43ae11-55e4-4757-bc98-df443f0259b4,14-323-24,"Cooley Vascular Forceps",Surgical,CardiovascularSurgery,,
9e145a3b-006a-421b-a831-8b7df2f5b9a8,14-324-19,"Chitwood-DeBakey Vascular Forceps",Surgical,CardiovascularSurgery,,
ff9d7077-0f4a-4a41-9df0-b92fbcd84429,14-324-24,"Chitwood-DeBakey Vascular Forceps",Surgical,CardiovascularSurgery,,
2d9d2ff7-91d2-4268-8d44-4be2a6583e3c,14-325-19,"Chitwood-DeBakey Vascular Forceps",Surgical,CardiovascularSurgery,,
78d850da-dabf-4a28-bb3b-8c74284157d5,14-325-24,"Chitwood-DeBakey Vascular Forceps",Surgical,CardiovascularSurgery,,
cf96ce53-2ce8-4cd2-821d-0eeb1060fa74,14-326-19,"Chitwood-DeBakey Vascular Forceps",Surgical,CardiovascularSurgery,,
496ee9b2-8a8e-4fdb-8a92-4c084a57ec95,14-326-24,"Chitwood-DeBakey Vascular Forceps",Surgical,CardiovascularSurgery,,
5b8e4e5e-fd1b-43c7-ba38-703d9f0f6298,14-327-19,"Chitwood-DeBakey Vascular Forceps",Surgical,CardiovascularSurgery,,
155085d8-1fba-4766-8ba5-cb6b22b40000,14-327-24,"Chitwood-DeBakey Vascular Forceps",Surgical,CardiovascularSurgery,,
5bdd8367-1c9a-4928-83e1-3924de61d4c0,14-328-08,"DeBakey Bulldog Clamp",Surgical,CardiovascularSurgery,,
861b4380-c579-4a60-a5d4-24c9eb4f5004,14-328-10,"DeBakey Bulldog Clamp",Surgical,CardiovascularSurgery,,
34433d05-f296-467c-a1fd-67cc8f679343,14-328-12,"DeBakey Bulldog Clamp",Surgical,CardiovascularSurgery,,
5ebcea99-c451-4d0e-bd77-55b1d94f1a1e,14-330-08,"DeBakey Bulldog Clamp",Surgical,CardiovascularSurgery,,
dc4b02fa-943c-489a-830b-41e33c2b9f1e,14-330-09,"DeBakey Bulldog Clamp",Surgical,CardiovascularSurgery,,
b3febaae-eb3e-498f-b237-20b5096cd79d,14-330-11,"DeBakey Bulldog Clamp",Surgical,CardiovascularSurgery,,
3fdf9843-5b94-4872-b978-79cc0f0278bc,14-334-08,"Glover Bulldog Clamp",Surgical,CardiovascularSurgery,,
9da9335a-0062-47a1-8df9-4122583ece32,14-334-09,"Glover Bulldog Clamp",Surgical,CardiovascularSurgery,,
41564c78-24a1-4c94-9b12-4abeb77c53ae,14-334-11,"Glover Bulldog Clamp",Surgical,CardiovascularSurgery,,
45da9517-d4bd-4f79-b39d-3ab49e8fd11d,14-336-07,"Glover Bulldog Clamp",Surgical,CardiovascularSurgery,,
810e7c2f-52fe-478c-a1f6-70873c0294cc,14-336-09,"Glover Bulldog Clamp",Surgical,CardiovascularSurgery,,
28c49495-41fd-454b-8743-f21b1b6d0074,14-336-10,"Glover Bulldog Clamp",Surgical,CardiovascularSurgery,,
74b75992-3c30-48cc-9eb6-2208d3bc63b0,14-338-22,"Potts Coarctation Clamp",Surgical,CardiovascularSurgery,,
5eb3e76d-3195-4206-bcfb-dcbda976d75a,14-340-22,"Potts Coarctation Clamp",Surgical,CardiovascularSurgery,,
e9fbbe08-cd5a-495d-9473-dc4ea8449b4c,14-342-22,"Potts Coarctation Clamp",Surgical,CardiovascularSurgery,,
3f3fc2e1-bc24-4b3a-9d4d-a1be98f60ac5,14-348-24,"DeBakey Dissecting and Ligature Forceps",Surgical,CardiovascularSurgery,,
334c9467-7cdc-4156-9d54-bf9112c76aa1,14-356-19,"Leland-Jones Peripheral vascular clamp",Surgical,CardiovascularSurgery,,
b63d1c3e-129d-43a5-acae-4ba75cedfba9,14-356-20,"Leland-Jones Peripheral vascular clamp",Surgical,CardiovascularSurgery,,
1f603313-68d9-4d3d-8b84-0cc9f4c0dbe7,14-358-18,"Bainbridge Multi Purpose Vascular Clamp",Surgical,CardiovascularSurgery,,
4303b424-3997-4bab-bc90-b51d5d97055f,14-360-18,"Bainbridge Multi Purpose Vascular Clamp",Surgical,CardiovascularSurgery,,
61986c35-da0b-49ca-9b97-c033652b6cfd,14-364-27,"DeBakay Aortic Aneurysm Clamp",Surgical,CardiovascularSurgery,,
a6b0d702-52b8-4580-bcc6-2cb9a6317f45,14-364-31,"DeBakay Aortic Aneurysm Clamp",Surgical,CardiovascularSurgery,,
c56963f7-701d-44be-8f28-0cabec4e857a,14-364-33,"DeBakay Aortic Aneurysm Clamp",Surgical,CardiovascularSurgery,,
37f0a111-a1c5-438c-af9d-b405fe0051ba,14-386-23,"Weber Aorta-Anastomosis Clamp",Surgical,CardiovascularSurgery,,
497f8734-f041-4872-aa8d-288441ccfe7a,14-390-26,"Pittsburgh Liver Forceps",Surgical,CardiovascularSurgery,,
869fa92c-b040-4c2a-94d6-bd627a11def2,14-390-27,"Pittsburgh Liver Forceps",Surgical,CardiovascularSurgery,,
32e5f27c-f0cf-4ce0-b905-9065f01e4762,14-400-25,"Lees Bronchus Clamp",Surgical,CardiovascularSurgery,,
dfb1df8e-0fc1-485a-823b-cef13556ffa7,14-404-22,"Lambert-Kay Aorta-Anastomosis Clamp",Surgical,CardiovascularSurgery,,
987048df-aa66-468d-a8ff-c20478f20fea,14-408-22,"Glover Aorta-Anastomosis Clamp",Surgical,CardiovascularSurgery,,
0780d4e4-f7e1-4f28-9d48-4209fecc9482,14-410-20,"Morris-DeBakey Aortic Clamp",Surgical,CardiovascularSurgery,,
48446513-942c-4977-bfd3-679b043ade3a,14-410-26,"Morris-DeBakey Aortic Clamp",Surgical,CardiovascularSurgery,,
9beb1dc0-25e8-4820-9f48-bb2db18bd1f0,14-410-27,"Morris-DeBakey Aortic Clamp",Surgical,CardiovascularSurgery,,
d189268d-6c78-469b-87f5-afdffbc968af,14-412-24,"DeBakey-Bahnson Aneurysm Clamp",Surgical,CardiovascularSurgery,,
4120d6f4-88a9-425f-b4fb-e6ccc84b10c1,14-412-25,"DeBakey-Bahnson Aneurysm Clamp",Surgical,CardiovascularSurgery,,
f0c68963-3aac-47df-b054-df0fe6074a91,14-414-23,"Potts Multi Purpose Vascular Clamp",Surgical,CardiovascularSurgery,,
97f456fe-7861-4dad-988f-e265f2cf3a6d,14-414-27,"Potts Multi Purpose Vascular Clamp",Surgical,CardiovascularSurgery,,
9dd79c12-31db-4c9b-aecf-0f8b7be3717e,14-414-31,"Potts Multi Purpose Vascular Clamp",Surgical,CardiovascularSurgery,,
c18a5121-5df9-4f6c-810b-c1ebc4dce6c9,14-416-23,"Potts Multi Purpose Vascular Clamp",Surgical,CardiovascularSurgery,,
628edea3-9d87-4639-a36d-5fc183ff0a6c,14-416-26,"Potts Multi Purpose Vascular Clamp",Surgical,CardiovascularSurgery,,
30447154-85b8-4f34-b0e7-7a81d618ca1f,14-416-31,"Potts Multi Purpose Vascular Clamp",Surgical,CardiovascularSurgery,,
530fbfcf-bef6-4ab6-a3b8-f6e891f00ba6,14-418-20,"DeBakey Multi Purpose Vascular Clamp",Surgical,CardiovascularSurgery,,
4267f01d-ef51-41a5-a29b-af27a5a4b7be,14-418-23,"DeBakey Multi Purpose Vascular Clamp",Surgical,CardiovascularSurgery,,
c856c0e7-6312-4c65-983e-5b6f8d13c737,14-418-27,"DeBakey Multi Purpose Vascular Clamp",Surgical,CardiovascularSurgery,,
7a46e024-1ce9-4da9-9589-91c9c2f14042,14-420-22,"DeBakey Multi Purpose Vascular Clamp",Surgical,CardiovascularSurgery,,
b90f3c82-d45f-40bc-9a88-dbfa1cdcd1f3,14-420-26,"DeBakey Multi Purpose Vascular Clamp",Surgical,CardiovascularSurgery,,
36c4d91f-23f2-4115-b5c3-013414a6ae7f,14-420-31,"DeBakey Multi Purpose Vascular Clamp",Surgical,CardiovascularSurgery,,
d7c4053a-b6fa-4e4b-a42a-021c5b928d3d,14-426-16,"DeBakey-Pean Haemostatic Forceps",Surgical,CardiovascularSurgery,,
1f5e82f9-7103-4332-8c16-f6e39fd0fa39,14-426-18,"DeBakey-Pean Haemostatic Forceps",Surgical,CardiovascularSurgery,,
dff9bccd-3675-43ad-97d6-fe5654d877a5,14-426-20,"DeBakey-Pean Haemostatic Forceps",Surgical,CardiovascularSurgery,,
9bfdba10-3c18-44a9-9187-f98fc1e94d60,14-428-16,"DeBakey-Pean Haemostatic Forceps",Surgical,CardiovascularSurgery,,
88701663-6012-44bf-8cf1-b82036d81de4,14-428-18,"DeBakey-Pean Haemostatic Forceps",Surgical,CardiovascularSurgery,,
1bc5a531-ee69-4f1e-b14e-2d1a83a77f04,14-428-20,"DeBakey-Pean Haemostatic Forceps",Surgical,CardiovascularSurgery,,
386b6d7f-2c76-41fb-8e03-e4ec7f752ef5,14-448-20,"Cooley Vascular Forceps",Surgical,CardiovascularSurgery,,
95829d8a-e488-404e-8289-9862fbc827ad,14-508-32,"Hach Fasciotomy Spatula",Surgical,CardiovascularSurgery,,
0fce961b-c4ab-4b85-8f5f-3730cc1babee,14-508-40,"Hach Fasciotomy Spatula",Surgical,CardiovascularSurgery,,
8521cf9d-ba26-4237-8bb8-5be8154b295d,14-508-52,"Hach Fasciotomy Spatula",Surgical,CardiovascularSurgery,,
768c1761-e726-4523-b2cb-814accc0f957,14-510-21,"Intima Spatul",Surgical,CardiovascularSurgery,,
6b0e93cb-4005-493c-864d-6844428251b2,14-512-23,"Intima Spatul",Surgical,CardiovascularSurgery,,
4aa8a1cf-74ec-4214-b0d3-9d9d68a7963b,14-520-20,"Suture Hook",Surgical,CardiovascularSurgery,,
a103a1ab-6acc-433d-aaf7-47ae8e3f8f7f,14-520-25,"Suture Hook",Surgical,CardiovascularSurgery,,
07b92882-e0f0-4dff-ae17-9772847dd803,14-520-30,"Suture Hook",Surgical,CardiovascularSurgery,,
24277e8e-46af-427f-bae7-887d4846142e,14-522-30,"Rumel-Belmont Tourniquet",Surgical,CardiovascularSurgery,,
6e6cddb3-50e2-4c23-98eb-901d275adb00,14-544-02,"Castaneda Neonatal Vascular Clamp",Surgical,CardiovascularSurgery,,
92786761-aeba-4723-98de-1ffb005a0a3d,14-544-03,"Castaneda Neonatal Vascular Clamp",Surgical,CardiovascularSurgery,,
3ff8cb44-72ce-43ba-832d-99d6e2e05572,15-100-40,"Wire Saw",Surgical,Neurosurgery.Laminectomy,,
7760665b-8da7-48cc-b427-b1a9e6957b4a,15-100-50,"Wire Saw",Surgical,Neurosurgery.Laminectomy,,
118b598d-26fb-4810-8410-3902812f6f8a,15-100-60,"Wire Saw",Surgical,Neurosurgery.Laminectomy,,
a7406255-02cc-437e-aa26-e45421aa1f51,15-100-70,"Wire Saw",Surgical,Neurosurgery.Laminectomy,,
cf6a0176-a97d-4f25-bd5c-338c10a0e3d7,15-101-40,"Wire Saw",Surgical,Neurosurgery.Laminectomy,,
e56b3c91-3272-475a-8d89-992e60b214e7,15-101-50,"Wire Saw",Surgical,Neurosurgery.Laminectomy,,
e170f3ef-2450-479b-b6e7-628121a3b96e,15-101-60,"Wire Saw",Surgical,Neurosurgery.Laminectomy,,
6fd3b1a9-6e4f-4725-90d9-87fefd494fcf,15-101-70,"Wire Saw",Surgical,Neurosurgery.Laminectomy,,
832185f8-64a5-48d0-a9b8-7540c54a92b9,15-105-07,"Gigli Introducer Guide",Surgical,Neurosurgery.Laminectomy,,
1ab99159-9418-4fd1-975f-e70746629fed,15-127-13,"Olivecrona Brain Spatula",Surgical,Neurosurgery.Laminectomy,,
ba060c91-c944-43f9-8301-56b1fb1896e8,15-127-18,"Olivecrona Brain Spatula",Surgical,Neurosurgery.Laminectomy,,
db08f66d-2d12-44c1-9876-b15345a80d0a,15-127-22,"Olivecrona Brain Spatula",Surgical,Neurosurgery.Laminectomy,,
77cfe11e-74b7-461c-856e-abd1711b8591,15-128-13,"Karison Brain Spatula",Surgical,Neurosurgery.Laminectomy,,
a83aa08a-8f7f-4c92-9dd5-17a7498953da,15-128-18,"Karison Brain Spatula",Surgical,Neurosurgery.Laminectomy,,
2e3ae988-8a19-447e-9f91-9dd6125e4856,15-128-22,"Karison Brain Spatula",Surgical,Neurosurgery.Laminectomy,,
52a310e7-4ce6-45af-8b7e-9e2c80252bde,15-129-14,"Heifetz Brain Spatula",Surgical,Neurosurgery.Laminectomy,,
c7f21aab-5525-4338-b5f1-94c49b16ecbd,15-129-17,"Heifetz Brain Spatula",Surgical,Neurosurgery.Laminectomy,,
d39bf6fe-9bf8-4a1e-b77b-ee010d811c95,15-130-14,"Heifetz Brain Spatula",Surgical,Neurosurgery.Laminectomy,,
5dbf4f0e-1d87-401d-a79c-78142f902a1f,15-130-17,"Heifetz Brain Spatula",Surgical,Neurosurgery.Laminectomy,,
5dc005f4-b3eb-400d-8949-42ca8e478ff8,15-130-20,"Heifetz Brain Spatula",Surgical,Neurosurgery.Laminectomy,,
acc7d76c-6e96-4138-8b33-922546223313,15-131-12,"Memory Brain Spatula",Surgical,Neurosurgery.Laminectomy,,
1899105b-6e9b-45c5-a2ac-e9376aee31eb,15-131-14,"Memory Brain Spatula",Surgical,Neurosurgery.Laminectomy,,
2eee8dea-dda9-4fcc-be83-945407ed6dd5,15-131-18,"Memory Brain Spatula",Surgical,Neurosurgery.Laminectomy,,
345de4fc-ae9c-4a3c-8e75-e52326e0fd0d,15-131-20,"Memory Brain Spatula",Surgical,Neurosurgery.Laminectomy,,
d336eb7c-2a32-40f4-be21-8405ed12111e,15-131-25,"Memory Brain Spatula",Surgical,Neurosurgery.Laminectomy,,
0c47eea2-8efb-4f2d-9117-f6a0502d71b6,15-133-11,"Aachen Brain Spatula",Surgical,Neurosurgery.Laminectomy,,
7198c9bf-11dd-4813-a30f-c79066966e34,15-133-14,"Aachen Brain Spatula",Surgical,Neurosurgery.Laminectomy,,
889d40b8-b912-4ae8-b8e5-58393424eb5d,15-133-17,"Aachen Brain Spatula",Surgical,Neurosurgery.Laminectomy,,
57203bd4-fcd1-4fcd-beb8-d0cef6577633,15-133-20,"Aachen Brain Spatula",Surgical,Neurosurgery.Laminectomy,,
c101e6b7-dd8e-485e-af19-97b45a99e0cc,15-133-25,"Aachen Brain Spatula",Surgical,Neurosurgery.Laminectomy,,
cc40c1c3-b438-4ac9-b747-eeb28348109f,15-134-17,"Brain Spatula",Surgical,Neurosurgery.Laminectomy,,
d2a4edda-3c13-4031-a310-1fb9cafa9a78,15-134-25,"Brain Spatula",Surgical,Neurosurgery.Laminectomy,,
b160ee5e-0d1d-4f3c-a0fe-860eb2aa4941,15-137-01,"Brain Spatula for Leyla Retractor",Surgical,Neurosurgery.Laminectomy,,
2d7c3206-d7ac-4c4d-aef0-7ee286c759bf,15-137-02,"Brain Spatula for Leyla Retractor",Surgical,Neurosurgery.Laminectomy,,
5d136e2a-39f5-4af4-88d4-f726cef4fe99,15-137-03,"Brain Spatula for Leyla Retractor",Surgical,Neurosurgery.Laminectomy,,
1c59f99d-63a0-4046-9961-392a59fe4e8b,15-137-04,"Brain Spatula for Leyla Retractor",Surgical,Neurosurgery.Laminectomy,,
83fd6b81-6f67-4f8f-9948-2790fd80011d,15-137-05,"Brain Spatula for Leyla Retractor",Surgical,Neurosurgery.Laminectomy,,
93aa16ea-762e-49fa-ad10-f968b283bc89,15-137-06,"Brain Spatula for Leyla Retractor",Surgical,Neurosurgery.Laminectomy,,
fd1029f0-b854-4449-95ee-1d49d3bd48d9,15-137-07,"Brain Spatula for Leyla Retractor",Surgical,Neurosurgery.Laminectomy,,
4e152512-0687-4462-9ba9-29eac53b2efb,15-137-08,"Brain Spatula for Leyla Retractor",Surgical,Neurosurgery.Laminectomy,,
43da19fc-b96f-4c04-a8e1-ba55488c0e40,15-137-09,"Brain Spatula for Leyla Retractor",Surgical,Neurosurgery.Laminectomy,,
7c13df5e-1dd9-4257-9758-35775c3db132,15-137-10,"Brain Spatula for Leyla Retractor",Surgical,Neurosurgery.Laminectomy,,
e67bd298-c39e-4aba-bd13-a69206e9d5c9,15-137-11,"Brain Spatula for Leyla Retractor",Surgical,Neurosurgery.Laminectomy,,
d4836f7f-428e-4c93-867d-d43c2046d48f,15-137-12,"Brain Spatula for Leyla Retractor",Surgical,Neurosurgery.Laminectomy,,
7455f34a-8969-4636-a4b3-099b70c99f4c,15-137-13,"Brain Spatula for Leyla Retractor",Surgical,Neurosurgery.Laminectomy,,
8f41a564-eb2b-4355-90b5-fb4987cb99e6,15-137-14,"Brain Spatula for Leyla Retractor",Surgical,Neurosurgery.Laminectomy,,
88ef01d6-52f7-4f0a-b6cc-92a876da12e0,15-137-15,"Brain Spatula for Leyla Retractor",Surgical,Neurosurgery.Laminectomy,,
5b7a5581-efdb-4b5d-9463-7b28d66af925,15-137-16,"Brain Spatula for Leyla Retractor",Surgical,Neurosurgery.Laminectomy,,
886b1674-0a15-4bda-894d-afea35d0d928,15-137-17,"Brain Spatula for Leyla Retractor",Surgical,Neurosurgery.Laminectomy,,
c804c596-1344-4a48-b8d7-906326a799f5,15-158-08,"Caspar Nerve Root Retractor",Surgical,Neurosurgery.Laminectomy,,
8287e0b6-799e-40c2-a985-2df64db3ea6f,15-158-10,"Caspar Nerve Root Retractor",Surgical,Neurosurgery.Laminectomy,,
23021817-5eb0-4380-8443-598c91df0346,15-235-23,"Tumor Knife",Surgical,Neurosurgery.Laminectomy,,
3cabcc74-575e-4e50-b93c-5de6ea672fc4,15-236-23,"Tumor Knife",Surgical,Neurosurgery.Laminectomy,,
ad9c34b8-f60a-4098-a54e-e4065830bd70,15-237-23,"Tumor Knife",Surgical,Neurosurgery.Laminectomy,,
d1d673f6-40c7-45a8-9c9c-6f1bd3a3c05c,15-238-23,"Tumor Knife",Surgical,Neurosurgery.Laminectomy,,
b15f6e3b-a423-4ceb-81c6-1214bfe379f1,15-239-23,"Tumor Knife",Surgical,Neurosurgery.Laminectomy,,
10c2b5f8-b7b2-4b8e-b426-a10ffccc9094,15-240-23,"Tumor Knife",Surgical,Neurosurgery.Laminectomy,,
3d0acff3-c765-491e-8000-194f588772f0,15-241-23,"Tumor Knife",Surgical,Neurosurgery.Laminectomy,,
b50bd521-959e-45ca-b380-46af35cc26a9,15-242-23,"Tumor Knife",Surgical,Neurosurgery.Laminectomy,,
dabc037d-e6f9-417d-8e85-38246c839522,15-245-23,"Tumor Knife",Surgical,Neurosurgery.Laminectomy,,
0ea602d1-ea8f-4cc3-ae69-387edebae721,15-246-23,"Tumor Knife",Surgical,Neurosurgery.Laminectomy,,
f7d625ac-b883-4c14-ab29-00ef21f5549d,15-247-23,"Tumor Knife",Surgical,Neurosurgery.Laminectomy,,
f2ec8768-429b-4ff2-99b7-3bf07d8f5b74,15-248-23,"Tumor Knife",Surgical,Neurosurgery.Laminectomy,,
6bd2ce00-a38e-4d74-8a82-fd27ce7673f0,15-290-04,"Tumor Forks",Surgical,Neurosurgery.Laminectomy,,
ff025afd-cb3f-493c-928d-50246abe1766,15-290-05,"Tumor Forks",Surgical,Neurosurgery.Laminectomy,,
4e34d422-dfa8-4af0-9398-2311dfe52673,15-290-08,"Tumor Forks",Surgical,Neurosurgery.Laminectomy,,
06901c0a-8260-41d2-8252-a71a0c71a6da,15-291-21,"Long Dissector",Surgical,Neurosurgery.Laminectomy,,
1a7572d9-09c1-4c05-83ed-50baf879e086,15-325-06,"Hardy Curette",Surgical,Neurosurgery.Laminectomy,,
33e1f039-7e34-44da-afc0-ddf94546b1c8,15-333-21,"Smithwick Nerve Hook",Surgical,Neurosurgery.Laminectomy,,
4d4647c6-4419-4c11-abb0-daf97713ef75,15-338-23,"Adson Hook",Surgical,Neurosurgery.Laminectomy,,
9f7f30e6-13d7-45f2-bd6e-4c20e5b29e06,15-339-17,"Graham Nerve Hook",Surgical,Neurosurgery.Laminectomy,,
bb8883a2-114b-4d49-853b-e96d0480d175,15-339-18,"Graham Hook",Surgical,Neurosurgery.Laminectomy,,
10558104-187a-42fd-b493-530f370ca9c6,15-341-20,"Crile Nerve and Dura Hook",Surgical,Neurosurgery.Laminectomy,,
1fa51200-20bd-4e94-a5af-a08e68d5afb4,15-342-28,"Cushing Nerve and Dura Hook",Surgical,Neurosurgery.Laminectomy,,
bfa9946e-aca1-46be-9975-ec9e5d2dedb0,15-343-28,"Cushing Nerve and Dura Hook",Surgical,Neurosurgery.Laminectomy,,
658810b5-2912-49d1-ab6f-b95c9ed05b2e,15-352-18,"Frazier Nerve and Dura Hook",Surgical,Neurosurgery.Laminectomy,,
8a21c9a9-0c26-4c16-b2f3-bde8f48cd5b2,15-383-21,"Micro Dissector",Surgical,Neurosurgery.Laminectomy,,
83030a48-2f91-436e-9a51-4f82b59aaa96,15-404-01,"Ultra micro nerve hook",Surgical,Neurosurgery.Laminectomy,,
d0a861e1-01ee-413d-a062-862bc1c0daf1,15-413-01,"Bayonet Style Curette",Surgical,Neurosurgery.Laminectomy,,
758e9931-3a0e-40ab-bd17-7fd6e0f77e67,15-413-02,"Bayonet Style Curette",Surgical,Neurosurgery.Laminectomy,,
5b5786d6-0f40-4f63-a8ae-3940c75f9a5e,15-414-01,"Bayonet Style Curette",Surgical,Neurosurgery.Laminectomy,,
49389c82-717c-4a69-b630-46269c512971,15-414-02,"Bayonet Style Curette",Surgical,Neurosurgery.Laminectomy,,
4fd59d3d-2d02-4bba-bcd9-3d2979e778fa,15-415-01,"Bayonet Style Curette",Surgical,Neurosurgery.Laminectomy,,
985b057a-99df-4c71-aad4-7400fe8f12ac,15-415-02,"Bayonet Style Curette",Surgical,Neurosurgery.Laminectomy,,
1cec4850-73a1-48f0-9a5f-c5916cb0ec96,15-416-02,"Bayonet Style Curette",Surgical,Neurosurgery.Laminectomy,,
83e43cd1-47ff-4f91-801c-fd6f776d77d7,15-416-03,"Bayonet Style Curette",Surgical,Neurosurgery.Laminectomy,,
d4d59fe3-d9df-4271-8add-543dc01771b9,15-417-01,"Bayonet Style Curette",Surgical,Neurosurgery.Laminectomy,,
6b045b17-abf6-44fb-9ad0-54b4559046ba,15-417-02,"Bayonet Style Curette",Surgical,Neurosurgery.Laminectomy,,
b866c3af-ac8b-4c0c-812b-d8457c8b200a,15-418-01,"Bayonet Style Curette",Surgical,Neurosurgery.Laminectomy,,
8eef43b5-c73d-4264-82dd-d4d07a6c1c59,15-418-02,"Bayonet Style Curette",Surgical,Neurosurgery.Laminectomy,,
f6f7db49-975d-40d9-920a-fd5a740c3ca4,15-430-27,"Inge Lamina Spreader",Surgical,Neurosurgery.Laminectomy,,
61839f44-0a6f-45e4-9e94-e9209f49dbd3,15-479-02,"Kerrison Laminectomy Punch",Surgical,Neurosurgery.Laminectomy,,
460ef7cd-69b9-468e-ba18-072011d2e4b9,15-479-03,"Kerrison Laminectomy Punch",Surgical,Neurosurgery.Laminectomy,,
8b4fd3d7-9ae3-4038-ba3a-82053ada55b5,15-479-04,"Kerrison Laminectomy Punch",Surgical,Neurosurgery.Laminectomy,,
051f82a8-9250-490e-9684-f7b82c879825,15-479-05,"Kerrison Laminectomy Punch",Surgical,Neurosurgery.Laminectomy,,
616ef8f3-1db4-4de2-b374-cde9b43c2651,15-479-06,"Kerrison Laminectomy Punch",Surgical,Neurosurgery.Laminectomy,,
9784521e-767d-426f-bb34-d2c5034be5df,15-516-18,"Caspar Rongeur",Surgical,Neurosurgery.Laminectomy,,
c4aa70d7-374b-4221-b5ed-0c8a76f3a795,15-517-18,"Caspar Rongeur",Surgical,Neurosurgery.Laminectomy,,
56de28da-5f66-4ed4-b73f-1d9dd8f5ba64,15-518-18,"Caspar Rongeur",Surgical,Neurosurgery.Laminectomy,,
10c32ae2-77d1-4f89-a2c7-b49fbfdd1f13,15-519-18,"Caspar Rongeur",Surgical,Neurosurgery.Laminectomy,,
d92f0f86-db71-47d9-ab63-ba30a9bf260e,15-520-18,"Caspar Rongeur",Surgical,Neurosurgery.Laminectomy,,
7cffdd3e-ed14-4cc6-9784-343dfbc023ac,15-521-18,"Caspar Rongeur",Surgical,Neurosurgery.Laminectomy,,
d4e1c7c7-50a1-44a6-bc83-f515f888d35b,15-522-18,"Caspar Rongeur",Surgical,Neurosurgery.Laminectomy,,
b1e4509a-28b8-4a35-bac9-714c58bab15e,15-523-18,"Caspar Rongeur",Surgical,Neurosurgery.Laminectomy,,
6c93f3fb-673c-4d44-97c0-e55a7887133c,15-524-18,"Caspar Rongeur",Surgical,Neurosurgery.Laminectomy,,
e86f8a14-8435-480e-aa2a-ecc9e2f080ee,15-525-18,"Caspar Rongeur",Surgical,Neurosurgery.Laminectomy,,
2d972812-a48a-41db-90be-808003355148,15-526-18,"Caspar Rongeur",Surgical,Neurosurgery.Laminectomy,,
957d52c8-48b0-4ef0-b86a-efa4713485cd,15-527-18,"Caspar Rongeur",Surgical,Neurosurgery.Laminectomy,,
998d7539-c47e-4153-920a-aaf559f752c9,15-528-18,"Caspar Rongeur",Surgical,Neurosurgery.Laminectomy,,
46465d7f-f215-4d45-b786-4f95947a9070,15-529-18,"Caspar Rongeur",Surgical,Neurosurgery.Laminectomy,,
a7d664c7-3d42-40f1-ac60-bb73ba7a36e0,15-530-18,"Caspar Rongeur",Surgical,Neurosurgery.Laminectomy,,
c6345d62-ef39-42cf-b506-e5ef64148069,15-531-18,"Caspar Rongeur",Surgical,Neurosurgery.Laminectomy,,
70965307-033e-4534-a08e-98784223b8ef,15-532-18,"Caspar Rongeur",Surgical,Neurosurgery.Laminectomy,,
bffe58d7-6ec3-4efa-9a2c-871d19cf6fbd,15-533-18,"Caspar Rongeur",Surgical,Neurosurgery.Laminectomy,,
9d1bd084-d7f2-47d0-a0a2-63c213d9064a,15-534-18,"Caspar Rongeur",Surgical,Neurosurgery.Laminectomy,,
84116947-5924-4adf-b25a-d180d4bf975b,15-535-18,"Caspar Rongeur",Surgical,Neurosurgery.Laminectomy,,
4ee73a48-9014-4478-aac1-0a7489386f4d,15-536-18,"Caspar Rongeur",Surgical,Neurosurgery.Laminectomy,,
b63feb49-61e4-4b54-ac85-a1ea1e9d8db8,15-537-18,"Caspar Rongeur",Surgical,Neurosurgery.Laminectomy,,
2b51af4b-f489-41a1-a39b-9f27f861e149,15-538-18,"Caspar Rongeur",Surgical,Neurosurgery.Laminectomy,,
bb38f07f-487e-4c0a-b81f-4106e8acc179,15-539-18,"Caspar Rongeur",Surgical,Neurosurgery.Laminectomy,,
008cdbc7-6929-4c52-840f-d36330af7282,15-540-18,"Caspar Rongeur",Surgical,Neurosurgery.Laminectomy,,
5ab6faf0-41fd-4b86-934a-fbe2420e14b2,15-541-18,"Caspar Rongeur",Surgical,Neurosurgery.Laminectomy,,
d1cebaff-834c-4123-8880-ebd898db784d,15-542-18,"Caspar Rongeur",Surgical,Neurosurgery.Laminectomy,,
74087660-ce5a-40a5-9381-b1fcabad594a,15-543-18,"Caspar Rongeur",Surgical,Neurosurgery.Laminectomy,,
d5704cca-62c9-4460-aa62-1c6a4d61044b,15-544-18,"Caspar Rongeur",Surgical,Neurosurgery.Laminectomy,,
85a5fe61-9037-4a58-9a0f-7fc0f3195651,15-545-18,"Caspar Rongeur",Surgical,Neurosurgery.Laminectomy,,
0799aa9a-4dbc-45c1-8f89-a4291b685c2f,15-546-15,"Cushing Rongeur",Surgical,Neurosurgery.Laminectomy,,
5933891e-cb41-4749-8354-34a7da305dda,15-546-18,"Cushing Rongeur",Surgical,Neurosurgery.Laminectomy,,
f23af391-0df7-4564-9258-82f5f01de095,15-547-15,"Cushing Rongeur",Surgical,Neurosurgery.Laminectomy,,
7dab362d-ecf9-4251-b5d7-389d647bd747,15-547-18,"Cushing Rongeur",Surgical,Neurosurgery.Laminectomy,,
3708378a-4ffc-4b72-9db4-50092cec20fe,15-548-15,"Cushing Rongeur",Surgical,Neurosurgery.Laminectomy,,
46da0c76-0bd2-42e5-a2c1-be6bb138d639,15-548-18,"Cushing Rongeur",Surgical,Neurosurgery.Laminectomy,,
dcda637c-bee7-4a46-ac39-98d914558223,15-549-15,"LOVE-GRUENWALD Rongeur",Surgical,Neurosurgery.Laminectomy,,
5c1e742d-abf7-4142-b42d-33ca7b6d0476,15-549-18,"LOVE-GRUENWALD Rongeur",Surgical,Neurosurgery.Laminectomy,,
dc4076cc-ce79-4f1b-a47b-e0b6e398ca3f,15-550-15,"LOVE-GRUENWALD Rongeur",Surgical,Neurosurgery.Laminectomy,,
f4b77a5c-78ab-4c05-9bc8-2f8bb81f4e52,15-550-18,"LOVE-GRUENWALD Rongeur",Surgical,Neurosurgery.Laminectomy,,
af924a9f-6afd-462e-8113-50ba0e0a30b9,15-551-15,"LOVE-GRUENWALD Rongeur",Surgical,Neurosurgery.Laminectomy,,
96b920f4-7979-4129-ae3f-0ce07f9065a2,15-551-18,"LOVE-GRUENWALD Rongeur",Surgical,Neurosurgery.Laminectomy,,
a09c8ada-56c4-49ad-8e77-13617f27db25,15-552-15,"SPURLING Rongeur",Surgical,Neurosurgery.Laminectomy,,
9ed76856-5e0e-443a-9d30-e7c3491f5ba4,15-552-18,"SPURLING Rongeur",Surgical,Neurosurgery.Laminectomy,,
e7717833-abb6-432e-949a-ba29f0274da6,15-553-15,"SPURLING Rongeur",Surgical,Neurosurgery.Laminectomy,,
1bdcb4e8-d29c-433f-b051-ee6f5cd8d51c,15-553-18,"SPURLING Rongeur",Surgical,Neurosurgery.Laminectomy,,
537815b1-c73f-4a17-9ffb-c5f69711be2f,15-554-15,"SPURLING Rongeur",Surgical,Neurosurgery.Laminectomy,,
7d3c38bd-b868-44d4-ae5d-17f75c352ca8,15-554-18,"SPURLING Rongeur",Surgical,Neurosurgery.Laminectomy,,
b741df2d-52b1-4503-97f7-c6ec2561d4a1,15-555-19,"Oldberg Rongeur",Surgical,Neurosurgery.Laminectomy,,
40f8b425-29e9-4871-8206-2e84184f0c57,15-556-19,"Oldberg Rongeur",Surgical,Neurosurgery.Laminectomy,,
58d0da1b-42bf-4012-8cd4-329a79624d4d,15-557-19,"Oldberg Rongeur",Surgical,Neurosurgery.Laminectomy,,
c96b31b2-6bb9-4f21-9bc5-44f801321934,15-558-19,"Oldberg Rongeur",Surgical,Neurosurgery.Laminectomy,,
32c6584a-e116-4915-a46c-d367743267e2,15-560-18,"Decker Micro Disc Rongeur",Surgical,Neurosurgery.Laminectomy,,
f51dce07-d7e2-410b-9930-71984cbe44aa,15-563-19,"Takahashi Rongeur",Surgical,Neurosurgery.Laminectomy,,
9ba12c01-7f72-4f2f-b4ca-84d1d969a9d0,15-566-20,"Takahashi Rongeur",Surgical,Neurosurgery.Laminectomy,,
2a0f2f65-2791-4ff2-8152-6a5534e3fe7f,15-585-05,"Caspar Rongeur",Surgical,Neurosurgery.Laminectomy,,
9762bfb6-d97f-4ff4-ae33-fd729385439f,15-585-06,"Caspar Rongeur",Surgical,Neurosurgery.Laminectomy,,
8bb52019-fa3c-43d3-97f3-3325c3bfc313,15-591-40,"Medial Toothed Blades",Surgical,Neurosurgery.Laminectomy,,
96f344f0-b8da-4f86-a18d-2b67e4652051,15-591-45,"Medial Toothed Blades",Surgical,Neurosurgery.Laminectomy,,
05dcee87-46b3-4a10-ba4f-015d84616716,15-591-50,"Medial Toothed Blades",Surgical,Neurosurgery.Laminectomy,,
b864bd10-fdcf-431d-b311-2f2b4e507e56,15-591-55,"Medial Toothed Blades",Surgical,Neurosurgery.Laminectomy,,
532b6058-b491-4a41-9f00-8cc379493e22,15-591-60,"Medial Toothed Blades",Surgical,Neurosurgery.Laminectomy,,
0ce4c35b-81de-4ceb-ad5e-0165531e5b7c,15-591-65,"Medial Toothed Blades",Surgical,Neurosurgery.Laminectomy,,
5b7717d7-1b26-4240-8fb8-aec9beecaece,15-591-70,"Medial Toothed Blades",Surgical,Neurosurgery.Laminectomy,,
9e102a18-2d38-4586-914d-340e8867954e,15-592-45,"Small Lateral Blades",Surgical,Neurosurgery.Laminectomy,,
bc8dda1b-6d9d-4495-b64e-5caaa6ede047,15-592-50,"Small Lateral Blades",Surgical,Neurosurgery.Laminectomy,,
415a7699-2c51-4a06-b085-2a86e9429aa1,15-592-55,"Small Lateral Blades",Surgical,Neurosurgery.Laminectomy,,
90b3655e-4870-45c5-af6d-536b3219ecde,15-592-60,"Small Lateral Blades",Surgical,Neurosurgery.Laminectomy,,
b84beab5-0300-4bec-8362-229c9c1d98ce,15-593-45,"Lateral Serrated Blades",Surgical,Neurosurgery.Laminectomy,,
8de09dd4-d9a9-408d-bbfe-cc2132afbd1c,15-593-50,"Lateral Serrated Blades",Surgical,Neurosurgery.Laminectomy,,
a851d824-2e5c-475c-bcb8-4b48422e7cfe,15-593-55,"Lateral Serrated Blades",Surgical,Neurosurgery.Laminectomy,,
b77c1a41-baed-4992-9dc5-88ab99a89697,15-593-60,"Lateral Serrated Blades",Surgical,Neurosurgery.Laminectomy,,
08182235-f50b-4361-85e5-29c9314e0cf3,15-593-65,"Lateral Serrated Blades",Surgical,Neurosurgery.Laminectomy,,
1346154e-9021-4a97-9597-73993a22f452,15-593-70,"Lateral Serrated Blades",Surgical,Neurosurgery.Laminectomy,,
2d366ef8-c07a-448c-b326-fa36e0ea511f,15-594-60,"Cervical Blades",Surgical,Neurosurgery.Laminectomy,,
e2e74405-ef86-439b-bfed-1e1046b2d6cd,15-595-40,"Blunt Blades",Surgical,Neurosurgery.Laminectomy,,
dd7bedd3-695e-4a83-aecf-e636e64c4310,15-595-45,"Blunt Blades",Surgical,Neurosurgery.Laminectomy,,
6910a33e-d5f1-422c-929a-805d3c94afa6,15-595-50,"Blunt Blades",Surgical,Neurosurgery.Laminectomy,,
76e10683-be53-4fde-8f7f-e099c19d91be,15-595-55,"Blunt Blades",Surgical,Neurosurgery.Laminectomy,,
99994623-70bc-459f-8e00-92b8189c8a62,15-595-60,"Blunt Blades",Surgical,Neurosurgery.Laminectomy,,
dde5471d-b034-4ef6-8fae-5cb92a1e8f4a,15-595-65,"Blunt Blades",Surgical,Neurosurgery.Laminectomy,,
0230fc72-ccd2-47da-b8f6-ff295d7166e1,15-595-70,"Blunt Blades",Surgical,Neurosurgery.Laminectomy,,
d672ecdd-feb3-42d1-97e5-44ccd85c72e9,15-595-75,"Blunt Blades",Surgical,Neurosurgery.Laminectomy,,
2782a8a8-d8b7-4478-ba00-303ee21a8e9f,15-596-45,"Medial Toothed Blades",Surgical,Neurosurgery.Laminectomy,,
97b95ec5-0d60-4ea3-b2cb-bcd726cece03,15-596-50,"Medial Toothed Blades",Surgical,Neurosurgery.Laminectomy,,
0f80fa0d-643d-44d5-aae5-3dfb777eabf4,15-596-55,"Medial Toothed Blades",Surgical,Neurosurgery.Laminectomy,,
4d02078f-6c60-4089-8ca8-dec8a3517426,15-596-60,"Medial Toothed Blades",Surgical,Neurosurgery.Laminectomy,,
8ddd29be-fe3f-4a52-9be9-3194d95fb3b8,15-597-45,"Lateral Serrated Blades",Surgical,Neurosurgery.Laminectomy,,
cdd53cd4-54bb-4bfe-bab8-f0726395bd80,15-597-50,"Lateral Serrated Blades",Surgical,Neurosurgery.Laminectomy,,
e6001b97-0619-4cd6-810a-1dbb562e27a6,15-597-55,"Lateral Serrated Blades",Surgical,Neurosurgery.Laminectomy,,
8bf3a658-2901-4ce4-8b92-6f85b891ba87,15-597-60,"Lateral Serrated Blades",Surgical,Neurosurgery.Laminectomy,,
c8181a66-2b47-44e0-a351-b9e491eb687a,15-598-50,"Blunt Blades",Surgical,Neurosurgery.Laminectomy,,
d31c9f53-fd41-4b0a-b7c8-53c8db557afb,15-598-55,"Blunt Blades",Surgical,Neurosurgery.Laminectomy,,
22e8fe84-e6a0-4617-918f-ac741a2f373c,15-598-60,"Blunt Blades",Surgical,Neurosurgery.Laminectomy,,
87dad49e-17f2-4c9c-82da-e0408029fc32,15-598-65,"Blunt Blades",Surgical,Neurosurgery.Laminectomy,,
21f10050-a0c8-4fe7-ab96-6b2c3ded40c1,15-602-45,"Medial Toothed Blades",Surgical,Neurosurgery.Laminectomy,,
e509f746-bbd6-4f71-ba2f-e5d2550bfc48,15-602-50,"Medial Toothed Blades",Surgical,Neurosurgery.Laminectomy,,
bac9241a-c560-4b9a-a585-bdc9abad0d8e,15-602-55,"Medial Toothed Blades",Surgical,Neurosurgery.Laminectomy,,
23c2bd2b-3abb-4469-aa2c-1cb71ed61a6e,15-602-60,"Medial Toothed Blades",Surgical,Neurosurgery.Laminectomy,,
84886f40-ecde-4e3e-80dc-058d1d278a57,15-602-65,"Medial Toothed Blades",Surgical,Neurosurgery.Laminectomy,,
f872d5c1-ad02-470b-84e4-a5b1b1f4d433,15-602-70,"Medial Toothed Blades",Surgical,Neurosurgery.Laminectomy,,
e6de9f08-3ade-4acd-a0e4-058005de59ef,15-602-75,"Medial Toothed Blades",Surgical,Neurosurgery.Laminectomy,,
657ef404-771e-4a6e-813f-5d54f714657f,15-603-30,"Lateral Serrated Blades",Surgical,Neurosurgery.Laminectomy,,
34a9f6df-38b3-471c-9d1f-f3af1a351049,15-603-35,"Lateral Serrated Blades",Surgical,Neurosurgery.Laminectomy,,
eea94fc1-4e27-4af9-8069-6ba078d6d3d2,15-603-40,"Lateral Serrated Blades",Surgical,Neurosurgery.Laminectomy,,
7ec0fcec-472a-437c-aa3b-69e93cb2f6bb,15-603-45,"Lateral Serrated Blades",Surgical,Neurosurgery.Laminectomy,,
3b220658-948c-4d64-a223-6b8843589537,15-603-50,"Lateral Serrated Blades",Surgical,Neurosurgery.Laminectomy,,
ad88247a-da48-415b-8b93-4b9abb87a34b,15-603-55,"Lateral Serrated Blades",Surgical,Neurosurgery.Laminectomy,,
06902041-0d46-417d-987f-919f9cac31bf,15-603-60,"Lateral Serrated Blades",Surgical,Neurosurgery.Laminectomy,,
a5fbae19-7f5d-4a81-9a13-7bc62b7a08ab,15-603-65,"Lateral Serrated Blades",Surgical,Neurosurgery.Laminectomy,,
0dcac634-60db-4be2-a113-49311c9fc8f2,15-603-70,"Lateral Serrated Blades",Surgical,Neurosurgery.Laminectomy,,
621cbe61-689e-4290-859a-34ffdb897704,15-603-75,"Lateral Serrated Blades",Surgical,Neurosurgery.Laminectomy,,
7b37fb97-0e21-4458-866f-0bc41e44fd14,15-604-35,"Blunt Blades",Surgical,Neurosurgery.Laminectomy,,
2df907cc-5711-4ef9-8ada-bfeaed98f2d4,15-604-40,"Blunt Blades",Surgical,Neurosurgery.Laminectomy,,
0168b44d-f4e8-4bd1-95be-4c77fb559e11,15-604-45,"Blunt Blades",Surgical,Neurosurgery.Laminectomy,,
166d7865-a049-4fef-b4f8-2f09e7467ca7,15-604-50,"Blunt Blades",Surgical,Neurosurgery.Laminectomy,,
58ffc7d3-9278-48aa-ad30-6be45acecb9d,15-604-55,"Blunt Blades",Surgical,Neurosurgery.Laminectomy,,
57999199-6bc2-4828-93d4-82d554f0e7c7,15-604-60,"Blunt Blades",Surgical,Neurosurgery.Laminectomy,,
fb822d08-2781-4ecd-a9f4-cf042411f225,15-604-65,"Blunt Blades",Surgical,Neurosurgery.Laminectomy,,
0b00eb57-c139-409e-8435-2b930ff5645b,15-604-70,"Blunt Blades",Surgical,Neurosurgery.Laminectomy,,
7dccc464-8eb8-4ece-bb84-f6385423ed64,15-604-75,"Blunt Blades",Surgical,Neurosurgery.Laminectomy,,
ae687422-5b52-4f61-afb4-efd3037d86bd,15-605-40,"Medial Toothed Blades",Surgical,Neurosurgery.Laminectomy,,
1ee43002-44bf-47b6-abcf-50044ae2cbdc,15-605-45,"Medial Toothed Blades",Surgical,Neurosurgery.Laminectomy,,
3d6efefe-6a66-4964-82a4-cd08a5d0425e,15-605-50,"Medial Toothed Blades",Surgical,Neurosurgery.Laminectomy,,
5966b14e-f98f-4be2-8aaf-3931f5881948,15-605-55,"Medial Toothed Blades",Surgical,Neurosurgery.Laminectomy,,
0ba3d1cd-d722-4b2b-b4f7-7e66adb94349,15-605-60,"Medial Toothed Blades",Surgical,Neurosurgery.Laminectomy,,
ea7b87c6-af13-490b-9dbf-948708cedd20,15-605-65,"Medial Toothed Blades",Surgical,Neurosurgery.Laminectomy,,
4d3b38fc-0334-4d4e-8c6a-74a03124888e,15-605-70,"Medial Toothed Blades",Surgical,Neurosurgery.Laminectomy,,
1a054dcc-b5f5-409a-9691-f5b4a6922d99,15-606-30,"Lateral Serrated Blades",Surgical,Neurosurgery.Laminectomy,,
cebfabda-02c2-4b0b-ad64-5b8eade63eb9,15-606-35,"Lateral Serrated Blades",Surgical,Neurosurgery.Laminectomy,,
07f18df6-ecc9-44d0-a730-81176430a1c6,15-606-40,"Lateral Serrated Blades",Surgical,Neurosurgery.Laminectomy,,
646564f4-e9a0-4d30-90a9-6293d41fb7b6,15-606-45,"Lateral Serrated Blades",Surgical,Neurosurgery.Laminectomy,,
f5be2526-22f6-4126-93aa-6731c1cc1281,15-606-50,"Lateral Serrated Blades",Surgical,Neurosurgery.Laminectomy,,
652327ae-7f4b-4db9-8eca-56606b52a106,15-606-55,"Lateral Serrated Blades",Surgical,Neurosurgery.Laminectomy,,
ce615c38-6a96-4312-af57-f9a7b2151f26,15-606-60,"Lateral Serrated Blades",Surgical,Neurosurgery.Laminectomy,,
2ff27a10-75cd-4499-ad04-d05e77a2fc28,15-606-65,"Lateral Serrated Blades",Surgical,Neurosurgery.Laminectomy,,
a5916eca-20e0-4e80-a275-968db8ba03cc,15-606-70,"Lateral Serrated Blades",Surgical,Neurosurgery.Laminectomy,,
8d3db7d1-44a4-40be-a06d-4cb2e9ffe85c,15-607-40,"Blunt Blades",Surgical,Neurosurgery.Laminectomy,,
4ae0a61f-57ac-454b-81b2-18e8cbd8f7c9,15-607-45,"Blunt Blades",Surgical,Neurosurgery.Laminectomy,,
b3b057a9-9b69-4a3c-881b-d4e8c3a1f71d,15-607-50,"Blunt Blades",Surgical,Neurosurgery.Laminectomy,,
58bb7291-679b-46c3-9d75-af2e9a81491d,15-607-55,"Blunt Blades",Surgical,Neurosurgery.Laminectomy,,
24cfe5b4-8205-4ca8-94c8-972486b77a38,15-607-60,"Blunt Blades",Surgical,Neurosurgery.Laminectomy,,
2309cd5f-bafe-4f56-8c07-3b089b6f9e12,15-607-65,"Blunt Blades",Surgical,Neurosurgery.Laminectomy,,
2dd2df09-7879-44ed-9d2f-648cb39fe1de,15-607-70,"Blunt Blades",Surgical,Neurosurgery.Laminectomy,,
9cf31275-0dd7-4bba-b990-c6e3a85fad96,15-607-75,"Blunt Blades",Surgical,Neurosurgery.Laminectomy,,
e981b1a5-7995-460a-811d-93cfa3411508,15-612-45,"Small Lateral Serrated Blades PEEK",Surgical,Neurosurgery.Laminectomy,,
19d4de4e-15bf-4f00-b8d4-e4e24cbd6882,15-612-50,"Small Lateral Serrated Blades PEEK",Surgical,Neurosurgery.Laminectomy,,
71bc91b9-7e58-4ace-b2af-8dc5495d3400,15-612-55,"Small Lateral Serrated Blades PEEK",Surgical,Neurosurgery.Laminectomy,,
4d71435e-9f3d-49b3-9d38-d78095a45868,15-612-60,"Small Lateral Serrated Blades PEEK",Surgical,Neurosurgery.Laminectomy,,
ac8bb87f-f05a-4473-a84f-f299da8e54ee,15-612-65,"Small Lateral Serrated Blades PEEK",Surgical,Neurosurgery.Laminectomy,,
17757fab-4c10-49fb-92ca-cd9fd8f5b06d,15-612-75,"Small Lateral Serrated Blades PEEK",Surgical,Neurosurgery.Laminectomy,,
357b6274-7ad4-4d7d-932a-305ef0fa888c,15-613-45,"Lateral Serrated Blades PEEK",Surgical,Neurosurgery.Laminectomy,,
201481a9-85fa-4064-a2f8-0dd6975dd69d,15-613-50,"Lateral Serrated Blades PEEK",Surgical,Neurosurgery.Laminectomy,,
f3424f88-f42a-425b-93a5-dd31b3830cec,15-613-55,"Lateral Serrated Blades PEEK",Surgical,Neurosurgery.Laminectomy,,
7f96cdbb-1cac-4d8b-b0e1-a23d3c559028,15-613-60,"Lateral Serrated Blades PEEK",Surgical,Neurosurgery.Laminectomy,,
fff269fe-7299-4e17-aed2-0b3080560820,15-613-65,"Lateral Serrated Blades PEEK",Surgical,Neurosurgery.Laminectomy,,
3357395e-e9a1-4e0c-b1d0-59a3de0890e7,15-613-75,"Lateral Serrated Blades PEEK",Surgical,Neurosurgery.Laminectomy,,
381c4900-58e4-4adb-a483-aafb775357fa,15-614-45,"Blunt Blades PEEK",Surgical,Neurosurgery.Laminectomy,,
a243a526-a955-4a24-9f05-3653d2121051,15-614-50,"Blunt Blades PEEK",Surgical,Neurosurgery.Laminectomy,,
b04cefcd-2958-43b8-8973-5d7d4da87371,15-614-60,"Blunt Blades PEEK",Surgical,Neurosurgery.Laminectomy,,
469a888d-f9df-4793-9af8-8c2fcaa193ab,15-614-65,"Blunt Blades PEEK",Surgical,Neurosurgery.Laminectomy,,
dae16649-0a98-40d3-8740-9f2340b6f59f,15-614-75,"Blunt Blades PEEK",Surgical,Neurosurgery.Laminectomy,,
824a5ed0-c981-4585-b2a1-c356f6749971,15-615-45,"Medial Toothed Blades PEEK",Surgical,Neurosurgery.Laminectomy,,
e6c811c0-4bba-4855-9dc9-1b62efc0f1f3,15-615-50,"Medial Toothed Blades PEEK",Surgical,Neurosurgery.Laminectomy,,
5f1ec175-a765-4a61-9a11-4f7e0a4513db,15-615-55,"Medial Toothed Blades PEEK",Surgical,Neurosurgery.Laminectomy,,
21d93ab7-c4fa-41f1-b0b4-f0eaf30de8a5,15-615-60,"Medial Toothed Blades PEEK",Surgical,Neurosurgery.Laminectomy,,
cc1e2888-a6eb-400e-bce0-f705f1c25963,15-615-65,"Medial Toothed Blades PEEK",Surgical,Neurosurgery.Laminectomy,,
f1e82de3-c89f-4edd-bd01-a4c253ee05a8,15-615-75,"Medial Toothed Blades PEEK",Surgical,Neurosurgery.Laminectomy,,
a2a77ea7-ce22-4e56-86a2-d28c5f0246cf,15-616-45,"Lateral Serrated Blades",Surgical,Neurosurgery.Laminectomy,,
e13f5671-4ab7-4d99-a879-5a2dc2bf56e0,15-616-50,"Lateral Serrated Blades",Surgical,Neurosurgery.Laminectomy,,
ddd0172f-bd20-420a-ad8f-75056706fe19,15-616-55,"Lateral Serrated Blades",Surgical,Neurosurgery.Laminectomy,,
78af787c-4021-43f1-bcd6-c826f6b068be,15-616-60,"Lateral Serrated Blades",Surgical,Neurosurgery.Laminectomy,,
749507b2-9fe4-4334-8726-a46eadda0bfe,15-616-65,"Lateral Serrated Blades",Surgical,Neurosurgery.Laminectomy,,
eb652d35-d25a-47b0-b7a3-c81b5acb46eb,15-616-75,"Lateral Serrated Blades",Surgical,Neurosurgery.Laminectomy,,
d35754de-8f1e-4699-b9f9-0ad7a370e03a,15-617-45,"Blunt Blades PEEK ? Rotatating",Surgical,Neurosurgery.Laminectomy,,
e71f2164-b2c7-465d-9cf6-01db3f97b381,15-617-50,"Blunt Blades PEEK ? Rotatating",Surgical,Neurosurgery.Laminectomy,,
331713ad-cfd5-4969-b36c-235ce3906dea,15-617-55,"Blunt Blades PEEK ? Rotatating",Surgical,Neurosurgery.Laminectomy,,
eea1cad8-3382-4c92-bde2-b2b75286cbbf,15-617-60,"Blunt Blades PEEK ? Rotatating",Surgical,Neurosurgery.Laminectomy,,
d5a68815-6957-40bd-b351-57217d3c4dad,15-617-65,"Blunt Blades PEEK ? Rotatating",Surgical,Neurosurgery.Laminectomy,,
5fe91c95-cd7b-4979-b09a-d97c39fce929,15-617-75,"Blunt Blades PEEK ? Rotatating",Surgical,Neurosurgery.Laminectomy,,
6a0aba91-fc9f-4ce1-8efd-01d85553c758,15-622-45,"Medial Toothed Blades",Surgical,Neurosurgery.Laminectomy,,
c5496008-e853-48bd-931b-20ed310a3387,15-622-50,"Medial Toothed Blades",Surgical,Neurosurgery.Laminectomy,,
0bfbedf7-e4a8-441b-92cf-ba0012562c55,15-622-55,"Medial Toothed Blades",Surgical,Neurosurgery.Laminectomy,,
d064df95-d015-4e57-950d-5633e384b820,15-622-60,"Medial Toothed Blades",Surgical,Neurosurgery.Laminectomy,,
a160a63c-3bdf-446e-87f7-07df450c3cc5,15-623-45,"Lateral Serrated Blades",Surgical,Neurosurgery.Laminectomy,,
d9c6e186-c993-48fe-8635-5cb0ae58f3b8,15-623-50,"Lateral Serrated Blades",Surgical,Neurosurgery.Laminectomy,,
df82c391-a8b9-41fd-88f2-e27302037dfd,15-623-55,"Lateral Serrated Blades",Surgical,Neurosurgery.Laminectomy,,
a69b26e9-5740-4739-96c8-883489afbf41,15-623-60,"Lateral Serrated Blades",Surgical,Neurosurgery.Laminectomy,,
fee6a626-b8d1-42c9-8646-58629f1b797a,15-624-50,"Blunt Blades",Surgical,Neurosurgery.Laminectomy,,
9fd9c35c-6022-48ad-beb5-d49d3ad63338,15-624-55,"Blunt Blades",Surgical,Neurosurgery.Laminectomy,,
327b2c3a-2460-4f91-96c6-2ccab1df5db4,15-624-60,"Blunt Blades",Surgical,Neurosurgery.Laminectomy,,
975f7f54-a300-493f-a556-ad18ad7bf4f4,15-624-65,"Blunt Blades",Surgical,Neurosurgery.Laminectomy,,
fda94922-1da4-4743-b507-c92ac13e0fa8,15-625-40,"Medial Toothed Blades",Surgical,Neurosurgery.Laminectomy,,
fa2b1da1-e195-4963-8097-3115a6c5d549,15-625-45,"Medial Toothed Blades",Surgical,Neurosurgery.Laminectomy,,
331c5ef6-2d5d-4b8d-9ecd-0600df904d18,15-625-50,"Medial Toothed Blades",Surgical,Neurosurgery.Laminectomy,,
14f4c553-b48c-44ac-adcb-5919665d00aa,15-625-55,"Medial Toothed Blades",Surgical,Neurosurgery.Laminectomy,,
be8d7586-4751-4a7e-ba29-ecf59bbd9e23,15-625-60,"Medial Toothed Blades",Surgical,Neurosurgery.Laminectomy,,
96e2a15c-3506-4fc9-b80e-7557af0a3876,15-626-45,"Lateral Serrated Blades",Surgical,Neurosurgery.Laminectomy,,
8a4e8298-8182-48cd-a162-c49a14b28b1c,15-626-50,"Lateral Serrated Blades",Surgical,Neurosurgery.Laminectomy,,
00aafcc1-5a6d-4748-bfae-048d9a4cc963,15-626-55,"Lateral Serrated Blades",Surgical,Neurosurgery.Laminectomy,,
a7541991-c35e-409e-a19f-a32e77d6ab92,15-626-60,"Lateral Serrated Blades",Surgical,Neurosurgery.Laminectomy,,
04dafdfc-12ec-446e-a621-948b5ba6975b,15-627-50,"Blunt Blades",Surgical,Neurosurgery.Laminectomy,,
567421ec-6514-4817-9aec-7d7a4c675a48,15-627-55,"Blunt Blades",Surgical,Neurosurgery.Laminectomy,,
4240a5ac-62ca-49d3-8d13-c56bd0b67507,15-627-60,"Blunt Blades",Surgical,Neurosurgery.Laminectomy,,
dfcf7eb7-902f-4e23-8bff-b37c081df17b,15-627-65,"Blunt Blades",Surgical,Neurosurgery.Laminectomy,,
a4d275b8-b9ad-472b-95af-b0dc65c467cc,15-628-01,"Blade for Caspar Cervical Spine Retractor Ref. 15-628-00 &#038; 15-628-50",Surgical,Neurosurgery.Laminectomy,,
fa62840e-47e6-4aa0-ab1c-ea622e184365,15-628-02,"Blade for Caspar Cervical Spine Retractor Ref. 15-628-00 &#038; 15-628-50",Surgical,Neurosurgery.Laminectomy,,
76db3cbc-889d-40f6-8229-b88e83d9da57,15-628-03,"Blade for Caspar Cervical Spine Retractor Ref. 15-628-00 &#038; 15-628-50",Surgical,Neurosurgery.Laminectomy,,
6d7fa013-aafb-4cb3-ac86-50fca9407307,15-628-04,"Blade for Caspar Cervical Spine Retractor Ref. 15-628-00 &#038; 15-628-50",Surgical,Neurosurgery.Laminectomy,,
4e912ad3-6267-4f7e-9b35-fb343605438f,15-628-05,"Blade for Caspar Cervical Spine Retractor Ref. 15-628-00 &#038; 15-628-50",Surgical,Neurosurgery.Laminectomy,,
f67fe763-0636-42a9-8c27-b84cb541604d,15-628-06,"Blade for Caspar Cervical Spine Retractor Ref. 15-628-00 &#038; 15-628-50",Surgical,Neurosurgery.Laminectomy,,
f0195866-d7d3-40d6-b72c-58ccbc853d5b,15-628-08,"Blade for Caspar Cervical Spine Retractor Ref. 15-628-00 &#038; 15-628-50",Surgical,Neurosurgery.Laminectomy,,
1d5b2360-666d-4d8e-b9be-0ad0311e8615,15-628-09,"Blade for Caspar Cervical Spine Retractor Ref. 15-628-00 &#038; 15-628-50",Surgical,Neurosurgery.Laminectomy,,
7fd941de-9165-4f42-80bb-88a430c84410,15-628-10,"Blade for Caspar Cervical Spine Retractor Ref. 15-628-00 &#038; 15-628-50",Surgical,Neurosurgery.Laminectomy,,
0f2f9e5a-05b5-4a52-b6af-b31c2973d031,15-628-50,"Blade for Caspar Cervical Spine Retractor Ref. 15-628-00 &#038; 15-628-50",Surgical,Neurosurgery.Laminectomy,,
4d877d1b-0691-4ebd-8801-5d815b5494f7,15-630-40,"Lateral Blade for Caspar Microdiscectomy Retractor (15-629-45)",Surgical,Neurosurgery.Laminectomy,,
a5c2d26d-2463-4e2e-85b2-4aa1a036eb92,15-630-45,"Lateral Blade for Caspar Microdiscectomy Retractor (15-629-45)",Surgical,Neurosurgery.Laminectomy,,
784928a8-d465-48ad-81c2-131a249e533e,15-630-50,"Lateral Blade for Caspar Microdiscectomy Retractor (15-629-45)",Surgical,Neurosurgery.Laminectomy,,
a0bbc92c-01a4-40c0-9fe3-f77eedaa0e50,15-630-55,"Lateral Blade for Caspar Microdiscectomy Retractor (15-629-45)",Surgical,Neurosurgery.Laminectomy,,
7f604734-6c17-4130-903a-5a77924cd49b,15-630-60,"Lateral Blade for Caspar Microdiscectomy Retractor (15-629-45)",Surgical,Neurosurgery.Laminectomy,,
7e5eeb72-86c3-4d5e-af7e-4fec5b37c43a,15-630-65,"Lateral Blade for Caspar Microdiscectomy Retractor (15-629-45)",Surgical,Neurosurgery.Laminectomy,,
c1b39c23-4f2c-4f1a-a33d-5722c1ceba9f,15-630-75,"Lateral Blade for Caspar Microdiscectomy Retractor (15-629-45)",Surgical,Neurosurgery.Laminectomy,,
0e8ec812-fe07-4a41-bb3c-de5dbc6e329e,15-630-85,"Lateral Blade for Caspar Microdiscectomy Retractor (15-629-45)",Surgical,Neurosurgery.Laminectomy,,
e5a03977-a777-4011-a695-03809553d796,15-631-45,"Paraspinal Blade for Caspar Microdiscectomy Retractor (15-629-45)",Surgical,Neurosurgery.Laminectomy,,
f80d9f9c-5258-4da1-9c6f-a3ef67a804d4,15-631-50,"Paraspinal Blade for Caspar Microdiscectomy Retractor (15-629-45)",Surgical,Neurosurgery.Laminectomy,,
92a32335-5045-409f-a156-4be9b99f005c,15-631-55,"Paraspinal Blade for Caspar Microdiscectomy Retractor (15-629-45)",Surgical,Neurosurgery.Laminectomy,,
a8e85a02-baf0-4050-b4ac-9ec2a44637d8,15-631-60,"Paraspinal Blade for Caspar Microdiscectomy Retractor (15-629-45)",Surgical,Neurosurgery.Laminectomy,,
84b38652-4f39-4544-b90d-e7aaa42f15e3,15-631-65,"Paraspinal Blade for Caspar Microdiscectomy Retractor (15-629-45)",Surgical,Neurosurgery.Laminectomy,,
dbfb073b-aff1-4f49-9ae5-082ee98572db,15-631-70,"Paraspinal Blade for Caspar Microdiscectomy Retractor (15-629-45)",Surgical,Neurosurgery.Laminectomy,,
d4f58baf-607f-45e2-b8bc-bf0da656ecb1,15-632-45,"Lumbar Speculum",Surgical,Neurosurgery.Laminectomy,,
fdee117e-2473-4232-a6d5-ce207b91488e,15-632-50,"Lumbar Speculum",Surgical,Neurosurgery.Laminectomy,,
5f44cd95-1f6d-4d06-a9bf-dfbaf394b358,15-632-55,"Lumbar Speculum",Surgical,Neurosurgery.Laminectomy,,
585bf85a-0a38-407a-8d03-0bb5a196522c,15-632-60,"Lumbar Speculum",Surgical,Neurosurgery.Laminectomy,,
0a6713f5-3478-4e3e-95e1-fcf5cc126d93,15-632-65,"Lumbar Speculum",Surgical,Neurosurgery.Laminectomy,,
35f2251a-4bca-401c-8adf-4ac5b88a3f70,15-632-70,"Lumbar Speculum",Surgical,Neurosurgery.Laminectomy,,
11798528-53cf-4d42-a6a3-096dc0becfb7,15-632-75,"Lumbar Speculum",Surgical,Neurosurgery.Laminectomy,,
c2dec19d-5916-45cd-8161-305601c07b36,15-632-80,"Lumbar Speculum",Surgical,Neurosurgery.Laminectomy,,
ec529434-ec3b-455e-b5e3-22cb56c6a968,15-632-85,"Lumbar Speculum",Surgical,Neurosurgery.Laminectomy,,
4a4462ac-e059-4c41-9297-abfb20ac8625,15-634-40,"McCulloch 4-teeth Narrow Muscle Blades",Surgical,Neurosurgery.Laminectomy,,
5a189ea7-fb84-4fb9-adf3-a88bd5187ceb,15-634-50,"McCulloch 4-teeth Narrow Muscle Blades",Surgical,Neurosurgery.Laminectomy,,
d70ff2a8-d7e0-409c-ba23-66c81fc51fcd,15-634-60,"McCulloch 4-teeth Narrow Muscle Blades",Surgical,Neurosurgery.Laminectomy,,
aaf776c6-e119-4e4a-b180-597918c9d1d8,15-634-70,"McCulloch 4-teeth Narrow Muscle Blades",Surgical,Neurosurgery.Laminectomy,,
a0cb010a-b050-4abc-9678-28d35a1c9c16,15-634-80,"McCulloch 4-teeth Narrow Muscle Blades",Surgical,Neurosurgery.Laminectomy,,
9ba049d7-93df-4187-80ad-41d3ef08a89e,15-635-40,"McCulloch 6-teeth Wide Muscle Blades",Surgical,Neurosurgery.Laminectomy,,
aad306c6-c68f-4a3c-a1ba-16c8817a3d89,15-635-50,"McCulloch 6-teeth Wide Muscle Blades",Surgical,Neurosurgery.Laminectomy,,
a6b24ff4-97ad-4151-bebd-3cacda5b310d,15-635-60,"McCulloch 6-teeth Wide Muscle Blades",Surgical,Neurosurgery.Laminectomy,,
c61383c6-b6ba-4ad1-8f96-41e701857622,15-635-70,"McCulloch 6-teeth Wide Muscle Blades",Surgical,Neurosurgery.Laminectomy,,
8c14be99-d347-45e5-94cb-949f0c4d5da0,15-635-80,"McCulloch 6-teeth Wide Muscle Blades",Surgical,Neurosurgery.Laminectomy,,
92c16f65-ace9-40bb-97ff-4c6f68ca9a2d,15-636-40,"McCulloch 2-teeth McCulloch 2-teeth",Surgical,Neurosurgery.Laminectomy,,
9a767071-783e-45c1-a9dc-6f8171ac450d,15-636-50,"McCulloch 2-teeth McCulloch 2-teeth",Surgical,Neurosurgery.Laminectomy,,
0458f222-601b-404e-a4ed-bd8dbe22f56c,15-636-60,"McCulloch 2-teeth McCulloch 2-teeth",Surgical,Neurosurgery.Laminectomy,,
d2ef9d1e-72c4-4c16-8a12-7fce219797a9,15-636-70,"McCulloch 2-teeth McCulloch 2-teeth",Surgical,Neurosurgery.Laminectomy,,
35569091-5d84-4e7c-bb9a-f3893e50e04c,15-636-80,"McCulloch 2-teeth McCulloch 2-teeth",Surgical,Neurosurgery.Laminectomy,,
defdafc9-b96f-41b0-93d1-108c9224840b,15-637-30,"McCulloch Hook Blade",Surgical,Neurosurgery.Laminectomy,,
6ff4764f-cc04-44b6-94e0-04bdbf9dc458,15-637-40,"McCulloch Hook Blade",Surgical,Neurosurgery.Laminectomy,,
8f0eaa16-c344-47ae-90d5-bd742295b80a,15-637-50,"McCulloch Hook Blade",Surgical,Neurosurgery.Laminectomy,,
21144ddc-d8bf-4552-99e0-cd4efed95f49,15-637-60,"McCulloch Hook Blade",Surgical,Neurosurgery.Laminectomy,,
3c664414-e754-4040-bda2-272c5fca89e2,15-637-70,"McCulloch Hook Blade",Surgical,Neurosurgery.Laminectomy,,
7922d523-67e4-4380-8688-420f8264c4be,15-637-80,"McCulloch Hook Blade",Surgical,Neurosurgery.Laminectomy,,
a3996cb6-d775-4556-9130-08ed92a0f228,15-637-90,"McCulloch Hook Blade",Surgical,Neurosurgery.Laminectomy,,
e410e242-3ad0-4dc2-92ea-edf035043f78,15-638-30,"McCulloch Toothed Hook Blades",Surgical,Neurosurgery.Laminectomy,,
9f2ea157-d264-4c15-9d5e-a589fcc2b479,15-638-40,"McCulloch Toothed Hook Blades",Surgical,Neurosurgery.Laminectomy,,
ece19600-9b04-45bc-b00b-cf4551520ed8,15-638-50,"McCulloch Toothed Hook Blades",Surgical,Neurosurgery.Laminectomy,,
34bb8574-29aa-4534-877f-e24cfe282bfd,15-638-60,"McCulloch Toothed Hook Blades",Surgical,Neurosurgery.Laminectomy,,
2d37206d-3350-4eb9-b2ce-1e8bc014812a,15-638-70,"McCulloch Toothed Hook Blades",Surgical,Neurosurgery.Laminectomy,,
b9a52055-1a03-47aa-8554-fcd0e3f37407,15-638-80,"McCulloch Toothed Hook Blades",Surgical,Neurosurgery.Laminectomy,,
cc2858ef-b4a3-4cbb-a12c-d1e253ad9509,15-638-90,"McCulloch Toothed Hook Blades",Surgical,Neurosurgery.Laminectomy,,
b2ceeb6d-467e-474e-b888-9343ab0c5236,15-639-60,"McCulloch 2-teeth Cervical Blades",Surgical,Neurosurgery.Laminectomy,,
42bf740c-5c49-4fe6-aea6-ee3ba184609c,15-639-70,"McCulloch 2-teeth Cervical Blades",Surgical,Neurosurgery.Laminectomy,,
bf54f399-5988-4458-be3c-fa0a67db96c7,15-640-10,"Frame only",Surgical,Neurosurgery.Laminectomy,,
7dda252b-0a48-4763-9ae1-298fdaa9fb41,15-643-58,"Blade for Caspar Vertebral Column Retractor",Surgical,Neurosurgery.Laminectomy,,
76eaa6eb-064a-4102-98f3-12b74c9c7cd2,15-644-37,"Blade for Caspar Vertebral Column Retractor",Surgical,Neurosurgery.Laminectomy,,
2db879d6-92a3-40f7-abb5-588a021253bd,15-644-43,"Blade for Caspar Vertebral Column Retractor",Surgical,Neurosurgery.Laminectomy,,
204da887-3145-4666-8036-92a3bfcbd9f9,15-644-47,"Blade for Caspar Vertebral Column Retractor",Surgical,Neurosurgery.Laminectomy,,
3538f7da-65a6-4ea4-8c5d-72cc047fdf1d,15-644-52,"Blade for Caspar Vertebral Column Retractor",Surgical,Neurosurgery.Laminectomy,,
a15ef0b7-cb5a-430b-a1b9-60fbdac28a6c,15-644-57,"Blade for Caspar Vertebral Column Retractor",Surgical,Neurosurgery.Laminectomy,,
0836ed66-7a01-4138-910d-d2599bcee05a,15-644-62,"Blade for Caspar Vertebral Column Retractor",Surgical,Neurosurgery.Laminectomy,,
b35d64be-c5e5-4b7f-aeb3-f878c2df1f8e,15-644-67,"Blade for Caspar Vertebral Column Retractor",Surgical,Neurosurgery.Laminectomy,,
35f36989-e935-48aa-8a7f-53ae9280c09c,15-645-37,"Blade for Caspar Vertebral Column Retractor",Surgical,Neurosurgery.Laminectomy,,
600e4463-3f01-4263-8d85-7c1a63647352,15-645-43,"Blade for Caspar Vertebral Column Retractor",Surgical,Neurosurgery.Laminectomy,,
bcc496ca-6f2e-4dee-a57e-ebf8b086162f,15-645-47,"Blade for Caspar Vertebral Column Retractor",Surgical,Neurosurgery.Laminectomy,,
32bb194b-34f8-4023-8dfa-b18c6a5e2189,15-645-52,"Blade for Caspar Vertebral Column Retractor",Surgical,Neurosurgery.Laminectomy,,
679fb125-6596-4cb5-a5cb-7777e1e8fe83,15-645-57,"Blade for Caspar Vertebral Column Retractor",Surgical,Neurosurgery.Laminectomy,,
a36370bb-dab9-4ec0-9e70-ee8128665cad,15-645-62,"Blade for Caspar Vertebral Column Retractor",Surgical,Neurosurgery.Laminectomy,,
27b75b64-a4db-4507-9a47-3080c7fd4729,15-645-67,"Blade for Caspar Vertebral Column Retractor",Surgical,Neurosurgery.Laminectomy,,
c988eb50-e9ff-4ae0-8061-5be5a12ab59f,15-646-37,"Blade for Caspar Vertebral Column Retractor",Surgical,Neurosurgery.Laminectomy,,
957a9fc3-139c-4543-a691-057396e55c0f,15-646-43,"Blade for Caspar Vertebral Column Retractor",Surgical,Neurosurgery.Laminectomy,,
42b33557-0881-41f6-aa94-59c355843023,15-646-47,"Blade for Caspar Vertebral Column Retractor",Surgical,Neurosurgery.Laminectomy,,
9bee0fe2-e5c2-4a55-a9f1-a9fb1e1ce5a7,15-646-52,"Blade for Caspar Vertebral Column Retractor",Surgical,Neurosurgery.Laminectomy,,
41ccd64f-94e1-4016-a0d7-c0edf7e636a7,15-646-57,"Blade for Caspar Vertebral Column Retractor",Surgical,Neurosurgery.Laminectomy,,
f6ae162f-c35a-4939-a0e9-b14c1b45c953,15-646-62,"Blade for Caspar Vertebral Column Retractor",Surgical,Neurosurgery.Laminectomy,,
6cffcd13-2e99-4c01-81f8-38c9c3dbe461,15-646-67,"Blade for Caspar Vertebral Column Retractor",Surgical,Neurosurgery.Laminectomy,,
6a1d7173-022e-4fc6-aad7-5efca8120676,15-647-01,"Caspar Distractor Similar to (15-647-00) but with elongated toothed bar for (more than 2) distraction",Surgical,Neurosurgery.Laminectomy,,
123ae100-79af-4128-98cc-1dfa20557aab,15-648-14,"Distraction Pin A/B",Surgical,Neurosurgery.Laminectomy,,
3726ef74-87ac-4db6-a673-61c60d42c3b0,15-648-16,"Distraction Pin A/B",Surgical,Neurosurgery.Laminectomy,,
fd0f21b2-508e-4c20-b4a8-ed92ac52fa5d,15-648-18,"Distraction Pin A/B",Surgical,Neurosurgery.Laminectomy,,
d4dce4b1-d05d-4ee5-9358-648b916e7a2e,15-652-01,"Caspar",Surgical,Neurosurgery.Laminectomy,,
1c55b4ed-e582-4753-a9e5-596924409fb3,15-653-14,"Distraction Pin A/B",Surgical,Neurosurgery.Laminectomy,,
f43884ab-51cc-4751-aef7-b98441217130,15-653-16,"Distraction Pin A/B",Surgical,Neurosurgery.Laminectomy,,
02e00f65-09c0-451c-a5f7-55dfac563dc4,15-653-18,"Distraction Pin A/B",Surgical,Neurosurgery.Laminectomy,,
32bb7bae-a6ea-44d7-a6df-71cd4462734c,15-659-10,"Vertebral and Lamina Spreader",Surgical,Neurosurgery.Laminectomy,,
fc2f1136-f876-47f9-a514-ba71d1a180a8,15-666-48,"Blade for Scoville-Haverfield Retractor 4-prongs",Surgical,Neurosurgery.Laminectomy,,
55ca9b20-685d-4720-a44b-9943c74ea242,15-666-63,"Blade for Scoville-Haverfield Retractor 4-prongs",Surgical,Neurosurgery.Laminectomy,,
08b818e8-dc96-4a7f-886e-73c40363ee8c,15-666-66,"Blade for Scoville-Haverfield Retractor 4-prongs",Surgical,Neurosurgery.Laminectomy,,
4086009d-e809-4954-a3e5-63934127d8e6,15-666-82,"Blade for Scoville-Haverfield Retractor 4-prongs",Surgical,Neurosurgery.Laminectomy,,
b81d67cb-6eb7-4d05-9adb-7f5d5f99940c,15-668-75,"Blade for Scoville-Haverfield Retractor",Surgical,Neurosurgery.Laminectomy,,
a7686855-7655-4485-8a88-07568e42a59b,15-669-60,"Williams Retractor",Surgical,Neurosurgery.Laminectomy,,
a357ce0f-7f2e-425b-9288-38a3869e3963,15-669-70,"Williams Retractor",Surgical,Neurosurgery.Laminectomy,,
8f72dd26-93d9-46e9-a106-59d8e366f2cc,15-670-60,"Williams Retractor",Surgical,Neurosurgery.Laminectomy,,
feb0d35d-8647-43d6-ba04-f4f881944003,15-670-70,"Williams Retractor",Surgical,Neurosurgery.Laminectomy,,
19d66f96-7c25-4d42-ba28-278ced4baf89,15-671-60,"Williams Retractor",Surgical,Neurosurgery.Laminectomy,,
b98421db-bfa5-410e-969a-2c34593d999b,15-671-70,"Williams Retractor",Surgical,Neurosurgery.Laminectomy,,
a9fe3b86-9347-4ccf-82d9-0ed75cd32059,15-672-60,"Williams Retractor",Surgical,Neurosurgery.Laminectomy,,
29a0f2f7-f6a7-40c7-835d-9bcecdd94118,15-672-70,"Williams Retractor",Surgical,Neurosurgery.Laminectomy,,
72b53651-7fef-491c-9355-55fc4938d400,15-675-30,"Blade for Cloward-Type Cervical Retractor",Surgical,Neurosurgery.Laminectomy,,
cad08c39-3818-4805-92eb-79e2f57039c3,15-675-35,"Blade for Cloward-Type Cervical Retractor",Surgical,Neurosurgery.Laminectomy,,
0dda78a9-1e15-4b2b-bfa1-e1ae04f882c0,15-675-40,"Blade for Cloward-Type Cervical Retractor",Surgical,Neurosurgery.Laminectomy,,
a91d432f-9828-4702-a6fd-852200a4246e,15-675-45,"Blade for Cloward-Type Cervical Retractor",Surgical,Neurosurgery.Laminectomy,,
b480c40b-8712-4dbd-9564-9e1a486e94cc,15-675-50,"Blade for Cloward-Type Cervical Retractor",Surgical,Neurosurgery.Laminectomy,,
5a2b8168-66ec-45f0-afdc-6a771da5dbd9,15-675-55,"Blade for Cloward-Type Cervical Retractor",Surgical,Neurosurgery.Laminectomy,,
f350553b-2709-4792-b537-ac92e7c18a2e,15-676-30,"Blade for Cloward-Type Cervical Retractor",Surgical,Neurosurgery.Laminectomy,,
0e9f8daf-395c-494b-94c3-73879a847657,15-676-35,"Blade for Cloward-Type Cervical Retractor",Surgical,Neurosurgery.Laminectomy,,
0892c889-f598-4853-ab34-79944f107889,15-676-40,"Blade for Cloward-Type Cervical Retractor",Surgical,Neurosurgery.Laminectomy,,
70088017-30b6-43c9-85c0-a0267edf9392,15-676-45,"Blade for Cloward-Type Cervical Retractor",Surgical,Neurosurgery.Laminectomy,,
ee9ce437-d2ea-4b47-995b-1e73a56bd164,15-676-50,"Blade for Cloward-Type Cervical Retractor",Surgical,Neurosurgery.Laminectomy,,
bd694000-0215-4615-93b6-54d6b9767572,15-676-55,"Blade for Cloward-Type Cervical Retractor",Surgical,Neurosurgery.Laminectomy,,
d50ec2bf-cc4a-4110-a7f5-68d828465a6b,15-677-30,"Cloward-Type Cervical Retractor (Body Only) &#8211; without blades",Surgical,Neurosurgery.Laminectomy,,
6f942408-87e4-4237-8d17-57b8b88fbece,15-678-45,"Exchangeable Blade for Cloward-Type Cervical Retractor",Surgical,Neurosurgery.Laminectomy,,
5fd95619-ffa6-4b51-b422-6ce29a09ed81,15-678-50,"Exchangeable Blade for Cloward-Type Cervical Retractor",Surgical,Neurosurgery.Laminectomy,,
69043f8a-c11e-452a-870d-09049ca57183,15-678-55,"Exchangeable Blade for Cloward-Type Cervical Retractor",Surgical,Neurosurgery.Laminectomy,,
2430a466-13a0-4f74-81c7-4e086068a691,15-678-60,"Exchangeable Blade for Cloward-Type Cervical Retractor",Surgical,Neurosurgery.Laminectomy,,
eee291e0-1f3f-445f-8be4-cc8d33061cce,15-679-45,"Exchangeable Blade for Cloward-Type Cervical Retractor",Surgical,Neurosurgery.Laminectomy,,
854d2c01-d461-48ba-ae14-f4937a340869,15-679-50,"Exchangeable Blade for Cloward-Type Cervical Retractor",Surgical,Neurosurgery.Laminectomy,,
01ae373c-87ce-4925-9adc-b4cc66377228,15-679-55,"Exchangeable Blade for Cloward-Type Cervical Retractor",Surgical,Neurosurgery.Laminectomy,,
55acda8d-e20d-4868-b592-9b86137c6a96,15-679-60,"Exchangeable Blade for Cloward-Type Cervical Retractor",Surgical,Neurosurgery.Laminectomy,,
4a79eecb-85d2-4bf9-9b1a-d30485af93bc,16-124-20,"Lahey Goitre Grasping Forceps",Surgical,Tracheotomy,,
431d4f17-0ecc-4100-9e49-99fe94ec4a1f,16-128-01,"Luer Tracheal Tube",Surgical,Tracheotomy,,
26b74d55-fdc9-4f6a-a261-1871e64a2b8e,16-128-02,"Luer Tracheal Tube",Surgical,Tracheotomy,,
ee1b0c61-05c7-43da-8dba-64e2761cdca3,16-128-03,"Luer Tracheal Tube",Surgical,Tracheotomy,,
2eb1b886-329d-4caa-ae4e-de5db1e64f74,16-128-04,"Luer Tracheal Tube",Surgical,Tracheotomy,,
dafa38db-9f81-4032-8633-d8c2776703de,16-128-05,"Luer Tracheal Tube",Surgical,Tracheotomy,,
d9cc8c3f-4b7e-4941-943d-3cd6c2b2e9a2,16-128-06,"Luer Tracheal Tube",Surgical,Tracheotomy,,
d0391d5f-93ac-4a7b-ae89-22c720e0e7c7,16-128-07,"Luer Tracheal Tube",Surgical,Tracheotomy,,
0de72003-4ce2-465c-8f45-f2c03c663e7f,16-128-08,"Luer Tracheal Tube",Surgical,Tracheotomy,,
f27583b8-9c9f-4c54-96e2-9f93a5faf100,16-128-09,"Luer Tracheal Tube",Surgical,Tracheotomy,,
775f2879-e3c4-4176-988e-739098ff43e6,16-130-01,"Luer Tracheal Tube",Surgical,Tracheotomy,,
e0e35d33-0a01-48f8-8ecf-334468b7036d,16-130-02,"Luer Tracheal Tube",Surgical,Tracheotomy,,
06cbb279-f833-4493-ab1f-4b7f12a02fcc,16-130-03,"Luer Tracheal Tube",Surgical,Tracheotomy,,
34d3242c-3b05-4dd2-a48a-0f9f1e446062,16-130-04,"Luer Tracheal Tube",Surgical,Tracheotomy,,
d48c673d-70f7-432b-b8eb-1528d784aa69,16-130-05,"Luer Tracheal Tube",Surgical,Tracheotomy,,
68eadd5e-20c9-49b0-b2e6-d081990a84bb,16-130-06,"Luer Tracheal Tube",Surgical,Tracheotomy,,
f8fd7ee5-3273-4a73-a90d-57c3665048a1,16-130-07,"Luer Tracheal Tube",Surgical,Tracheotomy,,
03985d41-3285-4802-b3e7-56ad27f94bf3,16-130-08,"Luer Tracheal Tube",Surgical,Tracheotomy,,
faca6dbc-6259-417b-a420-c996281df78f,16-130-09,"Luer Tracheal Tube",Surgical,Tracheotomy,,
d9f1e8ef-e22f-4efa-a35e-60389748821a,16-132-01,"Luer Tracheal Tube",Surgical,Tracheotomy,,
ff6ffeae-6778-4930-8f46-52ee3e304594,16-132-02,"Luer Tracheal Tube",Surgical,Tracheotomy,,
400c5b07-743f-4d27-966d-54b11d623e88,16-132-03,"Luer Tracheal Tube",Surgical,Tracheotomy,,
322e4d03-77d4-46eb-9927-823e321f8b64,16-132-04,"Luer Tracheal Tube",Surgical,Tracheotomy,,
55d33e48-bf69-41e8-a5aa-3be6897764fa,16-132-06,"Luer Tracheal Tube",Surgical,Tracheotomy,,
1f95e9df-e155-4fda-a03b-8b9b37045cf6,16-132-07,"Luer Tracheal Tube",Surgical,Tracheotomy,,
739740d5-53af-4c1b-ac40-5c3a1de1fc6c,16-132-08,"Luer Tracheal Tube",Surgical,Tracheotomy,,
1b6d8bd9-9227-44fa-9724-96d439a2dd00,16-132-09,"Luer Tracheal Tube",Surgical,Tracheotomy,,
9717e869-c1b0-404e-834d-17753b4c56d5,16-134-01,"Luer Tracheal Tube",Surgical,Tracheotomy,,
0393763b-94f5-4fdf-b898-e01282ff10b2,16-134-02,"Luer Tracheal Tube",Surgical,Tracheotomy,,
26d8e5bf-5e10-4994-a16a-d4cb6c97fae6,16-134-03,"Luer Tracheal Tube",Surgical,Tracheotomy,,
e95101b9-ef1c-4db0-ad08-b966362746eb,16-134-04,"Luer Tracheal Tube",Surgical,Tracheotomy,,
5d7a4150-2a41-4bce-8775-b97d089d164d,16-134-05,"Luer Tracheal Tube",Surgical,Tracheotomy,,
08aa912f-d3c8-4f06-ae0f-cc705e590b52,16-134-06,"Luer Tracheal Tube",Surgical,Tracheotomy,,
15aeca68-e2ca-4ecb-ac6b-07f1670c3f28,16-134-07,"Luer Tracheal Tube",Surgical,Tracheotomy,,
8e5f5dee-2423-4ec1-a92e-d55f51351ce6,16-134-08,"Luer Tracheal Tube",Surgical,Tracheotomy,,
adc7f846-73d7-4678-b646-fab1989dda6c,16-134-09,"Luer Tracheal Tube",Surgical,Tracheotomy,,
ac308893-7da6-4c71-84de-a2e2b8a068b9,16-136-01,"Jackson Tracheal Tube",Surgical,Tracheotomy,,
b37449ef-f0ba-4b05-b199-69fb0b6d2f13,16-136-02,"Jackson Tracheal Tube",Surgical,Tracheotomy,,
e29c268f-ec5a-483e-aa5c-332ded5bb970,16-136-03,"Jackson Tracheal Tube",Surgical,Tracheotomy,,
d4cbdc6c-3d1c-4a6d-8a61-7dd4aa59bc4c,16-136-04,"Jackson Tracheal Tube",Surgical,Tracheotomy,,
20882ed8-6ea6-4905-aa30-f6c9df2e14ae,16-136-05,"Jackson Tracheal Tube",Surgical,Tracheotomy,,
225d5710-9da0-445d-b470-15727ac6d722,16-136-06,"Jackson Tracheal Tube",Surgical,Tracheotomy,,
fc6c9587-0e02-4efa-860d-8c0a430d06a6,16-136-07,"Jackson Tracheal Tube",Surgical,Tracheotomy,,
0e610428-ab5d-4721-8cb1-3f343a0afb97,16-136-08,"Jackson Tracheal Tube",Surgical,Tracheotomy,,
b6a5ad85-88ab-46af-9b7a-5706c2450125,16-136-09,"Jackson Tracheal Tube",Surgical,Tracheotomy,,
b29e4c22-2d49-4f82-aac1-cc70e291e96e,16-138-01,"Jackson Tracheal Tube",Surgical,Tracheotomy,,
c1218544-ec64-440e-92b7-1241badbf188,16-138-02,"Jackson Tracheal Tube",Surgical,Tracheotomy,,
77247e2b-dbd4-4c22-b209-1b7441f32248,16-138-03,"Jackson Tracheal Tube",Surgical,Tracheotomy,,
ce974b16-8f25-4154-a9f6-2bf2dafd1a84,16-138-04,"Jackson Tracheal Tube",Surgical,Tracheotomy,,
2a461186-43de-4699-af0b-ba41c0512f04,16-138-05,"Jackson Tracheal Tube",Surgical,Tracheotomy,,
4918b135-9e5f-406a-b813-13485a898844,16-138-06,"Jackson Tracheal Tube",Surgical,Tracheotomy,,
c66b9467-73af-461a-aa95-13f5e66ec98b,16-138-07,"Jackson Tracheal Tube",Surgical,Tracheotomy,,
df1de78f-f5bb-4e75-9e43-b4ea305076fc,16-138-08,"Jackson Tracheal Tube",Surgical,Tracheotomy,,
60616447-359d-42b3-91cb-e5e3ca0321b5,16-138-09,"Jackson Tracheal Tube",Surgical,Tracheotomy,,
12489f34-a150-42d4-9c41-fd4b83e3d890,16-140-01,"Jackson Tracheal Tube",Surgical,Tracheotomy,,
f1b3b023-ac9b-4b45-9f38-9b9dd4251438,16-140-02,"Jackson Tracheal Tube",Surgical,Tracheotomy,,
997a9862-62cb-489d-923c-f8078b50a06d,16-140-03,"Jackson Tracheal Tube",Surgical,Tracheotomy,,
d14f47d1-ffdc-4678-b388-9a1cfb86996c,16-140-04,"Jackson Tracheal Tube",Surgical,Tracheotomy,,
f9ec0376-e6ac-4268-b051-f2ef09e81606,16-140-05,"Jackson Tracheal Tube",Surgical,Tracheotomy,,
f67743af-738a-4f11-8242-3a20d7ebd531,16-140-06,"Jackson Tracheal Tube",Surgical,Tracheotomy,,
0b06809c-d7d5-41cb-b8cb-b1836e395c82,16-140-07,"Jackson Tracheal Tube",Surgical,Tracheotomy,,
88f65081-8af9-47ed-94c3-36062aa8f28e,16-140-08,"Jackson Tracheal Tube",Surgical,Tracheotomy,,
3e355811-fba7-45bf-9c74-c9d71d403b03,16-140-09,"Jackson Tracheal Tube",Surgical,Tracheotomy,,
01026ddf-63f1-4656-80d6-bf3162a65d55,16-142-01,"Jackson Tracheal Tube",Surgical,Tracheotomy,,
685d4fb7-a76f-4bba-90cf-5f954830e6ea,16-142-02,"Jackson Tracheal Tube",Surgical,Tracheotomy,,
0cbed6ed-1dae-4e78-8378-f4ab14e1b989,16-142-03,"Jackson Tracheal Tube",Surgical,Tracheotomy,,
0709ae41-88f8-4643-97d7-4ccda8a53532,16-142-04,"Jackson Tracheal Tube",Surgical,Tracheotomy,,
dfd6720c-77e6-4923-a91c-abcf159631f5,16-142-05,"Jackson Tracheal Tube",Surgical,Tracheotomy,,
f8b9d0ba-6571-41d2-9aa0-c239723735d0,16-142-06,"Jackson Tracheal Tube",Surgical,Tracheotomy,,
1cc84e82-088d-4f9d-abfa-31324cb8e45b,16-142-07,"Jackson Tracheal Tube",Surgical,Tracheotomy,,
668a7102-2ef3-4836-9589-a9942c591d95,16-142-08,"Jackson Tracheal Tube",Surgical,Tracheotomy,,
471bf8b8-5e38-4d65-9fe0-2464e602cf69,16-142-09,"Jackson Tracheal Tube",Surgical,Tracheotomy,,
da380eca-5e6f-4f63-a41a-bda71aa9e8a1,16-144-01,"Chevalier-Jackson Tracheal Tube",Surgical,Tracheotomy,,
252e9f65-fd4c-4770-a442-25f402359793,16-144-02,"Chevalier-Jackson Tracheal Tube",Surgical,Tracheotomy,,
b7a7569a-5bd1-45db-8aac-dbe8cfdc900a,16-144-03,"Chevalier-Jackson Tracheal Tube",Surgical,Tracheotomy,,
ee5eff1d-82ec-4387-b440-193f359abfc7,16-144-04,"Chevalier-Jackson Tracheal Tube",Surgical,Tracheotomy,,
5ffdcc09-ff58-41e0-980c-e012c55aba40,16-144-05,"Chevalier-Jackson Tracheal Tube",Surgical,Tracheotomy,,
ea8ff01e-4d33-4eec-b9a5-2ed359a6d56a,16-144-06,"Chevalier-Jackson Tracheal Tube",Surgical,Tracheotomy,,
f57a7a02-6bb6-44f0-920a-2d3cc18687af,16-144-07,"Chevalier-Jackson Tracheal Tube",Surgical,Tracheotomy,,
846494fb-3aa0-450f-bcf3-3ebe8bc2806a,16-144-08,"Chevalier-Jackson Tracheal Tube",Surgical,Tracheotomy,,
fa0e7035-0903-48ce-ab85-34df7e82e33e,16-144-09,"Chevalier-Jackson Tracheal Tube",Surgical,Tracheotomy,,
8cac463c-4d1f-4976-b0cf-dd278c51c66d,16-144-10,"Chevalier-Jackson Tracheal Tube",Surgical,Tracheotomy,,
a75d3574-a370-4c63-8bc5-8fb592eb2c0b,16-146-01,"Chevalier-Jackson Tracheal Tube",Surgical,Tracheotomy,,
83216eb6-b6ab-4805-9fa6-0f0e28b2db52,16-146-02,"Chevalier-Jackson Tracheal Tube",Surgical,Tracheotomy,,
786eaf10-e5d2-40c2-a45b-588cd8cdd742,16-146-03,"Chevalier-Jackson Tracheal Tube",Surgical,Tracheotomy,,
53bab011-289b-45f9-91e6-7a5d3717b18c,16-146-04,"Chevalier-Jackson Tracheal Tube",Surgical,Tracheotomy,,
bb767239-e371-4b28-ab93-35087e7e74a4,16-146-05,"Chevalier-Jackson Tracheal Tube",Surgical,Tracheotomy,,
1e480a2e-fa43-483a-8815-515b1d4b2f2d,16-146-06,"Chevalier-Jackson Tracheal Tube",Surgical,Tracheotomy,,
902f12ce-6869-44d2-b70c-523490aa0711,16-146-07,"Chevalier-Jackson Tracheal Tube",Surgical,Tracheotomy,,
858fd4d2-5f4a-4cdc-b694-3e79fdaabbf4,16-146-08,"Chevalier-Jackson Tracheal Tube",Surgical,Tracheotomy,,
1936cfb0-a042-44f3-a7c0-3e755010e05e,16-146-09,"Chevalier-Jackson Tracheal Tube",Surgical,Tracheotomy,,
f3cbf8d6-5d29-450c-8cac-f266afc10658,16-146-10,"Chevalier-Jackson Tracheal Tube",Surgical,Tracheotomy,,
9277f7ca-c931-4ba5-a71d-e7e322aad2f1,16-148-01,"Chevalier-Jackson Tracheal Tube",Surgical,Tracheotomy,,
ebfee6eb-9212-4170-bfca-ad2d1a4dd2c2,16-148-02,"Chevalier-Jackson Tracheal Tube",Surgical,Tracheotomy,,
8f36baf2-4f32-4686-b884-0ed9370e26c6,16-148-03,"Chevalier-Jackson Tracheal Tube",Surgical,Tracheotomy,,
ade91a78-8061-4e3c-aa0f-67619fbfb8cb,16-148-04,"Chevalier-Jackson Tracheal Tube",Surgical,Tracheotomy,,
a0fdf578-2495-4e2c-b7b5-b74b480c7e97,16-148-05,"Chevalier-Jackson Tracheal Tube",Surgical,Tracheotomy,,
09fd1cce-aa67-4527-ade7-68cb09f6e33d,16-148-06,"Chevalier-Jackson Tracheal Tube",Surgical,Tracheotomy,,
ec744d8e-e456-4c1b-b754-97e9ce24f096,16-148-07,"Chevalier-Jackson Tracheal Tube",Surgical,Tracheotomy,,
b7410cc1-7242-4156-beed-e3927971e201,16-148-08,"Chevalier-Jackson Tracheal Tube",Surgical,Tracheotomy,,
099eb914-3180-4ddd-bb87-f3c30d54e296,16-148-09,"Chevalier-Jackson Tracheal Tube",Surgical,Tracheotomy,,
828d9db8-6567-4264-8bf6-4360afb7606a,16-148-10,"Chevalier-Jackson Tracheal Tube",Surgical,Tracheotomy,,
2ade3409-192a-4fb0-ad18-6463ea8fdabb,16-150-01,"Chevalier-Jackson Tracheal Tube",Surgical,Tracheotomy,,
b128f969-9eac-4600-adbe-179edb8a52ad,16-150-02,"Chevalier-Jackson Tracheal Tube",Surgical,Tracheotomy,,
d4e6bfd4-0c68-4339-bb22-47b408e53b89,16-150-03,"Chevalier-Jackson Tracheal Tube",Surgical,Tracheotomy,,
c02d807b-0c32-497e-be1e-a458afc39825,16-150-04,"Chevalier-Jackson Tracheal Tube",Surgical,Tracheotomy,,
16551948-25e1-4125-b303-30aef2bd71dd,16-150-05,"Chevalier-Jackson Tracheal Tube",Surgical,Tracheotomy,,
48643682-b45a-4055-99f6-cfef04937645,16-150-06,"Chevalier-Jackson Tracheal Tube",Surgical,Tracheotomy,,
aeff5560-e8b9-4807-8b0d-64373358df7f,16-150-07,"Chevalier-Jackson Tracheal Tube",Surgical,Tracheotomy,,
5c2a1f28-84bc-4c67-bf34-9c61e9487d3f,16-150-08,"Chevalier-Jackson Tracheal Tube",Surgical,Tracheotomy,,
0db9e7ae-b3e7-4173-9270-6d745e096516,16-150-09,"Chevalier-Jackson Tracheal Tube",Surgical,Tracheotomy,,
5987248d-de77-49c4-8140-ecb48ce086cc,16-150-10,"Chevalier-Jackson Tracheal Tube",Surgical,Tracheotomy,,
f6f8e22e-967e-4974-b748-a2b6855c7da9,17-116-04,"Dermal punch",Surgical,Dermatology,,
83183bd7-9780-42de-ad3c-0240b975e7ef,17-116-06,"Dermal punch",Surgical,Dermatology,,
941c55f6-1103-4d61-8363-5094a0b0736a,17-116-08,"Dermal punch",Surgical,Dermatology,,
3d7e88c7-6ada-45fc-9a6c-83f80bd582f9,17-116-10,"Dermal punch",Surgical,Dermatology,,
86857b09-ae73-4c9c-94ca-246c01e7ed44,17-116-12,"Dermal punch",Surgical,Dermatology,,
b5a11a3e-bb16-4b4a-9f86-378d475d2943,17-118-03,"Keyes Dermal punch",Surgical,Dermatology,,
128813ae-7fd8-4006-b944-f641587f68fc,17-118-04,"Keyes Dermal punch",Surgical,Dermatology,,
2bf7c834-99a4-46b5-94a5-951ed343b8ec,17-118-05,"Keyes Dermal punch",Surgical,Dermatology,,
02e56952-7a22-48ff-8ff8-2f0838259306,17-118-06,"Keyes Dermal punch",Surgical,Dermatology,,
d668b4c2-9090-4264-a514-846c70dfd088,17-118-07,"Keyes Dermal punch",Surgical,Dermatology,,
fd0491ff-46f7-4c9e-9a0d-de9d8fa6cc3c,17-118-08,"Keyes Dermal punch",Surgical,Dermatology,,
e902b98d-5a0f-4d2c-92e0-822da914fbb4,17-122-18,"Unna Comedone Extractor",Surgical,Dermatology,,
535a5d08-2913-491b-aeab-df5aef3fceae,17-152-18,"Kaye Face-Lift Scissors",Surgical,Dermatology,,
d8965fb5-7f7d-40ea-88c5-f3489e2a3479,18-100-13,"Allis-Baby Intestinal Forceps",Surgical,Stomach.Intestines.Rectum,,
b6ff5d6e-4f34-43fe-9c9e-6b8d962617a7,18-102-15,"Allis Intestinal Forceps",Surgical,Stomach.Intestines.Rectum,,
1b1866b3-cb97-4b7a-82d6-3692b390d0b0,18-104-18,"Allis Intestinal Forceps",Surgical,Stomach.Intestines.Rectum,,
aad2f1e9-f972-4bad-b091-a1b368592d6c,18-104-19,"Allis Intestinal Forceps",Surgical,Stomach.Intestines.Rectum,,
91391da3-6490-417b-96dd-a5832bd39009,18-104-20,"Allis Intestinal Forceps",Surgical,Stomach.Intestines.Rectum,,
01e9d144-d321-4fea-b69b-861a920ba366,18-104-25,"Allis Intestinal Forceps",Surgical,Stomach.Intestines.Rectum,,
e10c66c3-3346-4804-b7dd-93a8451a2abf,18-106-20,"Allis Intestinal Forceps",Surgical,Stomach.Intestines.Rectum,,
80dc9c34-2e23-4efe-81aa-1421ad2c5044,18-106-24,"Allis Intestinal Forceps",Surgical,Stomach.Intestines.Rectum,,
22c3d0e7-a454-4aa5-9edc-df182621681e,18-106-30,"Allis Intestinal Forceps",Surgical,Stomach.Intestines.Rectum,,
3af8f963-48f6-4d7d-a687-6d297cc65cd1,18-112-19,"Judd-Allis Forceps",Surgical,Stomach.Intestines.Rectum,,
a1d3bb6d-0c26-440f-8ed0-ad9ed9b357d2,18-120-17,"Babcock Intestinal Forceps",Surgical,Stomach.Intestines.Rectum,,
5778baa2-d4cb-46a2-98d1-e2bc1e1ab73a,18-120-20,"Babcock Intestinal Forceps",Surgical,Stomach.Intestines.Rectum,,
1d625f99-ad37-4ffe-aa9c-babba76281ad,18-120-21,"Babcock Intestinal Forceps",Surgical,Stomach.Intestines.Rectum,,
c6bf4b92-2264-45ea-bbc0-5942dff510a7,18-120-23,"Babcock Intestinal Forceps",Surgical,Stomach.Intestines.Rectum,,
9ec7f58e-fd72-4f48-9683-0f1487c2a1eb,18-120-24,"Babcock Intestinal Forceps",Surgical,Stomach.Intestines.Rectum,,
acb798a0-c47b-4949-a254-42accda8a2e2,18-120-26,"Babcock Intestinal Forceps",Surgical,Stomach.Intestines.Rectum,,
b5a7fc65-29e7-49f1-be64-1f4a08da1a38,18-122-21,"Babcock Intestinal Forceps",Surgical,Stomach.Intestines.Rectum,,
0c84670d-17f8-4af5-b059-12d4a6273f37,18-124-21,"Babcock Intestinal Forceps",Surgical,Stomach.Intestines.Rectum,,
9c9af2ac-20ca-4dd1-968b-e0e482e064e3,18-128-15,"Lane Tissue Forceps",Surgical,Stomach.Intestines.Rectum,,
3356abfd-9bbb-4510-bd0c-72b1b6cc7fb0,18-132-20,"Duval Forceps",Surgical,Stomach.Intestines.Rectum,,
13dae865-3e39-4c1f-b6dd-88718135ea98,18-134-23,"Duval Forceps",Surgical,Stomach.Intestines.Rectum,,
4fd9291d-855f-4967-ae1f-86c134775bb6,18-136-20,"Duval Intestinal Grasping Forceps",Surgical,Stomach.Intestines.Rectum,,
ccfd5800-6a83-4fb8-92b1-949c866cafbb,18-138-23,"Collin Intestinal Grasping Forceps",Surgical,Stomach.Intestines.Rectum,,
83183218-7c8d-452a-a2a9-e4892a456f71,18-140-18,"Doyen-Baby Intestinal Clamp",Surgical,Stomach.Intestines.Rectum,,
5d4719ce-bb2b-4a06-b0b2-8dd6cbdc7818,18-142-17,"Doyen-Baby Intestinal Clamp",Surgical,Stomach.Intestines.Rectum,,
e4a3bc5e-52f0-458c-bf36-1b5bcb63e190,18-144-23,"Doyen Intestinal Clamp",Surgical,Stomach.Intestines.Rectum,,
8c2274b7-61df-4d9e-b4cf-17702c76799a,18-144-25,"Doyen Intestinal Clamp",Surgical,Stomach.Intestines.Rectum,,
6aa30cc2-2dcb-481b-afa4-66a7b4f20a24,18-146-23,"Doyen Intestinal Clamp",Surgical,Stomach.Intestines.Rectum,,
adc77ff6-6bda-463b-9d92-95756a887477,18-146-25,"Doyen Intestinal Clamp",Surgical,Stomach.Intestines.Rectum,,
325f8097-b494-4602-96ed-26670efce1b7,18-148-23,"Mayo-Robson Intestinal Clamp",Surgical,Stomach.Intestines.Rectum,,
e27f0bd3-8cbe-40f0-a039-54cf13c38d2b,18-150-23,"Mayo-Robson Intestinal Clamp",Surgical,Stomach.Intestines.Rectum,,
fef51f83-d53e-41b4-a4c7-848aa686a165,18-164-25,"Kocher Intestinal Clamp",Surgical,Stomach.Intestines.Rectum,,
dc766f26-0828-4659-a6d5-93c78a921514,18-164-28,"Kocher Intestinal Clamp",Surgical,Stomach.Intestines.Rectum,,
b8565ccc-07ed-4e43-ac57-dafdd126f985,18-166-25,"Kocher Intestinal Clamp",Surgical,Stomach.Intestines.Rectum,,
65a54310-0c61-46ed-aa1d-4e8f9001cd7b,18-166-27,"Kocher Intestinal Clamp",Surgical,Stomach.Intestines.Rectum,,
0b8c5553-7ccf-43b0-8268-a2315a0c8430,18-184-06,"De Martel-Wolfson Intestinal Anastomosis Clamp",Surgical,Stomach.Intestines.Rectum,,
86bc3c9e-b54e-4a83-b6af-b337aec02ce1,18-184-08,"De Martel-Wolfson Intestinal Anastomosis Clamp",Surgical,Stomach.Intestines.Rectum,,
b69c0312-efcf-4ca1-b81c-bfbcb270e265,18-184-10,"De Martel-Wolfson Intestinal Anastomosis Clamp",Surgical,Stomach.Intestines.Rectum,,
8c8ac517-e637-46ce-88da-9ecffb2db489,18-186-25,"De Martel-Wolfson Closing Forceps",Surgical,Stomach.Intestines.Rectum,,
1c3269cb-bbca-4c4b-98fd-038f7e2ab245,18-188-23,"De Martel-Wolfson Clamp holder",Surgical,Stomach.Intestines.Rectum,,
2162894e-b650-4624-8359-173e28252309,18-192-11,"Stone-Watt Intestinal Anastomosis Clamp",Surgical,Stomach.Intestines.Rectum,,
80c37ba8-a00b-4b93-a112-4afcac0aa7b4,18-204-20,"Scheibe Organ Grasping Forceps",Surgical,Stomach.Intestines.Rectum,,
1fd15aa0-7acc-4c95-a4e7-50e1fda4d8fe,18-204-23,"Scheibe Organ Grasping Forceps",Surgical,Stomach.Intestines.Rectum,,
19954eb5-78a1-4c54-bd05-0295bb7b5b56,18-206-17,"Doyen-Baby Intestinal Clamp",Surgical,Stomach.Intestines.Rectum,,
98ebcb76-f798-4072-898d-5a58e0586911,18-206-18,"Doyen-Baby Intestinal Clamp",Surgical,Stomach.Intestines.Rectum,,
111ebed7-1863-43dd-be87-00a189da7b12,18-206-21,"Doyen-Baby Intestinal Clamp",Surgical,Stomach.Intestines.Rectum,,
b4fb3a6d-519c-4dbe-b9a5-703629b056a2,18-206-23,"Doyen-Baby Intestinal Clamp",Surgical,Stomach.Intestines.Rectum,,
a8c58c99-6cd7-46ce-946e-cbfc7057a167,18-208-17,"Doyen-Baby Intestinal Clamp",Surgical,Stomach.Intestines.Rectum,,
4adc0bce-7fbe-4b68-adad-80e373065c26,18-208-18,"Doyen-Baby Intestinal Clamp",Surgical,Stomach.Intestines.Rectum,,
76aa7e1b-5388-462e-bc4c-d79eabd38473,18-208-21,"Doyen-Baby Intestinal Clamp",Surgical,Stomach.Intestines.Rectum,,
7613a09f-a117-40ed-a4eb-daacd2b44eac,18-208-23,"Doyen-Baby Intestinal Clamp",Surgical,Stomach.Intestines.Rectum,,
d76adc81-fcc5-4a3e-9289-2e1b43d1009a,18-214-25,"Kocher Intestinal Clamp",Surgical,Stomach.Intestines.Rectum,,
a78161a5-d198-4c3c-aefd-aa5d8f5e301b,18-214-28,"Kocher Intestinal Clamp",Surgical,Stomach.Intestines.Rectum,,
739eb143-21bc-45cb-8987-9a555e19865a,18-216-25,"Kocher Intestinal Clamp",Surgical,Stomach.Intestines.Rectum,,
3990b7e3-32cb-47ba-a469-f72bc750fb98,18-216-27,"Kocher Intestinal Clamp",Surgical,Stomach.Intestines.Rectum,,
6e895fa3-21ab-4442-a8d7-bbd49830dda0,18-240-28,"Hayes Sigmoid Anastomosis Forceps",Surgical,Stomach.Intestines.Rectum,,
4062a26a-f330-4821-b367-d603e0788459,18-252-25,"Dick Pressure Clamp",Surgical,Stomach.Intestines.Rectum,,
1c813533-f776-4fa9-9971-b0c2c22cab30,18-252-26,"Dick Pressure Clamp",Surgical,Stomach.Intestines.Rectum,,
f0075893-0aa3-4c93-83b5-5d3bea3071bf,18-252-27,"Dick Pressure Clamp",Surgical,Stomach.Intestines.Rectum,,
4fe3fe64-d541-4fd5-ab52-9dac1310784e,18-268-25,"Mixter Multi-Purpose Clamp",Surgical,Stomach.Intestines.Rectum,,
8d70c259-9170-4b62-a919-48aad75f900e,18-282-08,"Schulze-Bergmann Rectal Speculum",Surgical,Stomach.Intestines.Rectum,,
d43b188e-8bc4-44d9-9012-e2c03ad64908,18-282-12,"Schulze-Bergmann Rectal Speculum",Surgical,Stomach.Intestines.Rectum,,
082c67f3-ad67-4d93-8d90-d906896d7b2c,18-310-50,"Alan-Parks Rectal Spreader",Surgical,Stomach.Intestines.Rectum,,
127447c7-75e9-49d6-a2a4-3d509405f5eb,18-310-52,"F.O. light carrier",Surgical,Stomach.Intestines.Rectum,,
f752dae2-71ad-4534-a8ff-4f2d43b12d4b,18-310-92,"Wing nut for Alan-Parks Rectal Spreader ref. 18-310-00 &#038; 18-310-50",Surgical,Stomach.Intestines.Rectum,,
f86d56ec-d978-4213-88b5-50e56ff3fdf6,18-310-94,"Pair of lateral blades",Surgical,Stomach.Intestines.Rectum,,
b0b430e5-9351-49d5-a703-1d5c892cb8b2,18-310-96,"Pair of lateral blades",Surgical,Stomach.Intestines.Rectum,,
d359fe50-5400-4355-87b5-775c5b7c1ecd,18-310-98,"Central blades",Surgical,Stomach.Intestines.Rectum,,
02866369-bcc3-46f7-afd3-2ccdbd2bc6f0,18-324-25,"Rubber rings",Surgical,Stomach.Intestines.Rectum,,
10f3adae-e075-4a92-b415-c6f5bc0be0e5,18-324-26,"Loading Cone for Hemorrhoidal ligators",Surgical,Stomach.Intestines.Rectum,,
7adc21ea-8586-46fb-bc7d-828e89b27635,18-324-27,"Rudd Hemorrhoidal ligators",Surgical,Stomach.Intestines.Rectum,,
e8d05fa4-926a-4192-8a5a-2f63a4bad379,18-358-40,"Rectal Biopsy Forceps",Surgical,Stomach.Intestines.Rectum,,
afe603e6-10aa-4894-a329-e799b963e16b,19-102-24,"Randall Kidney Stone Forceps",Surgical,Liver.GallBladde.KidneyandUrology,,
40614ede-0f36-447f-b1e8-7924223402ee,19-104-17,"Heiming Kidney Stone Forceps",Surgical,Liver.GallBladde.KidneyandUrology,,
03822010-5e0f-483e-bbbb-f5bbe923e04e,19-172-50,"Millin Bladder Retractor",Surgical,Liver.GallBladde.KidneyandUrology,,
dbec005b-e403-4a38-bfd4-11110394e0bf,19-172-51,"Fiber Optic Light Carrier",Surgical,Liver.GallBladde.KidneyandUrology,,
6bcc4bf9-3d0f-498d-9c43-19c0d2e52dbf,19-172-52,"Central Blade",Surgical,Liver.GallBladde.KidneyandUrology,,
c0c8b4ab-be4a-445b-9921-285aaaa8770d,19-172-91,"Lateral blades",Surgical,Liver.GallBladde.KidneyandUrology,,
aa183614-5c79-426a-a85f-d3dd086ec8e0,19-172-92,"Lateral blades",Surgical,Liver.GallBladde.KidneyandUrology,,
6596977a-a0f4-4a35-a2b7-5426233177ba,19-174-08,"Van Buren Urethral Sound",Surgical,Liver.GallBladde.KidneyandUrology,,
b6efd9f0-a947-4340-b43b-2119f14762a6,19-174-10,"Van Buren Urethral Sound",Surgical,Liver.GallBladde.KidneyandUrology,,
e38de703-8a28-4e5e-b4d5-4940bff4c616,19-174-12,"Van Buren Urethral Sound",Surgical,Liver.GallBladde.KidneyandUrology,,
6c70b804-c992-4aca-98e7-82ead90474b0,19-174-14,"Van Buren Urethral Sound",Surgical,Liver.GallBladde.KidneyandUrology,,
1b588266-40db-4b14-866b-5979d1981e5f,19-174-16,"Van Buren Urethral Sound",Surgical,Liver.GallBladde.KidneyandUrology,,
28a15473-b07f-4035-b0d3-77776e20fede,19-174-18,"Van Buren Urethral Sound",Surgical,Liver.GallBladde.KidneyandUrology,,
26a24632-b0da-40ae-8526-474f892bccdc,19-174-20,"Van Buren Urethral Sound",Surgical,Liver.GallBladde.KidneyandUrology,,
053d7bc1-7a22-404d-8a0d-45be106b56a4,19-174-22,"Van Buren Urethral Sound",Surgical,Liver.GallBladde.KidneyandUrology,,
5597ea2f-c0fb-477f-971e-066dc6cf2c47,19-174-24,"Van Buren Urethral Sound",Surgical,Liver.GallBladde.KidneyandUrology,,
2fdab067-e0dd-4a49-88c3-f28a69acb7d2,19-174-26,"Van Buren Urethral Sound",Surgical,Liver.GallBladde.KidneyandUrology,,
cd3cafb9-923a-4b06-9e22-ae8effe066f9,19-174-28,"Van Buren Urethral Sound",Surgical,Liver.GallBladde.KidneyandUrology,,
ce8820cd-2822-4b8e-b73f-5c3288fe78ab,19-174-30,"Van Buren Urethral Sound",Surgical,Liver.GallBladde.KidneyandUrology,,
d97c80a0-e4fb-43b5-b9aa-2152436c2a48,19-174-32,"Van Buren Urethral Sound",Surgical,Liver.GallBladde.KidneyandUrology,,
908a30ff-bc08-41aa-8dde-7a4182c450b5,19-174-34,"Van Buren Urethral Sound",Surgical,Liver.GallBladde.KidneyandUrology,,
9335a1ae-cc52-42a6-93cb-73510d9aba38,19-174-36,"Van Buren Urethral Sound",Surgical,Liver.GallBladde.KidneyandUrology,,
022dba6b-e354-46bc-b236-5bbc6c7f3ba8,19-176-10,"Guyon Urethral Sound",Surgical,Liver.GallBladde.KidneyandUrology,,
830424b8-b8ed-4475-adef-c645dc82c3c0,19-176-11,"Guyon Urethral Sound",Surgical,Liver.GallBladde.KidneyandUrology,,
9142107f-0bed-46ba-b3d1-feecfb437a69,19-176-12,"Guyon Urethral Sound",Surgical,Liver.GallBladde.KidneyandUrology,,
fc3a40ff-7671-484a-9d7b-1106cd184679,19-176-13,"Guyon Urethral Sound",Surgical,Liver.GallBladde.KidneyandUrology,,
8cb50607-8b97-424a-8656-579400745962,19-176-14,"Guyon Urethral Sound",Surgical,Liver.GallBladde.KidneyandUrology,,
a6bcaca6-e9ca-4166-856f-75739d5b7211,19-176-15,"Guyon Urethral Sound",Surgical,Liver.GallBladde.KidneyandUrology,,
b6c455d4-31e7-4563-9339-4648e7fb8d57,19-176-16,"Guyon Urethral Sound",Surgical,Liver.GallBladde.KidneyandUrology,,
eec60286-ab68-486b-93dc-fbd088f2e2e0,19-176-17,"Guyon Urethral Sound",Surgical,Liver.GallBladde.KidneyandUrology,,
5ccdf90b-91f7-456a-bcbc-e1ea859fd748,19-176-18,"Guyon Urethral Sound",Surgical,Liver.GallBladde.KidneyandUrology,,
3c004431-ae5f-4161-aa10-72fe1b94405e,19-176-19,"Guyon Urethral Sound",Surgical,Liver.GallBladde.KidneyandUrology,,
741c1814-c9a7-47e7-9fec-7d0b4dadf97a,19-176-20,"Guyon Urethral Sound",Surgical,Liver.GallBladde.KidneyandUrology,,
fdf16366-cbba-44a0-92a6-916497444daa,19-176-21,"Guyon Urethral Sound",Surgical,Liver.GallBladde.KidneyandUrology,,
b4062655-1632-49e4-80f6-e8744e17c870,19-176-22,"Guyon Urethral Sound",Surgical,Liver.GallBladde.KidneyandUrology,,
4ffa0d3d-4482-4444-9e56-204ea716a678,19-176-23,"Guyon Urethral Sound",Surgical,Liver.GallBladde.KidneyandUrology,,
dcac0a48-7553-4400-9637-1e5c1a6b6bce,19-176-24,"Guyon Urethral Sound",Surgical,Liver.GallBladde.KidneyandUrology,,
a6128dd6-bf1b-43d8-ae43-482481245e8d,19-176-25,"Guyon Urethral Sound",Surgical,Liver.GallBladde.KidneyandUrology,,
d497da7b-f84b-4b7d-9235-77ce272a05f2,19-176-26,"Guyon Urethral Sound",Surgical,Liver.GallBladde.KidneyandUrology,,
f2b1f235-c8e5-4a6a-85a7-bc1b9d873333,19-176-27,"Guyon Urethral Sound",Surgical,Liver.GallBladde.KidneyandUrology,,
deca7380-0837-435c-b694-43c65a8a7b42,19-176-28,"Guyon Urethral Sound",Surgical,Liver.GallBladde.KidneyandUrology,,
b0ec82dc-b8e1-49b7-b487-37c920e60ed6,19-176-29,"Guyon Urethral Sound",Surgical,Liver.GallBladde.KidneyandUrology,,
7e4240ef-7368-408f-a041-6719ca4a18f4,19-176-30,"Guyon Urethral Sound",Surgical,Liver.GallBladde.KidneyandUrology,,
d3971998-9205-41d1-99eb-f2a355502c1f,19-178-24,"Guyon Urethral bougies and dilating sounds",Surgical,Liver.GallBladde.KidneyandUrology,,
1eafed5f-1523-4a0b-a6a5-bb289a8def2d,19-178-26,"Guyon Urethral bougies and dilating sounds",Surgical,Liver.GallBladde.KidneyandUrology,,
531d15aa-4e59-47e9-8924-ec36b3a36f80,19-178-28,"Guyon Urethral bougies and dilating sounds",Surgical,Liver.GallBladde.KidneyandUrology,,
f7cdc12c-4aaf-4518-b6e3-33a583acc962,19-178-30,"Guyon Urethral bougies and dilating sounds",Surgical,Liver.GallBladde.KidneyandUrology,,
7a0d7fd5-1060-4160-8f60-2cf39871b63f,19-178-32,"Guyon Urethral bougies and dilating sounds",Surgical,Liver.GallBladde.KidneyandUrology,,
0ef1345e-6975-4f72-ab56-612807e3773f,19-178-34,"Guyon Urethral bougies and dilating sounds",Surgical,Liver.GallBladde.KidneyandUrology,,
f6f809e3-cbbf-4a69-b9a1-3c5a4e40ac61,19-178-36,"Guyon Urethral bougies and dilating sounds",Surgical,Liver.GallBladde.KidneyandUrology,,
cf50dd65-3091-401b-ae82-38998e2ea069,19-178-38,"Guyon Urethral bougies and dilating sounds",Surgical,Liver.GallBladde.KidneyandUrology,,
10cb420f-8928-42cf-bfae-0c2a175afa9f,19-178-40,"Guyon Urethral bougies and dilating sounds",Surgical,Liver.GallBladde.KidneyandUrology,,
02254cec-b013-4800-a811-d3a6262d7ced,19-178-42,"Guyon Urethral bougies and dilating sounds",Surgical,Liver.GallBladde.KidneyandUrology,,
b08640d2-f08a-48a3-81f4-868480c77d32,19-178-44,"Guyon Urethral bougies and dilating sounds",Surgical,Liver.GallBladde.KidneyandUrology,,
2e126ce1-daa3-44f1-bd89-2c6d165444b3,19-178-46,"Guyon Urethral bougies and dilating sounds",Surgical,Liver.GallBladde.KidneyandUrology,,
3f150020-7a4a-4edc-bd18-cb3faa808fc0,19-178-48,"Guyon Urethral bougies and dilating sounds",Surgical,Liver.GallBladde.KidneyandUrology,,
37c953dd-4cc4-402d-a762-6ba308723f96,19-178-50,"Guyon Urethral bougies and dilating sounds",Surgical,Liver.GallBladde.KidneyandUrology,,
38b4083b-2b14-4258-8d0f-5ae328c3e54a,19-178-52,"Guyon Urethral bougies and dilating sounds",Surgical,Liver.GallBladde.KidneyandUrology,,
17fc2f5e-40d8-41c8-9355-bcd561091878,19-178-54,"Guyon Urethral bougies and dilating sounds",Surgical,Liver.GallBladde.KidneyandUrology,,
c28810b0-c2f9-4a4f-966e-bdfa0c54abe1,19-178-56,"Guyon Urethral bougies and dilating sounds",Surgical,Liver.GallBladde.KidneyandUrology,,
8050e4f5-dbff-4571-bf82-ed4700506924,19-178-58,"Guyon Urethral bougies and dilating sounds",Surgical,Liver.GallBladde.KidneyandUrology,,
813265c0-f46b-45b9-8b59-cf282d061b26,19-178-60,"Guyon Urethral bougies and dilating sounds",Surgical,Liver.GallBladde.KidneyandUrology,,
2113ab8c-939c-4ac0-9818-732369141cc0,19-180-08,"Dittel Urethral bougies and dilating sound",Surgical,Liver.GallBladde.KidneyandUrology,,
3cf7c6f0-0ab0-4fc8-8748-e1c002e5b5dd,19-180-09,"Dittel Urethral bougies and dilating sound",Surgical,Liver.GallBladde.KidneyandUrology,,
cdb6de6e-841e-439c-b7b7-054c3173a512,19-180-10,"Dittel Urethral bougies and dilating sound",Surgical,Liver.GallBladde.KidneyandUrology,,
11770102-3e11-4bd9-8fdc-ab9530627b5c,19-180-11,"Dittel Urethral bougies and dilating sound",Surgical,Liver.GallBladde.KidneyandUrology,,
a4d7389f-6bea-45b1-b54c-91f35af140f1,19-180-12,"Dittel Urethral bougies and dilating sound",Surgical,Liver.GallBladde.KidneyandUrology,,
31d034c4-92ca-4229-bd23-abd899a48dae,19-180-13,"Dittel Urethral bougies and dilating sound",Surgical,Liver.GallBladde.KidneyandUrology,,
16339ddc-a51e-47fa-81b9-33cbb9abbc82,19-180-14,"Dittel Urethral bougies and dilating sound",Surgical,Liver.GallBladde.KidneyandUrology,,
8888fc8a-7f58-41b9-891e-6380a308c7b4,19-180-15,"Dittel Urethral bougies and dilating sound",Surgical,Liver.GallBladde.KidneyandUrology,,
1ff8042a-de66-41ce-b3bd-6278e0344f2b,19-180-16,"Dittel Urethral bougies and dilating sound",Surgical,Liver.GallBladde.KidneyandUrology,,
6eac946b-ea8b-4abb-aee8-aa088e76b3c4,19-180-17,"Dittel Urethral bougies and dilating sound",Surgical,Liver.GallBladde.KidneyandUrology,,
33fa556c-5fb8-4159-b59e-19f722f8851a,19-180-18,"Dittel Urethral bougies and dilating sound",Surgical,Liver.GallBladde.KidneyandUrology,,
4f33aa51-76d9-4787-aa71-d604bbebbe4a,19-180-19,"Dittel Urethral bougies and dilating sound",Surgical,Liver.GallBladde.KidneyandUrology,,
899c5d6e-3eb9-45a3-9bb4-06c34f504220,19-180-20,"Dittel Urethral bougies and dilating sound",Surgical,Liver.GallBladde.KidneyandUrology,,
78e360b0-d83b-4854-be52-20cb96e14873,19-180-21,"Dittel Urethral bougies and dilating sound",Surgical,Liver.GallBladde.KidneyandUrology,,
8b9e40f7-eb5f-43f5-bbc3-90873b726a2e,19-180-22,"Dittel Urethral bougies and dilating sound",Surgical,Liver.GallBladde.KidneyandUrology,,
56c1cf30-9cc2-49b5-8a53-0c4a482e4280,19-180-23,"Dittel Urethral bougies and dilating sound",Surgical,Liver.GallBladde.KidneyandUrology,,
54f71fb0-aa1b-443a-8bc8-93b7f880fcab,19-180-24,"Dittel Urethral bougies and dilating sound",Surgical,Liver.GallBladde.KidneyandUrology,,
a7b3afb8-4ebe-4f27-8818-7a2a9175dbeb,19-180-25,"Dittel Urethral bougies and dilating sound",Surgical,Liver.GallBladde.KidneyandUrology,,
59dabc6f-5079-4190-950f-133fbee00dc3,19-180-26,"Dittel Urethral bougies and dilating sound",Surgical,Liver.GallBladde.KidneyandUrology,,
bbcd14e8-c000-4de7-9e44-15d922143e29,19-180-27,"Dittel Urethral bougies and dilating sound",Surgical,Liver.GallBladde.KidneyandUrology,,
b592a771-b2ad-432a-9fd6-90b8c9c43a63,19-180-28,"Dittel Urethral bougies and dilating sound",Surgical,Liver.GallBladde.KidneyandUrology,,
76a2d120-6315-4855-b5fb-f132e7b74bb2,19-180-29,"Dittel Urethral bougies and dilating sound",Surgical,Liver.GallBladde.KidneyandUrology,,
a124a632-ab0b-4c5c-9acf-f622fa02a255,19-180-30,"Dittel Urethral bougies and dilating sound",Surgical,Liver.GallBladde.KidneyandUrology,,
aed3b84d-a769-4069-b46f-58b8955a2a3a,19-181-09,"Dittel Urethral bougies and dilating sound",Surgical,Liver.GallBladde.KidneyandUrology,,
8dfe6a18-76d1-4e29-89e0-20984475f1fa,19-181-10,"Dittel Urethral bougies and dilating sound",Surgical,Liver.GallBladde.KidneyandUrology,,
d451d274-c684-4687-9de8-b48486296bcb,19-181-11,"Dittel Urethral bougies and dilating sound",Surgical,Liver.GallBladde.KidneyandUrology,,
bb5a66a5-e130-49c9-b034-cae58ee994e2,19-181-12,"Dittel Urethral bougies and dilating sound",Surgical,Liver.GallBladde.KidneyandUrology,,
e37365cf-d9a7-4d23-b1fe-c7e7aab9917a,19-181-13,"Dittel Urethral bougies and dilating sound",Surgical,Liver.GallBladde.KidneyandUrology,,
52e5842f-c7a3-4443-af3c-de7570c09a15,19-181-14,"Dittel Urethral bougies and dilating sound",Surgical,Liver.GallBladde.KidneyandUrology,,
4c84d422-37ad-4bfc-a9ee-07139f9d137e,19-181-15,"Dittel Urethral bougies and dilating sound",Surgical,Liver.GallBladde.KidneyandUrology,,
d36086ce-319e-4b97-b979-dadee7b5ea6f,19-181-16,"Dittel Urethral bougies and dilating sound",Surgical,Liver.GallBladde.KidneyandUrology,,
902b11f5-65bd-4201-885c-f5fd4515b81b,19-181-17,"Dittel Urethral bougies and dilating sound",Surgical,Liver.GallBladde.KidneyandUrology,,
512134f7-fe67-49c8-be78-7ff6272fd191,19-181-18,"Dittel Urethral bougies and dilating sound",Surgical,Liver.GallBladde.KidneyandUrology,,
812bfc8f-5dd4-4648-82dc-d4c976a58013,19-181-19,"Dittel Urethral bougies and dilating sound",Surgical,Liver.GallBladde.KidneyandUrology,,
b5fb9a84-fb01-4a99-ab36-28b4db7634ff,19-181-20,"Dittel Urethral bougies and dilating sound",Surgical,Liver.GallBladde.KidneyandUrology,,
ed2ba408-6ad3-424b-aa2d-d657496c38ba,19-181-21,"Dittel Urethral bougies and dilating sound",Surgical,Liver.GallBladde.KidneyandUrology,,
590e6e11-a138-4239-937e-6c0c37a60834,19-181-22,"Dittel Urethral bougies and dilating sound",Surgical,Liver.GallBladde.KidneyandUrology,,
a03461ea-46ba-4f6f-bfa3-fd51fec620d8,19-181-23,"Dittel Urethral bougies and dilating sound",Surgical,Liver.GallBladde.KidneyandUrology,,
8b1e5423-00ab-44fe-a54b-56dfb1f3647e,19-181-24,"Dittel Urethral bougies and dilating sound",Surgical,Liver.GallBladde.KidneyandUrology,,
519f3eb7-0ae5-4fad-9f86-5e283a5013b5,19-181-25,"Dittel Urethral bougies and dilating sound",Surgical,Liver.GallBladde.KidneyandUrology,,
c8634bc5-383c-4365-bf6b-cb0e5d1af010,19-181-26,"Dittel Urethral bougies and dilating sound",Surgical,Liver.GallBladde.KidneyandUrology,,
27fe4019-1409-4b46-b98c-66fce84d83a2,19-181-27,"Dittel Urethral bougies and dilating sound",Surgical,Liver.GallBladde.KidneyandUrology,,
d56bbc3c-b33e-4adc-ab87-b5f3e0ecd63a,19-181-28,"Dittel Urethral bougies and dilating sound",Surgical,Liver.GallBladde.KidneyandUrology,,
58b4e8a8-a3a4-4e0e-9d13-fb06decbba32,19-181-29,"Dittel Urethral bougies and dilating sound",Surgical,Liver.GallBladde.KidneyandUrology,,
48c37b1e-7a53-430b-a37f-c0dd6c9a1bae,19-181-30,"Dittel Urethral bougies and dilating sound",Surgical,Liver.GallBladde.KidneyandUrology,,
a81318df-08eb-48b5-9aa6-7c588bf4571c,19-182-08,"Dittel Metall bougies and dilating sound",Surgical,Liver.GallBladde.KidneyandUrology,,
2d5a9fd7-f486-44e7-b5a0-68d548ab6e41,19-182-09,"Dittel Metall bougies and dilating sound",Surgical,Liver.GallBladde.KidneyandUrology,,
240615f2-d4f7-45fa-afbe-c878f308c5bf,19-182-10,"Dittel Metall bougies and dilating sound",Surgical,Liver.GallBladde.KidneyandUrology,,
589b661a-0bab-480e-8996-9eb311eca13e,19-182-11,"Dittel Metall bougies and dilating sound",Surgical,Liver.GallBladde.KidneyandUrology,,
33772b48-5c64-4d4e-af40-948d0640b346,19-182-12,"Dittel Metall bougies and dilating sound",Surgical,Liver.GallBladde.KidneyandUrology,,
78bdc8a2-494b-4447-8edf-1421adb77317,19-182-13,"Dittel Metall bougies and dilating sound",Surgical,Liver.GallBladde.KidneyandUrology,,
606a65c4-d0e9-4094-98e4-c4e050974c64,19-182-14,"Dittel Metall bougies and dilating sound",Surgical,Liver.GallBladde.KidneyandUrology,,
331672a0-9f1b-409c-b40f-e3f72194fbb1,19-182-15,"Dittel Metall bougies and dilating sound",Surgical,Liver.GallBladde.KidneyandUrology,,
915d8854-27ce-4580-9f36-a239df6f95bb,19-182-16,"Dittel Metall bougies and dilating sound",Surgical,Liver.GallBladde.KidneyandUrology,,
20ad5c94-4691-495b-9685-c0e9d1097dd8,19-182-17,"Dittel Metall bougies and dilating sound",Surgical,Liver.GallBladde.KidneyandUrology,,
84e985a6-ab9c-4d79-8924-9aeed586850f,19-182-18,"Dittel Metall bougies and dilating sound",Surgical,Liver.GallBladde.KidneyandUrology,,
6628eb47-a96a-49be-bc44-333463d6bae3,19-182-19,"Dittel Metall bougies and dilating sound",Surgical,Liver.GallBladde.KidneyandUrology,,
9f16b393-19a3-40a3-9083-5ebab57b97ac,19-182-20,"Dittel Metall bougies and dilating sound",Surgical,Liver.GallBladde.KidneyandUrology,,
7b6938c8-e5d7-4246-8fcb-01763ab27195,19-182-21,"Dittel Metall bougies and dilating sound",Surgical,Liver.GallBladde.KidneyandUrology,,
66dbbb21-ae03-46f6-b456-0b2c29587974,19-182-22,"Dittel Metall bougies and dilating sound",Surgical,Liver.GallBladde.KidneyandUrology,,
da17e456-eee4-461d-ba4c-ce6347ab8798,19-182-23,"Dittel Metall bougies and dilating sound",Surgical,Liver.GallBladde.KidneyandUrology,,
c79dc7e7-3d1f-45cb-8c56-3be6095fc11a,19-182-24,"Dittel Metall bougies and dilating sound",Surgical,Liver.GallBladde.KidneyandUrology,,
0dbf9c25-36ec-499f-8533-29dc6c3663c6,19-182-25,"Dittel Metall bougies and dilating sound",Surgical,Liver.GallBladde.KidneyandUrology,,
e75faae9-e0d8-465f-aa21-13056f1770e2,19-182-26,"Dittel Metall bougies and dilating sound",Surgical,Liver.GallBladde.KidneyandUrology,,
17267035-3851-48aa-80d6-fa714e64af95,19-182-27,"Dittel Metall bougies and dilating sound",Surgical,Liver.GallBladde.KidneyandUrology,,
baec93fb-d672-40f1-9591-fd1cfee770dd,19-182-28,"Dittel Metall bougies and dilating sound",Surgical,Liver.GallBladde.KidneyandUrology,,
3ed6dcc2-4cdc-42c2-bd4f-01be502c0136,19-182-29,"Dittel Metall bougies and dilating sound",Surgical,Liver.GallBladde.KidneyandUrology,,
9b1374ec-7fcf-4a3c-952f-19c605ebc6c4,19-182-30,"Dittel Metall bougies and dilating sound",Surgical,Liver.GallBladde.KidneyandUrology,,
7c2fcb1e-a905-4eee-82ec-2f0c58c21e78,19-184-06,"Metal Catheter",Surgical,Liver.GallBladde.KidneyandUrology,,
8ab7d706-77ef-4d25-b041-81af28863160,19-184-10,"Metal Catheter",Surgical,Liver.GallBladde.KidneyandUrology,,
a93695e3-9891-4edb-a5a3-a42cdefb046a,19-184-12,"Metal Catheter",Surgical,Liver.GallBladde.KidneyandUrology,,
93e7d094-7662-488c-b5e4-7500d284710b,19-184-14,"Metal Catheter",Surgical,Liver.GallBladde.KidneyandUrology,,
25163bfc-47a4-4649-af76-cacafd32a353,19-184-16,"Metal Catheter",Surgical,Liver.GallBladde.KidneyandUrology,,
ca356519-a7ba-41e8-83ab-99861f47b11c,19-186-06,"Metal Catheter",Surgical,Liver.GallBladde.KidneyandUrology,,
eb9b11ac-6c2c-4c88-bca1-c88571b493d5,19-186-07,"Metal Catheter",Surgical,Liver.GallBladde.KidneyandUrology,,
35bdb0d0-b159-494b-8748-564a5036038b,19-186-08,"Metal Catheter",Surgical,Liver.GallBladde.KidneyandUrology,,
3aca3959-97fe-4460-8e6c-c3a59419c222,19-186-09,"Metal Catheter",Surgical,Liver.GallBladde.KidneyandUrology,,
85ae34f1-018c-4ac2-806f-8aba143edc9f,19-186-10,"Metal Catheter",Surgical,Liver.GallBladde.KidneyandUrology,,
4742ab7c-5b7f-4b12-be99-7fb7cb2aaff7,19-186-11,"Metal Catheter",Surgical,Liver.GallBladde.KidneyandUrology,,
88414c5a-11df-4e9f-8f0f-4ced96e5a8aa,19-186-12,"Metal Catheter",Surgical,Liver.GallBladde.KidneyandUrology,,
1fcab1f2-5d27-4977-a16e-240df38eaa9e,19-186-13,"Metal Catheter",Surgical,Liver.GallBladde.KidneyandUrology,,
2b670e28-ea5c-4e96-bd76-23bfbd98d737,19-186-14,"Metal Catheter",Surgical,Liver.GallBladde.KidneyandUrology,,
7684b261-1fa9-4517-9202-4e7491b27812,19-186-15,"Metal Catheter",Surgical,Liver.GallBladde.KidneyandUrology,,
59fbcdfd-77ff-4f22-93c7-296fff7df39e,19-186-16,"Metal Catheter",Surgical,Liver.GallBladde.KidneyandUrology,,
4841c42a-f723-4149-b09f-4a19ad37e820,19-186-18,"Metal Catheter",Surgical,Liver.GallBladde.KidneyandUrology,,
736657f2-152b-4592-b005-07d1afd55c8c,19-186-20,"Metal Catheter",Surgical,Liver.GallBladde.KidneyandUrology,,
f41ca5a9-14cd-4344-a61a-1b802c8910fb,19-190-07,"Desjardins Probes and catch",Surgical,Liver.GallBladde.KidneyandUrology,,
0e1ffcfc-e9fc-4a04-aeb7-0f8a7d632dd2,19-190-08,"Desjardins Probes and catch",Surgical,Liver.GallBladde.KidneyandUrology,,
97254456-2ad3-462d-b47e-b042a7509ba1,19-190-09,"Desjardins Probes and catch",Surgical,Liver.GallBladde.KidneyandUrology,,
e4de3e62-7874-4687-872d-2e5bfa6358d4,19-206-11,"Circumcision Gomco Clamp",Surgical,Liver.GallBladde.KidneyandUrology,,
309e831a-e341-4b1a-aa08-87eadc334a3f,19-206-13,"Circumcision Gomco Clamp",Surgical,Liver.GallBladde.KidneyandUrology,,
edd570dd-21cd-42e3-80e4-de959c39b0f5,19-206-16,"Circumcision Gomco Clamp",Surgical,Liver.GallBladde.KidneyandUrology,,
e731830c-b99f-4909-ae28-580a8b51d763,19-206-21,"Circumcision Gomco Clamp",Surgical,Liver.GallBladde.KidneyandUrology,,
72935cca-695c-49fb-ae49-f8ceb099ced1,19-206-26,"Circumcision Gomco Clamp",Surgical,Liver.GallBladde.KidneyandUrology,,
82c0b152-129a-4f9e-9b62-0002cfeebec8,19-206-32,"Circumcision Gomco Clamp",Surgical,Liver.GallBladde.KidneyandUrology,,
f30ebe1e-3082-4493-957f-f615ba51745c,19-212-90,"1 pair of flexible tubes (only)",Surgical,Liver.GallBladde.KidneyandUrology,,
227c3faa-162c-40fd-a3ad-70e6af029983,19-214-28,"Mathieu Foreign Body Forceps",Surgical,Liver.GallBladde.KidneyandUrology,,
4c2391ce-67c0-4536-a05d-fd0e9aa5c197,20-128-01,"Sims Vaginal Speculum",Surgical,Gynecology,,
664621f6-8f9d-40db-abb0-4125326d8050,20-128-02,"Sims Vaginal Speculum",Surgical,Gynecology,,
e3b1a80a-aecf-4c7d-b54d-b7db81c8445a,20-128-03,"Sims Vaginal Speculum",Surgical,Gynecology,,
889bdc3a-463e-4953-8051-aaafa8073ffd,20-178-01,"Scherbak Specula Blade",Surgical,Gynecology,,
